Report ID,Report Version,Reporting Entity,Report Type,Report Month,Report Year,Report Submission Date,VIN,VIN - Unknown,Serial Number,Make,Model,Model - Unknown,Model Year,Model Year - Unknown,Same Vehicle ID,Mileage,Mileage - Unknown,Driver / Operator Type,ADAS/ADS System Version,ADAS/ADS System Version - Unk,ADAS/ADS System Version CBI,ADAS/ADS Hardware Version,ADAS/ADS Hardware Version - Unk,ADAS/ADS Hardware Version CBI,ADAS/ADS Software Version,ADAS/ADS Software Version - Unk,ADAS/ADS Software Version CBI,Other Reporting Entities?,Other Reporting Entities? - Unk,Other Reporting Entities? - NA,Federal Regulatory Exemption?,Other Federal Reg. Exemption,Federal Reg. Exemption - Unk,Federal Reg. Exemption - No,State or Local Permit?,State or Local Permit,ADS Equipped?,Automation System Engaged?,Operating Entity,Operating Entity - Unknown,Source - Complaint/Claim,Source - Telematics,Source - Law Enforcement,Source - Field Report,Source - Testing,Source - Media,Source - Other,Source - Other Text,Incident Date,Incident Date - Unknown,Notice Received Date,Incident Time (24:00),Incident Time - Unknown,Same Incident ID,Latitude,Latitude - Unknown,Longitude,Longitude - Unknown,Address,Address - Unknown,City,City - Unknown,State,Zip Code,Zip Code - Unknown,Roadway Type,Roadway Surface,Roadway Description,Posted Speed Limit (MPH),Posted Speed Limit - Unknown,Lighting,Weather - Clear,Weather - Snow,Weather - Cloudy,Weather - Fog/Smoke,Weather - Rain,Weather - Severe Wind,Weather - Unknown,Weather - Other,Weather - Other Text,Crash With,Highest Injury Severity Alleged,Property Damage?,CP Pre-Crash Movement,CP Any Air Bags Deployed?,CP Was Vehicle Towed?,CP Contact Area - Rear Left,CP Contact Area - Left,CP Contact Area - Front Left,CP Contact Area - Rear,CP Contact Area - Top,CP Contact Area - Front,CP Contact Area - Rear Right,CP Contact Area - Right,CP Contact Area - Front Right,CP Contact Area - Bottom,CP Contact Area - Unknown,SV Pre-Crash Movement,SV Any Air Bags Deployed?,SV Was Vehicle Towed?,SV Were All Passengers Belted?,SV Precrash Speed (MPH),SV Pre-crash Speed - Unknown,SV Contact Area - Rear Left,SV Contact Area - Left,SV Contact Area - Front Left,SV Contact Area - Rear,SV Contact Area - Top,SV Contact Area - Front,SV Contact Area - Rear Right,SV Contact Area - Right,SV Contact Area - Front Right,SV Contact Area - Bottom,SV Contact Area - Unknown,Data Availability - EDR,Data Availability - Police Rpt,Data Availability - Telematics,Data Availability - Complaints,Data Availability - Video,Data Availability - Other,Data Availability - No Data,Data Availability - Unknown,Law Enforcement Investigating?,Investigating Agency,Investigating Agency - Unknown,Rep Ent Or Mfr Investigating?,Investigating Officer Name,Inv. Officer Name - Unknown,Investigating Officer Phone,Inv. Officer Phone - Unknown,Investigating Officer Email,Inv. Officer Email - Unknown,Within ODD?,Within ODD? - CBI,Narrative,Narrative - CBI?
13781-9208,1,"Tesla, Inc.",5-Day,,,NOV-2024,5YJ3E1EB8KF, ,N/A,Tesla,Model 3, ,2019, ,a20b86e08ff4ef2,127479, ,Consumer,"[REDACTED, MAY CONTAIN CONFIDENTIAL BUSINESS INFORMATION]", ,Y,"[REDACTED, MAY CONTAIN CONFIDENTIAL BUSINESS INFORMATION]", ,Y,"[REDACTED, MAY CONTAIN CONFIDENTIAL BUSINESS INFORMATION]", ,Y,,Y, ,,, ,Y,No,,No,ADAS,, ,Y, , , , , , ,,OCT-2024, ,NOV-2024,20:55, ,c48db78db6a7f16,[MAY CONTAIN PERSONALLY IDENTIFIABLE INFORMATION], ,[MAY CONTAIN PERSONALLY IDENTIFIABLE INFORMATION], ,[MAY CONTAIN PERSONALLY IDENTIFIABLE INFORMATION], ,Matthews, ,NC ,[MAY CONTAIN PERSONALLY IDENTIFIABLE INFORMATION], ,Highway / Freeway,Dry,"Other, see Narrative",70, ,Daylight,Y, , , , , , , ,,Unknown,Unknown,Yes,Unknown,Unknown,Unknown, , , , , , , , , , ,Y,Proceeding Straight,No,Yes,Unknown,15, , , , , , , , , , , ,Y,Y, ,Y,Y,Y,Y, , ,Unknown,,Y,Unknown,,Y,,Y,,Y,"[REDACTED, MAY CONTAIN CONFIDENTIAL BUSINESS INFORMATION]",Y,"[REDACTED, MAY CONTAIN CONFIDENTIAL BUSINESS INFORMATION]",Y
13781-9207,1,"Tesla, Inc.",5-Day,,,NOV-2024,5YJ3E1EB8MF, ,N/A,Tesla,Model 3, ,2021, ,e72af4a85bbaab4,47943, ,Consumer,"[REDACTED, MAY CONTAIN CONFIDENTIAL BUSINESS INFORMATION]", ,Y,"[REDACTED, MAY CONTAIN CONFIDENTIAL BUSINESS INFORMATION]", ,Y,"[REDACTED, MAY CONTAIN CONFIDENTIAL BUSINESS INFORMATION]", ,Y,,Y, ,,, ,Y,No,,No,ADAS,, , ,Y, , , , , ,,NOV-2024, ,NOV-2024,09:10, ,4271409f0de13f9,[MAY CONTAIN PERSONALLY IDENTIFIABLE INFORMATION], ,[MAY CONTAIN PERSONALLY IDENTIFIABLE INFORMATION], ,[MAY CONTAIN PERSONALLY IDENTIFIABLE INFORMATION], ,Upper Marlboro, ,MD ,[MAY CONTAIN PERSONALLY IDENTIFIABLE INFORMATION], ,Highway / Freeway,Dry,Unknown,65, ,Dark - Not Lighted,Y, , , , , , , ,,Unknown,Unknown,Yes,Unknown,Unknown,Unknown, , , , , , , , , , ,Y,Unknown,Unknown,Yes,Unknown,23, , , , , , , , , , , ,Y, , ,Y, ,Y,Y, , ,Unknown,,Y,Unknown,,Y,,Y,,Y,"[REDACTED, MAY CONTAIN CONFIDENTIAL BUSINESS INFORMATION]",Y,"[REDACTED, MAY CONTAIN CONFIDENTIAL BUSINESS INFORMATION]",Y
13781-9205,1,"Tesla, Inc.",5-Day,,,NOV-2024,5YJ3E1EA2RF, ,N/A,Tesla,Model 3, ,2024, ,3e7c66ba7a8b4ad,3826, ,Consumer,"[REDACTED, MAY CONTAIN CONFIDENTIAL BUSINESS INFORMATION]", ,Y,"[REDACTED, MAY CONTAIN CONFIDENTIAL BUSINESS INFORMATION]", ,Y,"[REDACTED, MAY CONTAIN CONFIDENTIAL BUSINESS INFORMATION]", ,Y,,Y, ,,, ,Y,No,,No,ADAS,, , ,Y, , , , , ,,NOV-2024, ,NOV-2024,15:14, ,d52a1349e78f93a,[MAY CONTAIN PERSONALLY IDENTIFIABLE INFORMATION], ,[MAY CONTAIN PERSONALLY IDENTIFIABLE INFORMATION], ,[MAY CONTAIN PERSONALLY IDENTIFIABLE INFORMATION], ,Dothan, ,AL ,[MAY CONTAIN PERSONALLY IDENTIFIABLE INFORMATION], ,Unknown,Unknown,Unknown,,Y,Unknown, , , , , , ,Y, ,,Unknown,Unknown,Yes,Unknown,Unknown,Unknown, , , , , , , , , , ,Y,Unknown,Yes,Unknown,Unknown,,Y, , , , , , , , , , ,Y,Y, ,Y, , ,Y, , ,Unknown,,Y,Unknown,,Y,,Y,,Y,"[REDACTED, MAY CONTAIN CONFIDENTIAL BUSINESS INFORMATION]",Y,"[REDACTED, MAY CONTAIN CONFIDENTIAL BUSINESS INFORMATION]",Y
13781-9202,1,"Tesla, Inc.",5-Day,,,NOV-2024,5YJSA1E22FF, ,N/A,Tesla,Model S, ,2015, ,62cc976c74d5202,,Y,Consumer,"[REDACTED, MAY CONTAIN CONFIDENTIAL BUSINESS INFORMATION]", ,Y,"[REDACTED, MAY CONTAIN CONFIDENTIAL BUSINESS INFORMATION]", ,Y,"[REDACTED, MAY CONTAIN CONFIDENTIAL BUSINESS INFORMATION]", ,Y,,Y, ,,, ,Y,No,,No,"Unknown, see Narrative",, , , , , , , ,Y,VOQ,NOV-2024, ,NOV-2024,,Y,ca36360670f04f7,[MAY CONTAIN PERSONALLY IDENTIFIABLE INFORMATION], ,[MAY CONTAIN PERSONALLY IDENTIFIABLE INFORMATION], ,[MAY CONTAIN PERSONALLY IDENTIFIABLE INFORMATION], ,Elmsford, ,NY ,[MAY CONTAIN PERSONALLY IDENTIFIABLE INFORMATION], ,Highway / Freeway,Unknown,Unknown,,Y,Unknown, , , , , , ,Y, ,,Unknown,No Injuries Reported,Yes,Unknown,Unknown,Unknown, , , , , , , , , , ,Y,Unknown,Yes,Yes,Unknown,66, , , , , , , , , , , ,Y,Y, ,Y, , ,Y, , ,Unknown,,Y,Unknown,,Y,,Y,,Y,"[REDACTED, MAY CONTAIN CONFIDENTIAL BUSINESS INFORMATION]",Y,"[REDACTED, MAY CONTAIN CONFIDENTIAL BUSINESS INFORMATION]",Y
10039-9040,2,"BMW of North America, LLC",10-Day Update,,,NOV-2024,WBA33EJ04RC, ,N/A,BMW,760i xDrive Sedan, ,2024, ,bae8245a741c806,,Y,Consumer,"[REDACTED, MAY CONTAIN CONFIDENTIAL BUSINESS INFORMATION]",Y,Y,"[REDACTED, MAY CONTAIN CONFIDENTIAL BUSINESS INFORMATION]",Y,Y,"[REDACTED, MAY CONTAIN CONFIDENTIAL BUSINESS INFORMATION]",Y,Y,,Y, ,,, ,Y,No,,No,"Unknown, see Narrative",, ,Y, , , , , , ,,SEP-2024, ,NOV-2024,,Y,a0027274e716a33,,Y,,Y,[MAY CONTAIN PERSONALLY IDENTIFIABLE INFORMATION], ,,Y,VA ,,Y,Unknown,Unknown,Unknown,,Y,Unknown, , , , , , ,Y, ,,"Other, see Narrative",Moderate,No,Unknown,Not Applicable,Not Applicable, , , , , , , , , , ,Y,Proceeding Straight,Yes,Yes,Unknown,,Y, , , , , , , , , , ,Y, , , , , , , ,Y,Unknown,,Y,Yes,,Y,,Y,,Y,"[REDACTED, MAY CONTAIN CONFIDENTIAL BUSINESS INFORMATION]",Y,"[REDACTED, MAY CONTAIN CONFIDENTIAL BUSINESS INFORMATION]",Y
62-9163,1,Honda (American Honda Motor Co.),Monthly,11,2024,NOV-2024,SHHFK7H64KU, ,N/A,HONDA,CIVIC, ,2019, ,a1bf8a51a967474,31824, ,Consumer,,Y, ,,Y, ,,Y, ,, ,Y,,, ,Y,Unknown,,No,ADAS,, ,Y, , , , , , ,,NOV-2024, ,NOV-2024,,Y,f3245ceb593b999,,Y,,Y,,Y,LOUISVILLE, ,OH ,[MAY CONTAIN PERSONALLY IDENTIFIABLE INFORMATION], ,Street,Dry,No Unusual Conditions,60, ,Daylight,Y, , , , , , , ,,"Other, see Narrative",No Injuries Reported,No,"Other, see Narrative",Not Applicable,Not Applicable, , , , , , , , , , ,Y,Proceeding Straight,No,No,Yes,60, , , , , , ,Y, , , , , , , , ,Y, , , , ,No,, ,No,, ,, ,, ,Yes, ,"The customer reported an accident on 11/[XXX]/24 around 2:30 PM while traveling west on a straight, open, four-lane country road at 55-60 MPH with ACC and LKAS engaged. ACC had been controlling the speed for 10-15 minutes, and LKAS was activated 60-90 seconds before the crash. After briefly looking away from the road, the vehicle suddenly veered right without warnings or vibrations from the lane system. Attempts to correct the steering were unsuccessful, and the vehicle crossed the white line, struck two signs, and entered a ditch, nearly rolling over. The LKAS icon showed unfilled lane markers, suggesting the system may have suspended. Conditions were clear, sunny, and dry, with visible road markings. The crash caused significant damage, including a puncture in the rear passenger door from a sign, damage to the front grille, hood, and C-pillar, and a coolant leak. The windshield was also damaged. EMTs responded, but the customer was uninjured. The vehicle is at a tow yard, and insurance is assessing it for a potential total loss. The customer requested a review of the vehicle systems to determine why LKAS and ACC failed to prevent the incident.",
1420-8520,2,"Volkswagen Group of America, Inc.",Update,,,NOV-2024,WVGTMPE29NP, ,n/a,Volkswagen,ID.4, ,2022, ,670e386fde9026c,18821, ,Consumer,EV_FRONTRADARCONTIVW310_003, , ,H03, , ,0234, , ,, ,Y,,, ,Y,No,,No,ADAS,, ,Y, , , , , , ,,SEP-2024, ,SEP-2024,,Y,e56b821797ec16c,,Y,,Y,,Y,,Y,FL ,,Y,Highway / Freeway,Unknown,Unknown,,Y,Unknown, , , , , , ,Y, ,,Other Fixed Object,No Injuries Reported,Yes,,,, , , , , , , , , , , ,Proceeding Straight,Yes,Yes,Yes,65, ,Y,Y, , , , , , , , , ,Y, , ,Y, , , , ,Unknown,,Y,Yes,,Y,,Y,,Y,Yes, ,"The customer/driver of the vehicle notified Volkswagen Group of America (VWGoA) of an incident that occurred while traveling on the highway with travel assist (SAE L2 system) activated. According to the customer, the vehicle hit a wall on the highway in which the side airbags deployed. There were no reported injuries, the vehicle was towed from the scene, and is currently in possession of the insurance company.  VWGoA is working with the insurance company to inspect the vehicle. Subsequent reports will be provided when additional details regarding this case become available.
11-15-2024 Update:  The insurance representative was interviewed and reported the tires as bald and the road conditions as wet and provided photos from the scene of the incident. VWGoA conducted an inspection of the vehicle on 11/4/2024. Examination of the exterior of the vehicle noted damage to the left rear quarter panel and left rear door. The left front and rear tires are flat and the condition of the tires is stated as worn in the front and rear, with the rear tires worn into the cords on the inside tread with 0% life remaining. The EDR data reflects 2 stored events recorded on the day of the incident for a total of 5 seconds of pre-crash data.  The vehicle was moving forward at 63 to 65mph from 5 seconds to 3.5 seconds before the collision with no service brake activation. At time of collision, the vehicle was moving at 30mph with no service brake activation by the driver, but ESC and ABS activation occurred.  VWGoA concludes that based upon physical inspection of the vehicle, the incident is a result of outside influence (worn tires in wet road conditions) and not a result of manufacturing shortcoming or OEM system malfunction.",
945-8805,2,"Nissan North America, Inc.",Update,,,NOV-2024,JN1DF0CD7PM, ,N/A,Nissan,Ariya, ,2023, ,db8c4aa56fc8514,,Y,Unknown,ProPilot Assist 2.0, , ,,Y, ,,Y, ,,Y, ,,,Y, ,Unknown,,No,ADAS,,Y, ,Y, , , , , ,,OCT-2024, ,OCT-2024,15:30, ,3170355e95105bc,[MAY CONTAIN PERSONALLY IDENTIFIABLE INFORMATION], ,[MAY CONTAIN PERSONALLY IDENTIFIABLE INFORMATION], ,,Y,Irving, ,TX ,,Y,Highway / Freeway,Unknown,Unknown,,Y,Daylight, , , , , , ,Y, ,,Unknown,Unknown,Unknown,Unknown,Unknown,Unknown, , , , , , , , , , ,Y,Unknown,Yes,Unknown,Unknown,26, , , , , , , , , , , ,Y, , ,Y, , , , , ,Unknown,,Y,Yes,,Y,,Y,,Y,"Unknown, see Narrative", ,The information contained in this report is based solely on Nissan's notification via telematics that a vehicle equipped with Pro Pilot Assist 2.0 was involved in an incident involving an air bag deployment.  The system was active in "hands-on" mode within 30 seconds of the incident.Nissan is currently examining its ability to provide additional details that may be protected by consumer privacy laws.Nissan is gathering additional information and will supplement with the monthly report. Nissan has not been contacted regarding this incident.,
1243-9080,1,"Subaru of America, Inc.",5-Day,,,NOV-2024,4S4WMAWDXR3, ,N/A,Subaru,Ascent, ,2024, ,eba0fa9370ce909,18886, ,Consumer,"[REDACTED, MAY CONTAIN CONFIDENTIAL BUSINESS INFORMATION]", ,Y,,Y, ,,Y, ,, ,Y,,, ,Y,No,,No,ADAS,, ,Y, , , , , , ,,NOV-2024, ,NOV-2024,22:09, ,52fc89774d1d342,[MAY CONTAIN PERSONALLY IDENTIFIABLE INFORMATION], ,[MAY CONTAIN PERSONALLY IDENTIFIABLE INFORMATION], ,[MAY CONTAIN PERSONALLY IDENTIFIABLE INFORMATION], ,Plainview, ,TX ,[MAY CONTAIN PERSONALLY IDENTIFIABLE INFORMATION], ,Rural Road,Dry,No Unusual Conditions,75, ,Dark - Not Lighted,Y, , , , , , , ,,Animal,No Injuries Reported,Yes,"Other, see Narrative",,, , , , , , , , , , , ,Proceeding Straight,Yes,Yes,Yes,78, , , ,Y, , ,Y, , , , , , , ,Y, , , , , ,Unknown,,Y,Unknown,,Y,,Y,,Y,"[REDACTED, MAY CONTAIN CONFIDENTIAL BUSINESS INFORMATION]",Y,"Based on the customer's statement, the subject vehicle was traveling southbound on [XXX} at 10:09 PM at 78 MPH with Adaptive Cruise Control (ACC) and Lane Centering (LCF) engaged when it struck a deer crossing the roadway. As a result of the impact, all of the airbags deployed. The customer indicated that upon pulling the vehicle to a stop on the side of the roadway, the vehicle caught on fire. All five occupants exited the vehicle and there were no reported injuries. The vehicle was towed from the scene.
[REDACTED, MAY CONTAIN CONFIDENTIAL BUSINESS INFORMATION]",Y
945-8258,6,"Nissan North America, Inc.",Update,,,NOV-2024,JN1DF0CD8PM, ,N/A,Nissan,Ariya, ,2023, ,4251607c87f8cc5,,Y,Consumer,ProPilot Assist 2.0, , ,,Y, ,,Y, ,,Y, ,,, ,Y,No,,No,ADAS,, , ,Y,Y, , ,Y, ,,JUL-2024, ,JUL-2024,18:18, ,399c1502fa3b000,[MAY CONTAIN PERSONALLY IDENTIFIABLE INFORMATION], ,[MAY CONTAIN PERSONALLY IDENTIFIABLE INFORMATION], ,,Y,Shelbyville, ,TN ,,Y,Highway / Freeway,Dry,No Unusual Conditions,55, ,Daylight,Y, , , , , , , ,,Heavy Truck,Fatality,Yes,Making Left Turn,No,Yes, , , , , , , , , ,Y, ,Proceeding Straight,Yes,Yes,"No, see Narrative",,Y,Y,Y,Y,Y,Y,Y,Y,Y,Y, , ,Y,Y,Y, ,Y, , , ,Yes,Tennessee Highway Patrol, ,Yes,[MAY CONTAIN PERSONALLY IDENTIFIABLE INFORMATION], ,,Y,[MAY CONTAIN PERSONALLY IDENTIFIABLE INFORMATION], ,"No, see Narrative", ,"On July 29, 2024 Nissan learned of a news article reporting on July 25th of an accident involving an Ariya.  The incident reportedly took place at the intersection of [XXX] and [XXX] in Shelbyville, TN, both of which are not limited access highways. On July 31, 2024 Nissan determined that ProPilot Assist 1.0 was active (""hands-on"" mode) within 30 seconds of the incident. Telematics data was last transmitted approximately 1,500 ft before the intersection. No crash notification was transmitted at the time of the incident.
Based on information in the news report, on Monday July [XXX], 2024, the driver of the Ariya was traveling north on [XXX] approaching an intersection with [XXX]. A tractor-trailer that was reportedly traveling west from [XXX] pulled out in front of the Nissan Ariya. According to the report the Ariya traveled underneath the trailer and continued approximately 100 yards before coming to a stop. The driver and passenger of the Ariya reportedly sustained fatal injuries. The tractor-trailer driver was reported not injured.
According to the police report, at approximately 6:15 p.m. on The police report states that the Nissan Ariya collided with the left rear side of the trailer and continued traveling north into the median.  According to the police report: the Ariya driver and passenger sustained fatal injuries and had to be extricated from the vehicle multiple airbags were deployed the passenger's seat belt use was ""improper"" the Ariya driver was belted and the tractor trailer driver was operating with a disqualified license.
Nissan obtained vehicle EDR from law enforcement. That data indicated that the speed at impact was 53.4 mph, with no pre-impact brake application. 
Nissan conducted a preliminary, non-destructive inspection on August 6, 2024. The vehicle had been stored in the open air and uncovered until August 3, 2024.  Various components were stored by the junkyard in an unidentified location and made available for inspection.  The vehicles condition is consistent with underride of the tractor trailer and extrication. 
The driver seatbelt was found buckled with the lap portion routed behind the seat, the pretensioner having activated and shoulder-belt webbing cut near the d-ring location. The passenger seatbelt was buckled, with both lap and shoulder belt pulled tight against the seat back, with the pretensioner having activated. 
Nissan was able to collect the vehicles ADAS control unit and Lane Camera assembly. Nissan was unable to download additional data from either system due to the nature of the incident which resulted in an immediate loss of supplied power to the assemblies, and consequently prevented event data from being stored in memory.
Nissan conducted an inspection of the trailer on October 9th. No findings during the inspection changed our understanding of the incident.
Nissan is continuing to analyze information regarding this incident.",
13781-9136,1,"Tesla, Inc.",5-Day,,,NOV-2024,5YJ3E1EA4RF, ,N/A,Tesla,Model 3, ,2024, ,6f62f24c32e26df,4370, ,Consumer,"[REDACTED, MAY CONTAIN CONFIDENTIAL BUSINESS INFORMATION]", ,Y,"[REDACTED, MAY CONTAIN CONFIDENTIAL BUSINESS INFORMATION]", ,Y,"[REDACTED, MAY CONTAIN CONFIDENTIAL BUSINESS INFORMATION]", ,Y,,Y, ,,, ,Y,No,,No,ADAS,, , ,Y, , , , , ,,NOV-2024, ,NOV-2024,17:14, ,2ab113502b8b717,[MAY CONTAIN PERSONALLY IDENTIFIABLE INFORMATION], ,[MAY CONTAIN PERSONALLY IDENTIFIABLE INFORMATION], ,[MAY CONTAIN PERSONALLY IDENTIFIABLE INFORMATION], ,Worcester, ,MA ,[MAY CONTAIN PERSONALLY IDENTIFIABLE INFORMATION], ,Unknown,Unknown,Unknown,35, ,Unknown, , , , , , ,Y, ,,Unknown,Unknown,Yes,Unknown,Unknown,Unknown, , , , , , , , , , ,Y,Unknown,Yes,Unknown,Unknown,30, , , , , , , , , , , ,Y,Y, ,Y, , ,Y, , ,Unknown,,Y,Unknown,,Y,,Y,,Y,"[REDACTED, MAY CONTAIN CONFIDENTIAL BUSINESS INFORMATION]",Y,"[REDACTED, MAY CONTAIN CONFIDENTIAL BUSINESS INFORMATION]",Y
13781-9135,1,"Tesla, Inc.",5-Day,,,NOV-2024,7G2CEHED2RA, ,N/A,Tesla,Cybertruck, ,2024, ,0e162ab572d5ce5,5206, ,Consumer,"[REDACTED, MAY CONTAIN CONFIDENTIAL BUSINESS INFORMATION]", ,Y,"[REDACTED, MAY CONTAIN CONFIDENTIAL BUSINESS INFORMATION]", ,Y,"[REDACTED, MAY CONTAIN CONFIDENTIAL BUSINESS INFORMATION]", ,Y,,Y, ,,, ,Y,No,,No,ADAS,, , ,Y, , , , , ,,NOV-2024, ,NOV-2024,17:34, ,0ba78e8d642badc,[MAY CONTAIN PERSONALLY IDENTIFIABLE INFORMATION], ,[MAY CONTAIN PERSONALLY IDENTIFIABLE INFORMATION], ,[MAY CONTAIN PERSONALLY IDENTIFIABLE INFORMATION], ,Bothell, ,WA ,[MAY CONTAIN PERSONALLY IDENTIFIABLE INFORMATION], ,Unknown,Unknown,Unknown,35, ,Unknown, , , , , , ,Y, ,,Unknown,Unknown,Yes,Unknown,Unknown,Unknown, , , , , , , , , , ,Y,Unknown,Yes,Unknown,Unknown,12, , , , , , , , , , , ,Y,Y, ,Y, , ,Y, , ,Unknown,,Y,Unknown,,Y,,Y,,Y,"[REDACTED, MAY CONTAIN CONFIDENTIAL BUSINESS INFORMATION]",Y,"[REDACTED, MAY CONTAIN CONFIDENTIAL BUSINESS INFORMATION]",Y
13781-9133,1,"Tesla, Inc.",5-Day,,,NOV-2024,5YJ3E1EB0MF, ,N/A,Tesla,Model 3, ,2021, ,8d88265357c5fa6,110839, ,Consumer,"[REDACTED, MAY CONTAIN CONFIDENTIAL BUSINESS INFORMATION]", ,Y,"[REDACTED, MAY CONTAIN CONFIDENTIAL BUSINESS INFORMATION]", ,Y,"[REDACTED, MAY CONTAIN CONFIDENTIAL BUSINESS INFORMATION]", ,Y,,Y, ,,, ,Y,No,,No,ADAS,, , ,Y, , , , , ,,NOV-2024, ,NOV-2024,00:16, ,25c0fe9ef8ef143,[MAY CONTAIN PERSONALLY IDENTIFIABLE INFORMATION], ,[MAY CONTAIN PERSONALLY IDENTIFIABLE INFORMATION], ,[MAY CONTAIN PERSONALLY IDENTIFIABLE INFORMATION], ,Defuniak Springs, ,FL ,[MAY CONTAIN PERSONALLY IDENTIFIABLE INFORMATION], ,Intersection,Dry,No Unusual Conditions,45, ,Dark - Not Lighted,Y, , , , , , , ,,SUV,Unknown,Yes,Proceeding Straight,Unknown,Unknown, , ,Y, , ,Y, , ,Y, , ,Proceeding Straight,Yes,Unknown,Unknown,58, , ,Y,Y, , , , , , , , ,Y, ,Y, ,Y,Y, , ,Unknown,,Y,Unknown,,Y,,Y,,Y,"[REDACTED, MAY CONTAIN CONFIDENTIAL BUSINESS INFORMATION]",Y,"[REDACTED, MAY CONTAIN CONFIDENTIAL BUSINESS INFORMATION]",Y