Report ID,Report Version,Reporting Entity,Report Type,Report Month,Report Year,Report Submission Date,VIN,VIN - Unknown,Serial Number,Make,Model,Model - Unknown,Model Year,Model Year - Unknown,Same Vehicle ID,Mileage,Mileage - Unknown,Driver / Operator Type,ADAS/ADS System Version,ADAS/ADS System Version - Unk,ADAS/ADS System Version CBI,ADAS/ADS Hardware Version,ADAS/ADS Hardware Version - Unk,ADAS/ADS Hardware Version CBI,ADAS/ADS Software Version,ADAS/ADS Software Version - Unk,ADAS/ADS Software Version CBI,Other Reporting Entities?,Other Reporting Entities? - Unk,Other Reporting Entities? - NA,Federal Regulatory Exemption?,Other Federal Reg. Exemption,Federal Reg. Exemption - Unk,Federal Reg. Exemption - No,State or Local Permit?,State or Local Permit,ADS Equipped?,Automation System Engaged?,Operating Entity,Operating Entity - Unknown,Source - Complaint/Claim,Source - Telematics,Source - Law Enforcement,Source - Field Report,Source - Testing,Source - Media,Source - Other,Source - Other Text,Incident Date,Incident Date - Unknown,Notice Received Date,Incident Time (24:00),Incident Time - Unknown,Same Incident ID,Latitude,Latitude - Unknown,Longitude,Longitude - Unknown,Address,Address - Unknown,City,City - Unknown,State,Zip Code,Zip Code - Unknown,Roadway Type,Roadway Surface,Roadway Description,Posted Speed Limit (MPH),Posted Speed Limit - Unknown,Lighting,Weather - Clear,Weather - Snow,Weather - Cloudy,Weather - Fog/Smoke,Weather - Rain,Weather - Severe Wind,Weather - Unknown,Weather - Other,Weather - Other Text,Crash With,Highest Injury Severity Alleged,Property Damage?,CP Pre-Crash Movement,CP Any Air Bags Deployed?,CP Was Vehicle Towed?,CP Contact Area - Rear Left,CP Contact Area - Left,CP Contact Area - Front Left,CP Contact Area - Rear,CP Contact Area - Top,CP Contact Area - Front,CP Contact Area - Rear Right,CP Contact Area - Right,CP Contact Area - Front Right,CP Contact Area - Bottom,CP Contact Area - Unknown,SV Pre-Crash Movement,SV Any Air Bags Deployed?,SV Was Vehicle Towed?,SV Were All Passengers Belted?,SV Precrash Speed (MPH),SV Pre-crash Speed - Unknown,SV Contact Area - Rear Left,SV Contact Area - Left,SV Contact Area - Front Left,SV Contact Area - Rear,SV Contact Area - Top,SV Contact Area - Front,SV Contact Area - Rear Right,SV Contact Area - Right,SV Contact Area - Front Right,SV Contact Area - Bottom,SV Contact Area - Unknown,Data Availability - EDR,Data Availability - Police Rpt,Data Availability - Telematics,Data Availability - Complaints,Data Availability - Video,Data Availability - Other,Data Availability - No Data,Data Availability - Unknown,Law Enforcement Investigating?,Investigating Agency,Investigating Agency - Unknown,Rep Ent Or Mfr Investigating?,Investigating Officer Name,Inv. Officer Name - Unknown,Investigating Officer Phone,Inv. Officer Phone - Unknown,Investigating Officer Email,Inv. Officer Email - Unknown,Within ODD?,Within ODD? - CBI,Narrative,Narrative - CBI?
13781-8843,1,"Tesla, Inc.",5-Day,,,OCT-2024,5YJSA1E20LF, ,N/A,Tesla,Model S, ,2020, ,0745b43831c2dd3,34392, ,Consumer,"[REDACTED, MAY CONTAIN CONFIDENTIAL BUSINESS INFORMATION]", ,Y,"[REDACTED, MAY CONTAIN CONFIDENTIAL BUSINESS INFORMATION]", ,Y,"[REDACTED, MAY CONTAIN CONFIDENTIAL BUSINESS INFORMATION]", ,Y,,Y, ,,, ,Y,No,,No,ADAS,, ,Y, , , , , , ,,SEP-2024, ,OCT-2024,16:48, ,fa0985aebdcc7ce,,Y,,Y,[MAY CONTAIN PERSONALLY IDENTIFIABLE INFORMATION], ,Pittsburgh, ,PA ,[MAY CONTAIN PERSONALLY IDENTIFIABLE INFORMATION], ,Highway / Freeway,Unknown,Unknown,40, ,Unknown, , , , , , ,Y, ,,Other Fixed Object,No Injuries Reported,Yes,,,, , , , , , , , , , , ,Unknown,Unknown,Yes,Unknown,46, , , , , , , , , , , ,Y, , , ,Y, ,Y, , ,Unknown,,Y,Unknown,,Y,,Y,,Y,"[REDACTED, MAY CONTAIN CONFIDENTIAL BUSINESS INFORMATION]",Y,"[REDACTED, MAY CONTAIN CONFIDENTIAL BUSINESS INFORMATION]",Y
13781-8836,1,"Tesla, Inc.",5-Day,,,OCT-2024,7SAYGDED3PF, ,N/A,Tesla,Model Y, ,2023, ,7b0fb2dba22b3dd,6429, ,Consumer,"[REDACTED, MAY CONTAIN CONFIDENTIAL BUSINESS INFORMATION]", ,Y,"[REDACTED, MAY CONTAIN CONFIDENTIAL BUSINESS INFORMATION]", ,Y,"[REDACTED, MAY CONTAIN CONFIDENTIAL BUSINESS INFORMATION]", ,Y,,Y, ,,, ,Y,No,,No,ADAS,, ,Y, , , , , , ,,AUG-2024, ,OCT-2024,00:24, ,fdbe2fe03e28cce,,Y,,Y,[MAY CONTAIN PERSONALLY IDENTIFIABLE INFORMATION], ,Fairfax, ,VA ,[MAY CONTAIN PERSONALLY IDENTIFIABLE INFORMATION], ,Unknown,Unknown,Unknown,,Y,Unknown, , , , , , ,Y, ,,Other Fixed Object,No Injuries Reported,Yes,,,, , , , , , , , , , , ,Unknown,Unknown,Yes,Unknown,20, , , , , , , , , , ,Y, , , , ,Y, ,Y, , ,Unknown,,Y,Unknown,,Y,,Y,,Y,"[REDACTED, MAY CONTAIN CONFIDENTIAL BUSINESS INFORMATION]",Y,"[REDACTED, MAY CONTAIN CONFIDENTIAL BUSINESS INFORMATION]",Y
13781-8834,1,"Tesla, Inc.",5-Day,,,OCT-2024,7SAYGAEE3PF, ,N/A,Tesla,Model Y, ,2023, ,d442c799d9d94b7,,Y,Consumer,"[REDACTED, MAY CONTAIN CONFIDENTIAL BUSINESS INFORMATION]", ,Y,"[REDACTED, MAY CONTAIN CONFIDENTIAL BUSINESS INFORMATION]", ,Y,"[REDACTED, MAY CONTAIN CONFIDENTIAL BUSINESS INFORMATION]", ,Y,,Y, ,,, ,Y,No,,No,"Unknown, see Narrative",, , , , , , , ,Y,VOQ,AUG-2024, ,OCT-2024,06:31, ,9d1c1f258328d2a,[MAY CONTAIN PERSONALLY IDENTIFIABLE INFORMATION], ,[MAY CONTAIN PERSONALLY IDENTIFIABLE INFORMATION], ,[MAY CONTAIN PERSONALLY IDENTIFIABLE INFORMATION], ,South Richmond Hill, ,NY ,[MAY CONTAIN PERSONALLY IDENTIFIABLE INFORMATION], ,Unknown,Unknown,Unknown,,Y,Unknown, , , , , , ,Y, ,,Unknown,Unknown,Yes,Unknown,Unknown,Unknown, , , , , , , , , , ,Y,Unknown,Yes,Unknown,Unknown,,Y, , , , , , , , , , ,Y, , ,Y, , , , , ,Unknown,,Y,Unknown,,Y,,Y,,Y,"[REDACTED, MAY CONTAIN CONFIDENTIAL BUSINESS INFORMATION]",Y,"[REDACTED, MAY CONTAIN CONFIDENTIAL BUSINESS INFORMATION]",Y
1306-8084,3,Toyota Motor Engineering & Manufacturing,Update,,,OCT-2024,4T1JZ1FB1NU, ,n/a,Toyota,Avalon, ,2022, ,17088324119c28f,48204, ,Consumer,Toyota Safety Sense 2.5+, , ,Due to multiple ECUs no version can be described, , ,Due to multiple ECUs no version can be described, , ,,Y, ,,, ,Y,Unknown,,No,"Unknown, see Narrative",, ,Y, , ,Y, , ,Y,"EDR, Vehicle Control History",JUN-2024, ,JUL-2024,16:30, ,0b9165a1055309c,,Y,,Y,,Y,Phoenix, ,AZ ,,Y,Street,Dry,Unknown,45, ,Daylight,Y, , , , , , , ,,Other Fixed Object,Unknown,Unknown,,,, , , , , , , , , , , ,Proceeding Straight,Yes,Yes,Yes,47, , , ,Y, , ,Y, , ,Y, , ,Y, , ,Y, ,Y, , ,Unknown,,Y,Yes,,Y,,Y,,Y,"Unknown, see Narrative", ,"On July 11, 2024, Toyota received an initial contact from an Enterprise Rental Car claim representative alleging that, ""one of there guest had an accident and states it was the fault of lane assist.""
On July [XXX], 2024, Toyota contacted the Enterprise Rental Car claim representative to obtain additional details regarding the alleged incident. According to that contact, ""The rental driver was only occupant traveling about 45mph had cruise control engaged and was traveling straight, there was a slight curve in the road and while intending to follow the right curve of the road the vehicle pulled hard to the left causing her to hit a sign and a light pole and the vehicle is a total loss. There are injuries being reported - taken to the hospital for soft tissue injuries and laceration to forehead, upper neck, right arm and both legs.""
On September 23, 2024, Toyota completed a field report related to the vehicle inspection for this incident. Based on Event Data Recorder (EDR) and Vehicle Control History (VCH) data obtained from the vehicle, it was confirmed the vehicle was not operating with ADAS level 2 engagement in the recorded moments (approximately 5 seconds) leading up to the crash event. Driver injuries specified in the field report were, ""Soft tissue injuries to neck, laceration to the forehead and front of neck, right arm and both right and left legs.""",
1243-8675,2,"Subaru of America, Inc.",Update,,,OCT-2024,4S4BTGUD3N3, ,N/A,Subaru,Outback, ,2022, ,49eb37ebd94f8e6,69653, ,Consumer,"[REDACTED, MAY CONTAIN CONFIDENTIAL BUSINESS INFORMATION]", ,Y,,Y, ,,Y, ,, ,Y,,, ,Y,No,,No,ADAS,, ,Y, , , , , , ,,SEP-2024, ,SEP-2024,17:00, ,e1733c89d4f6cac,,Y,,Y,[MAY CONTAIN PERSONALLY IDENTIFIABLE INFORMATION], ,,Y,UT ,,Y,Highway / Freeway,Dry,No Unusual Conditions,80, ,Daylight,Y, , , , , , , ,,"Other, see Narrative",Minor,Yes,"Other, see Narrative",Not Applicable,Not Applicable, , , , , , , , , , ,Y,Passing,Yes,Yes,Yes,80, ,Y,Y,Y,Y,Y,Y,Y,Y,Y, , , , , , , , ,Y, ,Unknown,,Y,No,,Y,,Y,,Y,"[REDACTED, MAY CONTAIN CONFIDENTIAL BUSINESS INFORMATION]",Y,"The customer stated that the subject vehicle was traveling westbound on [XXX] between Grand Junction, CO and West Moab, UT at 80 MPH with Adaptive Cruise Control (ACC) and Lane Centering (LCF) engaged. As the vehicle approached two slower moving tractor trailers, the driver changed lanes from the right-hand lane to the left-hand lane. The customer stated that, once in the left-hand lane, he judged the vehicle traveling too far to the right and made a quick turn of the steering wheel to the left. In doing so, the customer stated that he oversteered the vehicle, causing the vehicle to leave the roadway and rollover. The curtain airbags deployed. The customer was assessed by EMTs and released after declining transportation to the hospital. The vehicle was towed from the scene.
Subaru was unable to gain access to inspect the subject vehicle. The customer became unresponsive.",
1243-8486,2,"Subaru of America, Inc.",Update,,,OCT-2024,JF2SKAMC7NH, ,N/A,Subaru,Forester, ,2022, ,5d33dcc7d207b40,29200, ,Consumer,"[REDACTED, MAY CONTAIN CONFIDENTIAL BUSINESS INFORMATION]", ,Y,,Y, ,,Y, ,, ,Y,,, ,Y,No,,No,ADAS,, ,Y, , , , , , ,,AUG-2024, ,AUG-2024,23:00, ,b0d904f672fe0c9,[MAY CONTAIN PERSONALLY IDENTIFIABLE INFORMATION], ,[MAY CONTAIN PERSONALLY IDENTIFIABLE INFORMATION], ,[MAY CONTAIN PERSONALLY IDENTIFIABLE INFORMATION], ,Napavine, ,WA ,[MAY CONTAIN PERSONALLY IDENTIFIABLE INFORMATION], ,Rural Road,Dry,No Unusual Conditions,25, ,Dark - Unknown Lighting,Y, , , , , , , ,,Other Fixed Object,Minor,Yes,,,, , , , , , , , , , , ,Proceeding Straight,Yes,Yes,Yes,25, ,Y,Y,Y, ,Y,Y,Y,Y,Y, , , , ,Y, , , , , ,Unknown,,Y,No,,Y,,Y,,Y,"[REDACTED, MAY CONTAIN CONFIDENTIAL BUSINESS INFORMATION]",Y,"According to the customer's statements, the subject vehicle was traveling on [XXX] at 11PM on Sunday, 8/[XXX]/2024 at a speed of 25 MPH with Adaptive Cruise Control (ACC) and Lane Centering (LCF) engaged. The customer alleged that the vehicle steered toward a barrier. The vehicle struck the barrier, left the roadway into a ditch and rolled over. The vehicle sustained impact damage to the front left quarter and rollover damage to both sides, roof and hood. The customer stated that she was wearing a seatbelt but remembered regaining consciousness in the rear seat. The customer indicated she was treated for minor injuries but was not transported to the hospital. The curtain airbags deployed. The vehicle was towed from the scene.
Subaru was not able to inspect the subject vehicle. The customer was uninsured at the time of the incident and the tow company indicated the vehicle could not be made available as it was scheduled to be sent to auction. The customer did not provide a requested copy of the police report.
A review of the incident location indicated that the short section of [XXX] that would have been travelled by the vehicle has been an area of a number of construction/development projects. Subaru was unable to determine the condition of the roadway or lane markings at the time of the incident.",
945-8805,1,"Nissan North America, Inc.",5-Day,,,OCT-2024,JN1DF0CD7PM, ,N/A,Nissan,Ariya, ,2023, ,db8c4aa56fc8514,,Y,Unknown,ProPilot Assist 2.0, , ,,Y, ,,Y, ,,Y, ,,,Y, ,Unknown,,No,ADAS,,Y, ,Y, , , , , ,,OCT-2024, ,OCT-2024,15:30, ,3170355e95105bc,[MAY CONTAIN PERSONALLY IDENTIFIABLE INFORMATION], ,[MAY CONTAIN PERSONALLY IDENTIFIABLE INFORMATION], ,,Y,Irving, ,TX ,,Y,Highway / Freeway,Unknown,Unknown,,Y,Daylight, , , , , , ,Y, ,,Unknown,Unknown,Unknown,Unknown,Unknown,Unknown, , , , , , , , , , ,Y,Unknown,Yes,Unknown,Unknown,26, , , , , , , , , , , ,Y, , ,Y, , , , , ,Unknown,,Y,Yes,,Y,,Y,,Y,"Unknown, see Narrative", ,The information contained in this report is based solely on Nissan's notification via telematics that a vehicle equipped with Pro Pilot Assist 2.0 was involved in an incident involving an air bag deployment.  The system was active in "hands-on" mode within 30 seconds of the incident.Nissan is currently examining its ability to provide additional details that may be protected by consumer privacy laws.Nissan is gathering additional information and will supplement with the monthly report. Nissan has not been contacted regarding this incident.,
502-8774,1,Ford Motor Company,5-Day,,,OCT-2024,1FTFW3LDXRF, ,N/A,Ford,F-150, ,2024, ,1e9f3f91ea34480,7268, ,Consumer,CoPilot360 Assist 2.0 with BlueCruise, , ,RL3T-14H107-FB, , ,RC5T-14H102-ABG, , ,, ,Y,,, ,Y,No,,No,ADAS,, ,Y, , , , , , ,,OCT-2024, ,OCT-2024,15:05, ,6c6ab6b0869143c,,Y,,Y,[MAY CONTAIN PERSONALLY IDENTIFIABLE INFORMATION], ,Houston, ,TX ,[MAY CONTAIN PERSONALLY IDENTIFIABLE INFORMATION], ,Highway / Freeway,Dry,No Unusual Conditions,60, ,Daylight,Y, , , , , , , ,,Passenger Car,No Injuries Reported,Yes,Proceeding Straight,Yes,Yes, , ,Y, , ,Y, , ,Y, , ,Stopped,No,No,Yes,0, , , , ,Y, , , , , , , , , , , , , ,Y, ,No,, ,Yes,, ,, ,, ,Yes, ,"On October [XXX], 2024, the driver of the F-150 was traveling east on [XXX] while using BlueCruise hands-free mode. The driver noticed traffic ahead was beginning to back up and BlueCruise initiated braking, the driver took control of the vehicle, bringing it to a stop. A following Chevy Impala failed to stop and collided with the rear of the F-150. There were no reported injuries the airbags in the Impala deployed, and it was towed from the scene, while the F-150 had no airbags deployed and did not require towing.
Ford is currently investigating the situation and has confirmed that the vehicle was equipped with ADAS Level 2 and BlueCruise.",
13781-8792,1,"Tesla, Inc.",1-Day,,,OCT-2024,5YJ3E1EB0MF, ,N/A,Tesla,Model 3, ,2021, ,357d58e21fa8dd5,5642, ,Consumer,"[REDACTED, MAY CONTAIN CONFIDENTIAL BUSINESS INFORMATION]", ,Y,"[REDACTED, MAY CONTAIN CONFIDENTIAL BUSINESS INFORMATION]", ,Y,"[REDACTED, MAY CONTAIN CONFIDENTIAL BUSINESS INFORMATION]", ,Y,,Y, ,,, ,Y,No,,No,ADAS,, , , , , , , ,Y,Data Privacy Request,OCT-2024, ,OCT-2024,03:51, ,7ce11b54a0b5a57,,Y,,Y,,Y,,Y,IL ,,Y,Unknown,Unknown,Unknown,,Y,Unknown, , , , , , ,Y, ,,Passenger Car,Unknown,Yes,Unknown,Unknown,Unknown, , , , , , , , , , ,Y,Unknown,Unknown,Yes,Unknown,,Y, , , , , , , , , , ,Y, , , , ,Y,Y, , ,Unknown,,Y,Unknown,,Y,,Y,,Y,"[REDACTED, MAY CONTAIN CONFIDENTIAL BUSINESS INFORMATION]",Y,"[REDACTED, MAY CONTAIN CONFIDENTIAL BUSINESS INFORMATION]",Y
13781-8791,1,"Tesla, Inc.",5-Day,,,OCT-2024,5YJ3E1EA6LF, ,N/A,Tesla,Model 3, ,2020, ,6150740d2ab71d8,76936, ,Consumer,"[REDACTED, MAY CONTAIN CONFIDENTIAL BUSINESS INFORMATION]", ,Y,"[REDACTED, MAY CONTAIN CONFIDENTIAL BUSINESS INFORMATION]", ,Y,"[REDACTED, MAY CONTAIN CONFIDENTIAL BUSINESS INFORMATION]", ,Y,,Y, ,,, ,Y,No,,No,ADAS,, , ,Y, , , , , ,,OCT-2024, ,OCT-2024,16:47, ,0dfaccfa687be3d,[MAY CONTAIN PERSONALLY IDENTIFIABLE INFORMATION], ,[MAY CONTAIN PERSONALLY IDENTIFIABLE INFORMATION], ,[MAY CONTAIN PERSONALLY IDENTIFIABLE INFORMATION], ,Orlando, ,FL ,[MAY CONTAIN PERSONALLY IDENTIFIABLE INFORMATION], ,Street,Wet,No Unusual Conditions,30, ,Daylight, , ,Y, ,Y, , , ,,Pickup Truck,Unknown,Yes,Proceeding Straight,Unknown,Unknown, , ,Y, , , , , , , , ,Lane / Road Departure,Yes,Unknown,Unknown,4, , , , , , , , , ,Y, , ,Y, ,Y, ,Y,Y, , ,Unknown,,Y,Unknown,,Y,,Y,,Y,"[REDACTED, MAY CONTAIN CONFIDENTIAL BUSINESS INFORMATION]",Y,"[REDACTED, MAY CONTAIN CONFIDENTIAL BUSINESS INFORMATION]",Y
13781-8790,1,"Tesla, Inc.",5-Day,,,OCT-2024,5YJ3E1EA8RF, ,N/A,Tesla,Model 3, ,2024, ,5a409a5c3761051,5958, ,Consumer,"[REDACTED, MAY CONTAIN CONFIDENTIAL BUSINESS INFORMATION]", ,Y,"[REDACTED, MAY CONTAIN CONFIDENTIAL BUSINESS INFORMATION]", ,Y,"[REDACTED, MAY CONTAIN CONFIDENTIAL BUSINESS INFORMATION]", ,Y,,Y, ,,, ,Y,No,,No,ADAS,, , ,Y, , , , , ,,OCT-2024, ,OCT-2024,03:45, ,5d62b1b59230122,[MAY CONTAIN PERSONALLY IDENTIFIABLE INFORMATION], ,[MAY CONTAIN PERSONALLY IDENTIFIABLE INFORMATION], ,[MAY CONTAIN PERSONALLY IDENTIFIABLE INFORMATION], ,Catonsville, ,MD ,[MAY CONTAIN PERSONALLY IDENTIFIABLE INFORMATION], ,Highway / Freeway,Dry,Unknown,55, ,Dark - Lighted,Y, , , , , , , ,,Unknown,Unknown,Yes,Unknown,Unknown,Unknown, , , , , , , , , , ,Y,Unknown,Yes,Unknown,Unknown,,Y, , , , , , , , , , ,Y,Y, ,Y, ,Y,Y, , ,Unknown,,Y,Unknown,,Y,,Y,,Y,"[REDACTED, MAY CONTAIN CONFIDENTIAL BUSINESS INFORMATION]",Y,"[REDACTED, MAY CONTAIN CONFIDENTIAL BUSINESS INFORMATION]",Y
13781-8720,2,"Tesla, Inc.",10-Day Update,,,OCT-2024,7SAYGDEE4RF, ,N/A,Tesla,Model Y, ,2024, ,372221ef6fa16b4,1074, ,Consumer,"[REDACTED, MAY CONTAIN CONFIDENTIAL BUSINESS INFORMATION]", ,Y,"[REDACTED, MAY CONTAIN CONFIDENTIAL BUSINESS INFORMATION]", ,Y,"[REDACTED, MAY CONTAIN CONFIDENTIAL BUSINESS INFORMATION]", ,Y,,Y, ,,, ,Y,No,,No,ADAS,, , , ,Y, , ,Y, ,,AUG-2024, ,SEP-2024,06:11, ,2bd06224a944b59,[MAY CONTAIN PERSONALLY IDENTIFIABLE INFORMATION], ,[MAY CONTAIN PERSONALLY IDENTIFIABLE INFORMATION], ,[MAY CONTAIN PERSONALLY IDENTIFIABLE INFORMATION], ,West Windsor, ,NJ ,[MAY CONTAIN PERSONALLY IDENTIFIABLE INFORMATION], ,Street,Dry,Unknown,35, ,Unknown, , , , , , ,Y, ,,Pole / Tree,Fatality,Yes,,,, , , , , , , , , , , ,Unknown,Yes,Yes,Unknown,76, , , ,Y, , ,Y, , ,Y, , ,Y, , , , ,Y, , ,Yes,West Windsor Township Police Department, ,Unknown,[MAY CONTAIN PERSONALLY IDENTIFIABLE INFORMATION], ,[MAY CONTAIN PERSONALLY IDENTIFIABLE INFORMATION], ,,Y,"[REDACTED, MAY CONTAIN CONFIDENTIAL BUSINESS INFORMATION]",Y,"[REDACTED, MAY CONTAIN CONFIDENTIAL BUSINESS INFORMATION]",Y
502-8763,1,Ford Motor Company,5-Day,,,OCT-2024,1FT6W1EV4PW, ,N/A,Ford,F-150 Lightning, ,2023, ,af11b4a3e384d9d,4503, ,Consumer,CoPilot360 Assist 2.0 with BlueCruise, , ,PJ6T-14H107-FC, , ,RJ6T-14H102-ACJ, , ,,Y, ,,, ,Y,No,,No,ADAS,, ,Y, , , , , , ,,DEC-2023, ,OCT-2024,19:26, ,4a717ee92785704,[MAY CONTAIN PERSONALLY IDENTIFIABLE INFORMATION], ,[MAY CONTAIN PERSONALLY IDENTIFIABLE INFORMATION], ,[MAY CONTAIN PERSONALLY IDENTIFIABLE INFORMATION], ,Poulsbo, ,WA ,[MAY CONTAIN PERSONALLY IDENTIFIABLE INFORMATION], ,Street,Unknown,Unknown,,Y,Unknown, , , , , , ,Y, ,,Passenger Car,No Injuries Reported,Yes,Stopped,No,No, , , , , , , , , , ,Y,"Other, see Narrative",No,Yes,Yes,13, , , , , , ,Y, , , , , ,Y, ,Y, , , , , ,Unknown,,Y,Yes,,Y,,Y,,Y,"No, see Narrative", ,"The driver originally alleged that the F-150 was at a complete stop and remained in that position for approximately 10 minutes before accelerating and colliding with a vehicle.  Ford Motor Company has now received notice through the driver's insurance company, that the driver claims that BlueCruise and One-Pedal driving were engaged at the time of the crash.  
BlueCruise can only be engaged and operate within designated BlueCruise Zones, and the location of the accident was more than 7 miles away from the nearest BlueCruise Operating Design Domain (ODD).  In addition, One-Pedal drive is unavailable when cruise control, adaptive cruise control, or adaptive cruise control with stop and go is active. Ford also conducted an EDR download, which indicates there was 100% accelerator pedal application and no brake application before impact. 
Ford has confirmed that the vehicle was equipped with ADAS Level 2 and BlueCruise. There are no reported injuries, and the insurer indicated it was closing the claim and accepting liability.  Ford now understands that the F-150 was towed from the scene after the crash.",
13781-8767,1,"Tesla, Inc.",5-Day,,,OCT-2024,5YJ3E1EC1NF, ,N/A,Tesla,Model 3, ,2022, ,81e73a07b8d0502,55385, ,Consumer,"[REDACTED, MAY CONTAIN CONFIDENTIAL BUSINESS INFORMATION]", ,Y,"[REDACTED, MAY CONTAIN CONFIDENTIAL BUSINESS INFORMATION]", ,Y,"[REDACTED, MAY CONTAIN CONFIDENTIAL BUSINESS INFORMATION]", ,Y,,Y, ,,, ,Y,No,,No,ADAS,, , ,Y, , , , , ,,OCT-2024, ,OCT-2024,09:42, ,6d2c32b12892c14,[MAY CONTAIN PERSONALLY IDENTIFIABLE INFORMATION], ,[MAY CONTAIN PERSONALLY IDENTIFIABLE INFORMATION], ,[MAY CONTAIN PERSONALLY IDENTIFIABLE INFORMATION], ,Carson City, ,NV ,[MAY CONTAIN PERSONALLY IDENTIFIABLE INFORMATION], ,Highway / Freeway,Dry,No Unusual Conditions,50, ,Dark - Lighted,Y, , , , , , , ,,Other Fixed Object,Unknown,Yes,,,, , , , , , , , , , , ,Making Left Turn,Unknown,Yes,Unknown,35, , , , , , , , , ,Y, , , , ,Y, ,Y,Y, , ,Unknown,,Y,Unknown,,Y,,Y,,Y,"[REDACTED, MAY CONTAIN CONFIDENTIAL BUSINESS INFORMATION]",Y,"[REDACTED, MAY CONTAIN CONFIDENTIAL BUSINESS INFORMATION]",Y
13781-8766,1,"Tesla, Inc.",5-Day,,,OCT-2024,7SAYGDEDXRF, ,N/A,Tesla,Model Y, ,2024, ,8580ad1416e8c08,1869, ,Consumer,"[REDACTED, MAY CONTAIN CONFIDENTIAL BUSINESS INFORMATION]", ,Y,"[REDACTED, MAY CONTAIN CONFIDENTIAL BUSINESS INFORMATION]", ,Y,"[REDACTED, MAY CONTAIN CONFIDENTIAL BUSINESS INFORMATION]", ,Y,,Y, ,,, ,Y,No,,No,ADAS,, , ,Y, , , , , ,,OCT-2024, ,OCT-2024,17:59, ,4a6be1f37deff84,[MAY CONTAIN PERSONALLY IDENTIFIABLE INFORMATION], ,[MAY CONTAIN PERSONALLY IDENTIFIABLE INFORMATION], ,[MAY CONTAIN PERSONALLY IDENTIFIABLE INFORMATION], ,Austin, ,TX ,[MAY CONTAIN PERSONALLY IDENTIFIABLE INFORMATION], ,Unknown,Unknown,Unknown,60, ,Unknown, , , , , , ,Y, ,,Unknown,Unknown,Yes,Unknown,Unknown,Unknown, , , , , , , , , , ,Y,Unknown,Yes,Unknown,Unknown,19, , , , , , , , , , , ,Y,Y, ,Y, , ,Y, , ,Unknown,,Y,Unknown,,Y,,Y,,Y,"[REDACTED, MAY CONTAIN CONFIDENTIAL BUSINESS INFORMATION]",Y,"[REDACTED, MAY CONTAIN CONFIDENTIAL BUSINESS INFORMATION]",Y