Report ID,Report Version,Reporting Entity,Report Type,Report Month,Report Year,Report Submission Date,VIN,VIN - Unknown,Serial Number,Make,Model,Model - Unknown,Model Year,Model Year - Unknown,Same Vehicle ID,Mileage,Mileage - Unknown,Driver / Operator Type,ADAS/ADS System Version,ADAS/ADS System Version - Unk,ADAS/ADS System Version CBI,ADAS/ADS Hardware Version,ADAS/ADS Hardware Version - Unk,ADAS/ADS Hardware Version CBI,ADAS/ADS Software Version,ADAS/ADS Software Version - Unk,ADAS/ADS Software Version CBI,Other Reporting Entities?,Other Reporting Entities? - Unk,Other Reporting Entities? - NA,Federal Regulatory Exemption?,Other Federal Reg. Exemption,Federal Reg. Exemption - Unk,Federal Reg. Exemption - No,State or Local Permit?,State or Local Permit,ADS Equipped?,Automation System Engaged?,Operating Entity,Operating Entity - Unknown,Source - Complaint/Claim,Source - Telematics,Source - Law Enforcement,Source - Field Report,Source - Testing,Source - Media,Source - Other,Source - Other Text,Incident Date,Incident Date - Unknown,Notice Received Date,Incident Time (24:00),Incident Time - Unknown,Same Incident ID,Latitude,Latitude - Unknown,Longitude,Longitude - Unknown,Address,Address - Unknown,City,City - Unknown,State,Zip Code,Zip Code - Unknown,Roadway Type,Roadway Surface,Roadway Description,Posted Speed Limit (MPH),Posted Speed Limit - Unknown,Lighting,Weather - Clear,Weather - Snow,Weather - Cloudy,Weather - Fog/Smoke,Weather - Rain,Weather - Severe Wind,Weather - Unknown,Weather - Other,Weather - Other Text,Crash With,Highest Injury Severity Alleged,Property Damage?,CP Pre-Crash Movement,CP Any Air Bags Deployed?,CP Was Vehicle Towed?,CP Contact Area - Rear Left,CP Contact Area - Left,CP Contact Area - Front Left,CP Contact Area - Rear,CP Contact Area - Top,CP Contact Area - Front,CP Contact Area - Rear Right,CP Contact Area - Right,CP Contact Area - Front Right,CP Contact Area - Bottom,CP Contact Area - Unknown,SV Pre-Crash Movement,SV Any Air Bags Deployed?,SV Was Vehicle Towed?,SV Were All Passengers Belted?,SV Precrash Speed (MPH),SV Pre-crash Speed - Unknown,SV Contact Area - Rear Left,SV Contact Area - Left,SV Contact Area - Front Left,SV Contact Area - Rear,SV Contact Area - Top,SV Contact Area - Front,SV Contact Area - Rear Right,SV Contact Area - Right,SV Contact Area - Front Right,SV Contact Area - Bottom,SV Contact Area - Unknown,Data Availability - EDR,Data Availability - Police Rpt,Data Availability - Telematics,Data Availability - Complaints,Data Availability - Video,Data Availability - Other,Data Availability - No Data,Data Availability - Unknown,Law Enforcement Investigating?,Investigating Agency,Investigating Agency - Unknown,Rep Ent Or Mfr Investigating?,Investigating Officer Name,Inv. Officer Name - Unknown,Investigating Officer Phone,Inv. Officer Phone - Unknown,Investigating Officer Email,Inv. Officer Email - Unknown,Within ODD?,Within ODD? - CBI,Narrative,Narrative - CBI?
1243-8675,1,"Subaru of America, Inc.",5-Day,,,SEP-2024,4S4BTGUD3N3, ,N/A,Subaru,Outback, ,2022, ,49eb37ebd94f8e6,69653, ,Consumer,"[REDACTED, MAY CONTAIN CONFIDENTIAL BUSINESS INFORMATION]", ,Y,,Y, ,,Y, ,, ,Y,,, ,Y,No,,No,ADAS,, ,Y, , , , , , ,,SEP-2024, ,SEP-2024,17:00, ,e1733c89d4f6cac,,Y,,Y,[MAY CONTAIN PERSONALLY IDENTIFIABLE INFORMATION], ,,Y,UT ,,Y,Highway / Freeway,Dry,No Unusual Conditions,80, ,Daylight,Y, , , , , , , ,,"Other, see Narrative",Minor,Yes,"Other, see Narrative",Not Applicable,Not Applicable, , , , , , , , , , ,Y,Passing,Yes,Yes,Yes,80, ,Y,Y,Y,Y,Y,Y,Y,Y,Y, , , , , , , , , ,Y,Unknown,,Y,Unknown,,Y,,Y,,Y,"[REDACTED, MAY CONTAIN CONFIDENTIAL BUSINESS INFORMATION]",Y,"[REDACTED, MAY CONTAIN CONFIDENTIAL BUSINESS INFORMATION]",Y
13781-8683,1,"Tesla, Inc.",5-Day,,,SEP-2024,5YJ3E1EB8NF, ,N/A,Tesla,Model 3, ,2022, ,c1d11856481c609,90811, ,Consumer,"[REDACTED, MAY CONTAIN CONFIDENTIAL BUSINESS INFORMATION]", ,Y,"[REDACTED, MAY CONTAIN CONFIDENTIAL BUSINESS INFORMATION]", ,Y,"[REDACTED, MAY CONTAIN CONFIDENTIAL BUSINESS INFORMATION]", ,Y,,Y, ,,, ,Y,No,,No,ADAS,, , ,Y, , , , , ,,SEP-2024, ,SEP-2024,20:22, ,b97b644a9b017c6,[MAY CONTAIN PERSONALLY IDENTIFIABLE INFORMATION], ,[MAY CONTAIN PERSONALLY IDENTIFIABLE INFORMATION], ,[MAY CONTAIN PERSONALLY IDENTIFIABLE INFORMATION], ,New London, ,CO ,[MAY CONTAIN PERSONALLY IDENTIFIABLE INFORMATION], ,Unknown,Unknown,Unknown,55, ,Unknown, , , , , , ,Y, ,,Unknown,Unknown,Yes,Unknown,Unknown,Unknown, , , , , , , , , , ,Y,Unknown,Yes,Unknown,Unknown,64, , , , , , , , , , , ,Y,Y, ,Y, , ,Y, , ,Unknown,,Y,Unknown,,Y,,Y,,Y,"[REDACTED, MAY CONTAIN CONFIDENTIAL BUSINESS INFORMATION]",Y,"[REDACTED, MAY CONTAIN CONFIDENTIAL BUSINESS INFORMATION]",Y
13781-8681,1,"Tesla, Inc.",5-Day,,,SEP-2024,7SAYGAEE9PF, ,N/A,Tesla,Model Y, ,2023, ,6f92eb405844c55,19341, ,Consumer,"[REDACTED, MAY CONTAIN CONFIDENTIAL BUSINESS INFORMATION]", ,Y,"[REDACTED, MAY CONTAIN CONFIDENTIAL BUSINESS INFORMATION]", ,Y,"[REDACTED, MAY CONTAIN CONFIDENTIAL BUSINESS INFORMATION]", ,Y,,Y, ,,, ,Y,No,,No,ADAS,, , ,Y, , , , , ,,SEP-2024, ,SEP-2024,20:07, ,4ee4a48a2f0360d,[MAY CONTAIN PERSONALLY IDENTIFIABLE INFORMATION], ,[MAY CONTAIN PERSONALLY IDENTIFIABLE INFORMATION], ,[MAY CONTAIN PERSONALLY IDENTIFIABLE INFORMATION], ,Scranton, ,PA ,[MAY CONTAIN PERSONALLY IDENTIFIABLE INFORMATION], ,Unknown,Unknown,Unknown,55, ,Unknown, , , , , , ,Y, ,,Unknown,Unknown,Yes,Unknown,Unknown,Unknown, , , , , , , , , , ,Y,Unknown,Yes,Unknown,Unknown,64, , , , , , , , , , , ,Y,Y, ,Y, , ,Y, , ,Unknown,,Y,Unknown,,Y,,Y,,Y,"[REDACTED, MAY CONTAIN CONFIDENTIAL BUSINESS INFORMATION]",Y,"[REDACTED, MAY CONTAIN CONFIDENTIAL BUSINESS INFORMATION]",Y
13781-8680,1,"Tesla, Inc.",5-Day,,,SEP-2024,5YJ3E1EB9LF, ,N/A,Tesla,Model 3, ,2020, ,86a5302389ad121,54426, ,Consumer,"[REDACTED, MAY CONTAIN CONFIDENTIAL BUSINESS INFORMATION]", ,Y,"[REDACTED, MAY CONTAIN CONFIDENTIAL BUSINESS INFORMATION]", ,Y,"[REDACTED, MAY CONTAIN CONFIDENTIAL BUSINESS INFORMATION]", ,Y,,Y, ,,, ,Y,No,,No,"Unknown, see Narrative",, ,Y, , , , , , ,,SEP-2024, ,SEP-2024,19:02, ,196d641e3166caa,[MAY CONTAIN PERSONALLY IDENTIFIABLE INFORMATION], ,[MAY CONTAIN PERSONALLY IDENTIFIABLE INFORMATION], ,[MAY CONTAIN PERSONALLY IDENTIFIABLE INFORMATION], ,Ronkonkoma, ,NY ,[MAY CONTAIN PERSONALLY IDENTIFIABLE INFORMATION], ,Parking Lot,Wet,No Unusual Conditions,,Y,Daylight, , ,Y, , , , , ,,"Other, see Narrative",No Injuries Reported,Yes,Unknown,Unknown,Unknown, , , , , , , , , , ,Y,"Other, see Narrative",Yes,Unknown,"No, see Narrative",18, , , , , , , , , , , ,Y,Y, ,Y,Y,Y,Y, , ,Unknown,,Y,Unknown,,Y,,Y,,Y,"[REDACTED, MAY CONTAIN CONFIDENTIAL BUSINESS INFORMATION]",Y,"[REDACTED, MAY CONTAIN CONFIDENTIAL BUSINESS INFORMATION]",Y
540-7971,2,"General Motors, LLC",Update,,,SEP-2024,1GTUUHELXPZ, ,N/A,GMC,Sierra, ,2023, ,ee8705a22def4b5,37088, ,Consumer,Level 2, , ,,Y, ,,Y, ,, ,Y,,, ,Y,No,,No,ADAS,, , ,Y,Y, , , ,Y,OnStar call,JUN-2024, ,JUN-2024,07:02, ,dcbb9f51d668572,[MAY CONTAIN PERSONALLY IDENTIFIABLE INFORMATION], ,[MAY CONTAIN PERSONALLY IDENTIFIABLE INFORMATION], ,[MAY CONTAIN PERSONALLY IDENTIFIABLE INFORMATION], ,Ridgeway, ,VA ,[MAY CONTAIN PERSONALLY IDENTIFIABLE INFORMATION], ,Highway / Freeway,Dry,No Unusual Conditions,55, ,Daylight, , , , , , , ,Y,Fair cloud coverage,Heavy Truck,No Injuries Reported,Yes,Proceeding Straight,Unknown,Yes,Y, , , , , , , , , , ,Proceeding Straight,Yes,Yes,Yes,39, , , , , , , , ,Y,Y, , ,Y,Y, , , ,Y, , ,Yes,Virginia State Police, ,No,[MAY CONTAIN PERSONALLY IDENTIFIABLE INFORMATION], ,,Y,,Y,Yes, ,"GM is submitting an update to the initial report of this incident on June 23, 2024.  The police report indicates both vehicles were towed.  The report also confirms that there were no fatalities or injuries requiring transport to a medical facility and no vulnerable road users were involved. 
On June [XXX], 2024, a 2023 GMC Sierra was traveling North on [XXX] with Super Cruise engaged and active.  According to telematics data, Super Cruise entered a Disabled/Not Ready state 7 seconds prior to the crash due to the driver pressing the brake and turning the steering wheel to the left. The driver described striking a fire truck as he entered a curved section of the roadway.  The driver's seat belt pretensioner and front airbag deployed.  The right passenger side airbag deployed.  The vehicle was traveling approximately 39 mph prior to the crash.",
1243-8674,1,"Subaru of America, Inc.",5-Day,,,SEP-2024,JF2SKAGC3LH, ,N/A,Subaru,Forester, ,2020, ,f85f33493b2d05a,47000, ,Consumer,"[REDACTED, MAY CONTAIN CONFIDENTIAL BUSINESS INFORMATION]", ,Y,,Y, ,,Y, ,, ,Y,,, ,Y,No,,No,ADAS,, ,Y, , , , , , ,,SEP-2024, ,SEP-2024,07:20, ,afe2adf2d111658,,Y,,Y,[MAY CONTAIN PERSONALLY IDENTIFIABLE INFORMATION], ,Arnold, ,NE ,[MAY CONTAIN PERSONALLY IDENTIFIABLE INFORMATION], ,Highway / Freeway,Dry,No Unusual Conditions,65, ,Daylight,Y, , , , , , , ,,Animal,Minor,Yes,"Other, see Narrative",,, , , , , , , , , , , ,Proceeding Straight,No,Yes,Yes,60, , , ,Y, , ,Y, , ,Y, , , , , , , , ,Y, ,Unknown,,Y,No,,Y,,Y,,Y,"[REDACTED, MAY CONTAIN CONFIDENTIAL BUSINESS INFORMATION]",Y,The customer stated that the vehicle was traveling westbound on [XXX] near [XXX] at 60 MPH with Adaptive Cruise Control (ACC) and Lane Centering (LCF) engaged when it struck a deer crossing the roadway. No airbags were deployed. The vehicle caught fire as a result of the collision and was towed from the scene.,
10561-8671,1,APTIV,1-Day,,,SEP-2024,2C3CDBDK5RR, ,N/A,Dodge,Charger BEV, ,2024, ,8058870a8eb2b52,,Y,In-Vehicle (Commercial / Test),,Y, ,,Y, ,,Y, ,"Chrysler (FCA US, LLC)", , ,,,Y, ,Unknown,,No,"Unknown, see Narrative",Aptiv, , , , ,Y, , , ,,SEP-2024, ,SEP-2024,10:00, ,80ff8512cc95537,,Y,,Y,[MAY CONTAIN PERSONALLY IDENTIFIABLE INFORMATION], ,Baltimore, ,MD ,[MAY CONTAIN PERSONALLY IDENTIFIABLE INFORMATION], ,Intersection,Unknown,Unknown,,Y,Unknown, , , , , , ,Y, ,,SUV,Minor,Yes,Proceeding Straight,Yes,Yes, , ,Y, , ,Y, , ,Y, , ,Making Left Turn,Yes,Yes,Yes,,Y, , , , , , ,Y,Y, , , , , , , , , , ,Y,Unknown,Baltimore Police, ,Unknown,[MAY CONTAIN PERSONALLY IDENTIFIABLE INFORMATION], ,,Y,,Y,Yes, ,"The subject vehicle is a preproduction Stellantis-owned development vehicle. Aptiv personnel were operating the vehicle for the purpose of ADAS development. 
The subject vehicle was northbound on [XXX] approaching [XXX] intending to turn left on to [XXX]. The other vehicle (south bound on [XXX]) collided with the subject vehicle. Airbags deployed in both vehicles. The circumstances of the collision and the details of the ADAS equipment which was engaged during the collision are still being determined.
The two occupants of the subject vehicle and the driver of the other vehicle were evaluated at the scene by EMS. No one was transported to a hospital from the scene. Both vehicles were towed away. Later, both subject vehicle occupants underwent a precautionary evaluation at a medical clinic and were released.",
13781-8667,1,"Tesla, Inc.",5-Day,,,SEP-2024,7SAYGDEF3RA, ,N/A,Tesla,Model Y, ,2024, ,b6bb805acd8d4e7,8669, ,Consumer,"[REDACTED, MAY CONTAIN CONFIDENTIAL BUSINESS INFORMATION]", ,Y,"[REDACTED, MAY CONTAIN CONFIDENTIAL BUSINESS INFORMATION]", ,Y,"[REDACTED, MAY CONTAIN CONFIDENTIAL BUSINESS INFORMATION]", ,Y,,Y, ,,, ,Y,No,,No,ADAS,, , ,Y, , , , , ,,SEP-2024, ,SEP-2024,12:31, ,25403d753d4c33f,[MAY CONTAIN PERSONALLY IDENTIFIABLE INFORMATION], ,[MAY CONTAIN PERSONALLY IDENTIFIABLE INFORMATION], ,[MAY CONTAIN PERSONALLY IDENTIFIABLE INFORMATION], ,Hyattsville, ,MD ,[MAY CONTAIN PERSONALLY IDENTIFIABLE INFORMATION], ,Highway / Freeway,Dry,Unknown,55, ,Daylight, , ,Y, , , , , ,,Other Fixed Object,Unknown,Yes,,,, , , , , , , , , , , ,Lane / Road Departure,Yes,Unknown,Unknown,79, , ,Y,Y, , ,Y, , , , , ,Y, ,Y, ,Y,Y, , ,Unknown,,Y,Unknown,,Y,,Y,,Y,"[REDACTED, MAY CONTAIN CONFIDENTIAL BUSINESS INFORMATION]",Y,"[REDACTED, MAY CONTAIN CONFIDENTIAL BUSINESS INFORMATION]",Y
13781-8665,1,"Tesla, Inc.",5-Day,,,SEP-2024,7SAYGAEE9RF, ,N/A,Tesla,Model Y, ,2024, ,8fe3d176db6ffea,4909, ,Consumer,"[REDACTED, MAY CONTAIN CONFIDENTIAL BUSINESS INFORMATION]", ,Y,"[REDACTED, MAY CONTAIN CONFIDENTIAL BUSINESS INFORMATION]", ,Y,"[REDACTED, MAY CONTAIN CONFIDENTIAL BUSINESS INFORMATION]", ,Y,,Y, ,,, ,Y,No,,No,ADAS,, , ,Y, , , , , ,,SEP-2024, ,SEP-2024,18:51, ,095ed0d330a4a69,[MAY CONTAIN PERSONALLY IDENTIFIABLE INFORMATION], ,[MAY CONTAIN PERSONALLY IDENTIFIABLE INFORMATION], ,[MAY CONTAIN PERSONALLY IDENTIFIABLE INFORMATION], ,Everett, ,WA ,[MAY CONTAIN PERSONALLY IDENTIFIABLE INFORMATION], ,Intersection,Wet,Unknown,35, ,Daylight, , ,Y, , , , , ,,Unknown,Unknown,Yes,Unknown,Unknown,Unknown, , , , , , , , , , ,Y,Unknown,Yes,Unknown,Unknown,24, , , , , , , , , , , ,Y,Y, ,Y, ,Y,Y, , ,Unknown,,Y,Unknown,,Y,,Y,,Y,"[REDACTED, MAY CONTAIN CONFIDENTIAL BUSINESS INFORMATION]",Y,"[REDACTED, MAY CONTAIN CONFIDENTIAL BUSINESS INFORMATION]",Y
13781-8664,1,"Tesla, Inc.",5-Day,,,SEP-2024,5YJSA1E52PF, ,N/A,Tesla,Model S, ,2023, ,440d6ec66827ac5,31442, ,Consumer,"[REDACTED, MAY CONTAIN CONFIDENTIAL BUSINESS INFORMATION]", ,Y,"[REDACTED, MAY CONTAIN CONFIDENTIAL BUSINESS INFORMATION]", ,Y,"[REDACTED, MAY CONTAIN CONFIDENTIAL BUSINESS INFORMATION]", ,Y,,Y, ,,, ,Y,No,,No,ADAS,, , ,Y, , , , , ,,SEP-2024, ,SEP-2024,19:17, ,3100e484aa5cf65,[MAY CONTAIN PERSONALLY IDENTIFIABLE INFORMATION], ,[MAY CONTAIN PERSONALLY IDENTIFIABLE INFORMATION], ,[MAY CONTAIN PERSONALLY IDENTIFIABLE INFORMATION], ,Conway, ,AR ,[MAY CONTAIN PERSONALLY IDENTIFIABLE INFORMATION], ,Street,Dry,Unknown,55, ,Daylight, , ,Y, , , , , ,,Unknown,Unknown,Yes,Unknown,Unknown,Unknown, , , , , , , , , , ,Y,Unknown,Yes,Unknown,Unknown,39, , , , , , , , , , , ,Y,Y, ,Y, ,Y,Y, , ,Unknown,,Y,Unknown,,Y,,Y,,Y,"[REDACTED, MAY CONTAIN CONFIDENTIAL BUSINESS INFORMATION]",Y,"[REDACTED, MAY CONTAIN CONFIDENTIAL BUSINESS INFORMATION]",Y
13781-8663,1,"Tesla, Inc.",5-Day,,,SEP-2024,5YJSA1E63MF, ,N/A,Tesla,Model S, ,2021, ,a88d2d0ef9ae886,63712, ,Consumer,"[REDACTED, MAY CONTAIN CONFIDENTIAL BUSINESS INFORMATION]", ,Y,"[REDACTED, MAY CONTAIN CONFIDENTIAL BUSINESS INFORMATION]", ,Y,"[REDACTED, MAY CONTAIN CONFIDENTIAL BUSINESS INFORMATION]", ,Y,,Y, ,,, ,Y,No,,No,ADAS,, , ,Y, , , , , ,,SEP-2024, ,SEP-2024,16:48, ,98c616963288b37,[MAY CONTAIN PERSONALLY IDENTIFIABLE INFORMATION], ,[MAY CONTAIN PERSONALLY IDENTIFIABLE INFORMATION], ,[MAY CONTAIN PERSONALLY IDENTIFIABLE INFORMATION], ,Orlando, ,FL ,[MAY CONTAIN PERSONALLY IDENTIFIABLE INFORMATION], ,Unknown,Unknown,Unknown,70, ,Unknown, , , , , , ,Y, ,,Unknown,Unknown,Yes,Unknown,Unknown,Unknown, , , , , , , , , , ,Y,Unknown,Yes,Unknown,Unknown,65, , , , , , , , , , , ,Y,Y, ,Y, , ,Y, , ,Unknown,,Y,Unknown,,Y,,Y,,Y,"[REDACTED, MAY CONTAIN CONFIDENTIAL BUSINESS INFORMATION]",Y,"[REDACTED, MAY CONTAIN CONFIDENTIAL BUSINESS INFORMATION]",Y
13781-8662,1,"Tesla, Inc.",5-Day,,,SEP-2024,7SAYGDED1RF, ,N/A,Tesla,Model Y, ,2024, ,8d57c0bf5ecaab5,3643, ,Consumer,"[REDACTED, MAY CONTAIN CONFIDENTIAL BUSINESS INFORMATION]", ,Y,"[REDACTED, MAY CONTAIN CONFIDENTIAL BUSINESS INFORMATION]", ,Y,"[REDACTED, MAY CONTAIN CONFIDENTIAL BUSINESS INFORMATION]", ,Y,,Y, ,,, ,Y,No,,No,ADAS,, , ,Y, , , , , ,,SEP-2024, ,SEP-2024,19:13, ,119e5db77389eb2,[MAY CONTAIN PERSONALLY IDENTIFIABLE INFORMATION], ,[MAY CONTAIN PERSONALLY IDENTIFIABLE INFORMATION], ,[MAY CONTAIN PERSONALLY IDENTIFIABLE INFORMATION], ,Jacksonville, ,FL ,[MAY CONTAIN PERSONALLY IDENTIFIABLE INFORMATION], ,Rural Road,Wet,Unknown,40, ,Daylight, , ,Y, ,Y, , , ,,Unknown,Unknown,Yes,Unknown,Unknown,Unknown, , , , , , , , , , ,Y,Unknown,Yes,Unknown,Unknown,,Y, , , , , , , , , , ,Y,Y, ,Y, ,Y,Y, , ,Unknown,,Y,Unknown,,Y,,Y,,Y,"[REDACTED, MAY CONTAIN CONFIDENTIAL BUSINESS INFORMATION]",Y,"[REDACTED, MAY CONTAIN CONFIDENTIAL BUSINESS INFORMATION]",Y
12381-8659,1,"Daimler Trucks North America, LLC",1-Day,,,SEP-2024,3AKJHHDR6PS, ,N/A,FREIGHTLINER,Cascadia, ,2023, ,7ad698f3810f91b,,Y,Consumer,"[REDACTED, MAY CONTAIN CONFIDENTIAL BUSINESS INFORMATION]", ,Y,"[REDACTED, MAY CONTAIN CONFIDENTIAL BUSINESS INFORMATION]", ,Y,"[REDACTED, MAY CONTAIN CONFIDENTIAL BUSINESS INFORMATION]", ,Y,, ,Y,,, ,Y,No,,No,ADAS,, ,Y, , , , , , ,,SEP-2023, ,SEP-2024,09:04, ,369f8f9bc2fa8f9,[MAY CONTAIN PERSONALLY IDENTIFIABLE INFORMATION], ,[MAY CONTAIN PERSONALLY IDENTIFIABLE INFORMATION], ,[MAY CONTAIN PERSONALLY IDENTIFIABLE INFORMATION], ,Louisville, ,KY ,[MAY CONTAIN PERSONALLY IDENTIFIABLE INFORMATION], ,Highway / Freeway,Unknown,Unknown,,Y,Unknown, , , , , , ,Y, ,,Heavy Truck,Serious,Yes,Stopped,Unknown,Unknown, , , ,Y, , , , , , , ,Proceeding Straight,No,Unknown,Unknown,,Y, , , , , , , , , , ,Y, , , , , , ,Y, ,Unknown,,Y,No,,Y,,Y,,Y,"[REDACTED, MAY CONTAIN CONFIDENTIAL BUSINESS INFORMATION]",Y,"On May 30, 2024, DTNA received notice of representation regarding an incident with injury that occurred September [XXX], 2023, involving a MY2023 Freightliner Cascadia. Although the subject vehicle was equipped with Level 2 ADAS, at that time, DTNA had no indication of ADAS engagement prior to the incident in the notice of representation. Additionally, although DTNA attempted, at that time, to pull telematics data on the subject unit, there was no data found. Accordingly, DTNA had no notice of a Standing General Order- or SGO-reportable event, as defined in the Second Amended Standing General Order 2021-01. [REDACTED, MAY CONTAIN CONFIDENTIAL BUSINESS INFORMATION]
Regarding the incident details, the claimant alleged that the subject vehicle was traveling westbound on I-64 with ADAS systems engaged. The subject vehicle allegedly experienced a brake pull event causing the vehicle to swerve into a parked semi on the right shoulder.",Y
540-8658,1,"General Motors, LLC",5-Day,,,SEP-2024,1GTUUHEL9PZ, ,N/A,GMC,Sierra, ,2023, ,4a1039e16740bbc,24143, ,Consumer,Level 2, , ,,Y, ,,Y, ,, ,Y,,, ,Y,No,,No,ADAS,, , ,Y, , , , ,Y,Event Data Recorder,SEP-2024, ,SEP-2024,16:40, ,90521f740f3d552,[MAY CONTAIN PERSONALLY IDENTIFIABLE INFORMATION], ,[MAY CONTAIN PERSONALLY IDENTIFIABLE INFORMATION], ,[MAY CONTAIN PERSONALLY IDENTIFIABLE INFORMATION], ,Greenville, ,TN ,[MAY CONTAIN PERSONALLY IDENTIFIABLE INFORMATION], ,Highway / Freeway,Dry,No Unusual Conditions,70, ,Daylight, , ,Y, , , , , ,,Unknown,Unknown,Yes,Unknown,Unknown,Unknown, , , , , , , , , , ,Y,Proceeding Straight,Yes,Unknown,No Passengers in Vehicle,55, , ,Y, , , ,Y, ,Y, , , , , ,Y, , , , , ,Unknown,,Y,No,,Y,,Y,,Y,Yes, ,"On September [XXX], 2024, a 2023 Sierra was travelling west on [XXX] with Super Cruise engaged and active.  According to crash data, the vehicle experienced a frontal impact followed by a rollover and then a side impact.  Frontal and side air bags and seat belt pretensioners deployed.  The driver was buckled at the time of the crash.  According to telematics data, a Forward Collision Alert (FCA) was recorded, notifying the driver of a potential collision 7 seconds prior to the crash.  Super Cruise detected the FCA , triggering the Degraded Escalation state, as designed.  In this state, the customer is provided with a warning notification to take control of the vehicle.",
13781-8657,1,"Tesla, Inc.",5-Day,,,SEP-2024,7SAYGDED0RA, ,N/A,Tesla,Model Y, ,2024, ,e85d8bb59d1b527,2992, ,Consumer,"[REDACTED, MAY CONTAIN CONFIDENTIAL BUSINESS INFORMATION]", ,Y,"[REDACTED, MAY CONTAIN CONFIDENTIAL BUSINESS INFORMATION]", ,Y,"[REDACTED, MAY CONTAIN CONFIDENTIAL BUSINESS INFORMATION]", ,Y,,Y, ,,, ,Y,No,,No,ADAS,, , ,Y, , , , , ,,SEP-2024, ,SEP-2024,12:27, ,442ff7b980a457d,[MAY CONTAIN PERSONALLY IDENTIFIABLE INFORMATION], ,[MAY CONTAIN PERSONALLY IDENTIFIABLE INFORMATION], ,[MAY CONTAIN PERSONALLY IDENTIFIABLE INFORMATION], ,Cary, ,NC ,[MAY CONTAIN PERSONALLY IDENTIFIABLE INFORMATION], ,Unknown,Unknown,Unknown,70, ,Unknown, , , , , , ,Y, ,,Unknown,Unknown,Yes,Unknown,Unknown,Unknown, , , , , , , , , , ,Y,Unknown,Yes,Unknown,Unknown,64, , , , , , , , , , , ,Y,Y, ,Y, , ,Y, , ,Unknown,,Y,Unknown,,Y,,Y,,Y,"[REDACTED, MAY CONTAIN CONFIDENTIAL BUSINESS INFORMATION]",Y,"[REDACTED, MAY CONTAIN CONFIDENTIAL BUSINESS INFORMATION]",Y
13781-8656,1,"Tesla, Inc.",5-Day,,,SEP-2024,5YJXCBE26HF, ,N/A,Tesla,Model X, ,2017, ,2b7005e4bab300f,76208, ,Consumer,"[REDACTED, MAY CONTAIN CONFIDENTIAL BUSINESS INFORMATION]", ,Y,"[REDACTED, MAY CONTAIN CONFIDENTIAL BUSINESS INFORMATION]", ,Y,"[REDACTED, MAY CONTAIN CONFIDENTIAL BUSINESS INFORMATION]", ,Y,,Y, ,,, ,Y,No,,No,ADAS,, , ,Y, , , , , ,,SEP-2024, ,SEP-2024,19:24, ,06aa4b33527563c,[MAY CONTAIN PERSONALLY IDENTIFIABLE INFORMATION], ,[MAY CONTAIN PERSONALLY IDENTIFIABLE INFORMATION], ,,Y,McMinnville, ,OR ,[MAY CONTAIN PERSONALLY IDENTIFIABLE INFORMATION], ,Unknown,Unknown,Unknown,,Y,Unknown, , , , , , ,Y, ,,Unknown,Unknown,Yes,Unknown,Unknown,Unknown, , , , , , , , , , ,Y,Unknown,Yes,Unknown,Unknown,15, , , , , , , , , , , ,Y,Y, ,Y, , ,Y, , ,Unknown,,Y,Unknown,,Y,,Y,,Y,"[REDACTED, MAY CONTAIN CONFIDENTIAL BUSINESS INFORMATION]",Y,"[REDACTED, MAY CONTAIN CONFIDENTIAL BUSINESS INFORMATION]",Y