Report ID,Report Version,Reporting Entity,Report Type,Report Month,Report Year,Report Submission Date,VIN,VIN - Unknown,Serial Number,Make,Model,Model - Unknown,Model Year,Model Year - Unknown,Same Vehicle ID,Mileage,Mileage - Unknown,Driver / Operator Type,ADAS/ADS System Version,ADAS/ADS System Version - Unk,ADAS/ADS System Version CBI,ADAS/ADS Hardware Version,ADAS/ADS Hardware Version - Unk,ADAS/ADS Hardware Version CBI,ADAS/ADS Software Version,ADAS/ADS Software Version - Unk,ADAS/ADS Software Version CBI,Other Reporting Entities?,Other Reporting Entities? - Unk,Other Reporting Entities? - NA,Federal Regulatory Exemption?,Other Federal Reg. Exemption,Federal Reg. Exemption - Unk,Federal Reg. Exemption - No,State or Local Permit?,State or Local Permit,ADS Equipped?,Automation System Engaged?,Operating Entity,Operating Entity - Unknown,Source - Complaint/Claim,Source - Telematics,Source - Law Enforcement,Source - Field Report,Source - Testing,Source - Media,Source - Other,Source - Other Text,Incident Date,Incident Date - Unknown,Notice Received Date,Incident Time (24:00),Incident Time - Unknown,Same Incident ID,Latitude,Latitude - Unknown,Longitude,Longitude - Unknown,Address,Address - Unknown,City,City - Unknown,State,Zip Code,Zip Code - Unknown,Roadway Type,Roadway Surface,Roadway Description,Posted Speed Limit (MPH),Posted Speed Limit - Unknown,Lighting,Weather - Clear,Weather - Snow,Weather - Cloudy,Weather - Fog/Smoke,Weather - Rain,Weather - Severe Wind,Weather - Unknown,Weather - Other,Weather - Other Text,Crash With,Highest Injury Severity Alleged,Property Damage?,CP Pre-Crash Movement,CP Any Air Bags Deployed?,CP Was Vehicle Towed?,CP Contact Area - Rear Left,CP Contact Area - Left,CP Contact Area - Front Left,CP Contact Area - Rear,CP Contact Area - Top,CP Contact Area - Front,CP Contact Area - Rear Right,CP Contact Area - Right,CP Contact Area - Front Right,CP Contact Area - Bottom,CP Contact Area - Unknown,SV Pre-Crash Movement,SV Any Air Bags Deployed?,SV Was Vehicle Towed?,SV Were All Passengers Belted?,SV Precrash Speed (MPH),SV Pre-crash Speed - Unknown,SV Contact Area - Rear Left,SV Contact Area - Left,SV Contact Area - Front Left,SV Contact Area - Rear,SV Contact Area - Top,SV Contact Area - Front,SV Contact Area - Rear Right,SV Contact Area - Right,SV Contact Area - Front Right,SV Contact Area - Bottom,SV Contact Area - Unknown,Data Availability - EDR,Data Availability - Police Rpt,Data Availability - Telematics,Data Availability - Complaints,Data Availability - Video,Data Availability - Other,Data Availability - No Data,Data Availability - Unknown,Law Enforcement Investigating?,Investigating Agency,Investigating Agency - Unknown,Rep Ent Or Mfr Investigating?,Investigating Officer Name,Inv. Officer Name - Unknown,Investigating Officer Phone,Inv. Officer Phone - Unknown,Investigating Officer Email,Inv. Officer Email - Unknown,Within ODD?,Within ODD? - CBI,Narrative,Narrative - CBI?
13781-8655,1,"Tesla, Inc.",5-Day,,,SEP-2024,5YJ3E1EA1KF, ,N/A,Tesla,Model 3, ,2019, ,6d214dae487e7cd,28292, ,Consumer,"[REDACTED, MAY CONTAIN CONFIDENTIAL BUSINESS INFORMATION]", ,Y,"[REDACTED, MAY CONTAIN CONFIDENTIAL BUSINESS INFORMATION]", ,Y,"[REDACTED, MAY CONTAIN CONFIDENTIAL BUSINESS INFORMATION]", ,Y,,Y, ,,, ,Y,No,,No,ADAS,, , ,Y, , , , , ,,SEP-2024, ,SEP-2024,04:03, ,ec81fff184de2d6,[MAY CONTAIN PERSONALLY IDENTIFIABLE INFORMATION], ,[MAY CONTAIN PERSONALLY IDENTIFIABLE INFORMATION], ,[MAY CONTAIN PERSONALLY IDENTIFIABLE INFORMATION], ,Yonkers, ,NY ,[MAY CONTAIN PERSONALLY IDENTIFIABLE INFORMATION], ,Unknown,Unknown,Unknown,55, ,Unknown, , , , , , ,Y, ,,Unknown,Unknown,Yes,Unknown,Unknown,Unknown, , , , , , , , , , ,Y,Unknown,Yes,Unknown,Unknown,54, , , , , , , , , , , ,Y,Y, ,Y, , ,Y, , ,Unknown,,Y,Unknown,,Y,,Y,,Y,"[REDACTED, MAY CONTAIN CONFIDENTIAL BUSINESS INFORMATION]",Y,"[REDACTED, MAY CONTAIN CONFIDENTIAL BUSINESS INFORMATION]",Y
13781-8654,1,"Tesla, Inc.",5-Day,,,SEP-2024,7SAYGDEE0RF, ,N/A,Tesla,Model Y, ,2024, ,6bc3b50b91b42e5,3424, ,Consumer,"[REDACTED, MAY CONTAIN CONFIDENTIAL BUSINESS INFORMATION]", ,Y,"[REDACTED, MAY CONTAIN CONFIDENTIAL BUSINESS INFORMATION]", ,Y,"[REDACTED, MAY CONTAIN CONFIDENTIAL BUSINESS INFORMATION]", ,Y,,Y, ,,, ,Y,No,,No,ADAS,, ,Y, , , , , , ,,JUL-2024, ,SEP-2024,22:36, ,58ec2e18b3d1898,[MAY CONTAIN PERSONALLY IDENTIFIABLE INFORMATION], ,[MAY CONTAIN PERSONALLY IDENTIFIABLE INFORMATION], ,[MAY CONTAIN PERSONALLY IDENTIFIABLE INFORMATION], ,Sammamish, ,WA ,[MAY CONTAIN PERSONALLY IDENTIFIABLE INFORMATION], ,Street,Dry,Unknown,25, ,Daylight,Y, , , , , , , ,,Unknown,Unknown,Yes,Unknown,Unknown,Unknown, , , , , , , , , , ,Y,Unknown,Unknown,Yes,Unknown,27, , , , , , , , , , ,Y, , , ,Y,Y,Y,Y, , ,Unknown,,Y,Unknown,,Y,,Y,,Y,"[REDACTED, MAY CONTAIN CONFIDENTIAL BUSINESS INFORMATION]",Y,"[REDACTED, MAY CONTAIN CONFIDENTIAL BUSINESS INFORMATION]",Y
13781-8651,1,"Tesla, Inc.",5-Day,,,SEP-2024,7SAYGDEF1NF, ,N/A,Tesla,Model Y, ,2022, ,3c4b65ba7c01f68,50099, ,Consumer,"[REDACTED, MAY CONTAIN CONFIDENTIAL BUSINESS INFORMATION]", ,Y,"[REDACTED, MAY CONTAIN CONFIDENTIAL BUSINESS INFORMATION]", ,Y,"[REDACTED, MAY CONTAIN CONFIDENTIAL BUSINESS INFORMATION]", ,Y,,Y, ,,,Y, ,No,,No,ADAS,, , ,Y, , , , , ,,SEP-2024, ,SEP-2024,02:42, ,a74718b2fa4fa6e,[MAY CONTAIN PERSONALLY IDENTIFIABLE INFORMATION], ,[MAY CONTAIN PERSONALLY IDENTIFIABLE INFORMATION], ,[MAY CONTAIN PERSONALLY IDENTIFIABLE INFORMATION], ,Pittsfield, ,ME ,[MAY CONTAIN PERSONALLY IDENTIFIABLE INFORMATION], ,Highway / Freeway,Dry,Unknown,70, ,Dark - Lighted,Y, , , , , , , ,,Unknown,Unknown,Yes,Unknown,Unknown,Unknown, , , , , , , , , , ,Y,Unknown,Yes,Unknown,Unknown,74, , , , , , , , , , , ,Y,Y, ,Y, ,Y,Y, , ,Unknown,,Y,Unknown,,Y,,Y,,Y,"[REDACTED, MAY CONTAIN CONFIDENTIAL BUSINESS INFORMATION]",Y,"[REDACTED, MAY CONTAIN CONFIDENTIAL BUSINESS INFORMATION]",Y
13781-8523,2,"Tesla, Inc.",10-Day Update,,,SEP-2024,5YJ3E1EB8PF, ,N/A,Tesla,Model 3, ,2023, ,9d6515e7a4e890d,,Y,Consumer,"[REDACTED, MAY CONTAIN CONFIDENTIAL BUSINESS INFORMATION]", ,Y,"[REDACTED, MAY CONTAIN CONFIDENTIAL BUSINESS INFORMATION]", ,Y,"[REDACTED, MAY CONTAIN CONFIDENTIAL BUSINESS INFORMATION]", ,Y,,Y, ,,, ,Y,No,,No,ADAS,, , , , , , ,Y, ,,SEP-2024, ,SEP-2024,00:16, ,7f76a915872d78b,[MAY CONTAIN PERSONALLY IDENTIFIABLE INFORMATION], ,[MAY CONTAIN PERSONALLY IDENTIFIABLE INFORMATION], ,[MAY CONTAIN PERSONALLY IDENTIFIABLE INFORMATION], ,Opelika, ,AL ,[MAY CONTAIN PERSONALLY IDENTIFIABLE INFORMATION], ,Highway / Freeway,Dry,Unknown,70, ,Unknown, , , , , , ,Y, ,,SUV,Fatality,Yes,Unknown,Unknown,Unknown, , , , , , , , , , ,Y,Unknown,Yes,Unknown,Unknown,,Y, , , , , , , , , , ,Y, , ,Y, , , , , ,Unknown,,Y,Unknown,,Y,,Y,,Y,"[REDACTED, MAY CONTAIN CONFIDENTIAL BUSINESS INFORMATION]",Y,"[REDACTED, MAY CONTAIN CONFIDENTIAL BUSINESS INFORMATION]",Y
1243-8194,3,"Subaru of America, Inc.",Update,,,SEP-2024,4S4BTANC9L3, ,N/A,Subaru,Outback, ,2020, ,07722d9757dff0b,59053, ,Consumer,"[REDACTED, MAY CONTAIN CONFIDENTIAL BUSINESS INFORMATION]", ,Y,,Y, ,,Y, ,, ,Y,,, ,Y,No,,No,ADAS,, ,Y, , , , , , ,,JUL-2024, ,JUL-2024,19:30, ,4304b030a6af69f,[MAY CONTAIN PERSONALLY IDENTIFIABLE INFORMATION], ,[MAY CONTAIN PERSONALLY IDENTIFIABLE INFORMATION], ,[MAY CONTAIN PERSONALLY IDENTIFIABLE INFORMATION], ,Ephrata, ,WA ,[MAY CONTAIN PERSONALLY IDENTIFIABLE INFORMATION], ,Rural Road,Dry,No Unusual Conditions,60, ,Daylight,Y, , , , , , , ,,Pickup Truck,Moderate,Yes,Stopped,Unknown,Yes,Y, , ,Y, , ,Y, , ,Y, ,Proceeding Straight,Yes,Yes,Yes,65, , , ,Y, , ,Y, , ,Y, , ,Y, ,Y, , , , , ,Unknown,,Y,Yes,,Y,,Y,,Y,"[REDACTED, MAY CONTAIN CONFIDENTIAL BUSINESS INFORMATION]",Y,"According to the customer's statement, the subject vehicle was travelling approx. 45-50 MPH on [XXX] at 7:30PM on 7/9/2024 with Adaptive Cruise Control (ACC) and Lane Centering (LCF) engaged. As the vehicle approached a stationary vehicle in the roadway, the driver depressed the brake pedal. The driver's foot slid off the brake pedal and unintendedly depressed the accelerator pedal. The subject vehicle then struck the stationary vehicle. The driver's frontal and knee airbags deployed. The customer was transported to the hospital and diagnosed as having a cut to the eyebrow, a contusion on left kidney and three broken ribs. The subject vehicle was towed from the scene of the incident. The customer later stated that the stationary vehicle was a Dodge pickup truck.
Subaru inspected the subject vehicle on 8/08/2024. [REDACTED, MAY CONTAIN CONFIDENTIAL BUSINESS INFORMATION]
Based on the vehicle inspection and the data acquired, Subaru determined that there were no abnormalities with the ACC system, and that LCF was likely not engaged. The subject vehicle was travelling at 65 MPH when it approached a vehicle that was stopped in the roadway. As published in the owner's manual, there are limits to the situation judgment capabilities of the ACC system. Deceleration may not take place in time under conditions where the speed difference with the vehicle in front is too large. The driver of the subject vehicle did not allow for sufficient braking distance nor take evasive steering action to avoid a collision with the stopped vehicle.",Y
1243-8299,2,"Subaru of America, Inc.",Update,,,SEP-2024,4S4BTAAC9P3, ,N/A,Subaru,Outback, ,2023, ,9461498956913d2,30529, ,Consumer,"[REDACTED, MAY CONTAIN CONFIDENTIAL BUSINESS INFORMATION]", ,Y,,Y, ,,Y, ,, ,Y,,, ,Y,No,,No,ADAS,, ,Y, , , , , , ,,AUG-2024, ,AUG-2024,20:27, ,0db909c46b6a393,[MAY CONTAIN PERSONALLY IDENTIFIABLE INFORMATION], ,[MAY CONTAIN PERSONALLY IDENTIFIABLE INFORMATION], ,[MAY CONTAIN PERSONALLY IDENTIFIABLE INFORMATION], ,Edgewood, ,NM ,[MAY CONTAIN PERSONALLY IDENTIFIABLE INFORMATION], ,Highway / Freeway,Wet,Work Zone,,Y,Dawn / Dusk, , ,Y, ,Y, , , ,,Other Fixed Object,No Injuries Reported,Yes,,,, , , , , , , , , , , ,Proceeding Straight,No,Yes,Yes,75, ,Y,Y,Y, , , , , , , , ,Y, , , , , , , ,Unknown,,Y,Yes,,Y,,Y,,Y,"[REDACTED, MAY CONTAIN CONFIDENTIAL BUSINESS INFORMATION]",Y,"According to the customer statement, the subject vehicle was travelling westbound on [XXX] at approximately 75 MPH at 7:15PM with Adaptive Cruise Control (ACC) and Lane Centering (LCF) engaged. There was a slight lane shift due to construction. The LCF cancelled and the customer acknowledged that the vehicle provided a warning indicating the function had been discontinued. The vehicle then struck a concrete barrier along the left side. The customer indicated that the left front and rear tires experienced a blowout and there was some damage to the driver's door and left-side wheel arch moldings. No airbags were deployed, there were no injuries reported and the vehicle was towed from the scene.
Subaru inspected the subject vehicle on 8/20/2024. There was no EDR data stored. [REDACTED, MAY CONTAIN CONFIDENTIAL BUSINESS INFORMATION]
The incident location was within a construction zone with a 60 MPH speed limit. [REDACTED, MAY CONTAIN CONFIDENTIAL BUSINESS INFORMATION]
Based on the vehicle inspection and the data acquired, Subaru determined that there were no abnormalities with the LCF or ACC functions. The Owner's Manual states not to use the Lane Centering Function on roads with tentative lanes due to construction work. Despite the system warning, the driver maintained leftward steering input which caused the vehicle to impact a concrete barrier.",Y
1243-8428,2,"Subaru of America, Inc.",Update,,,SEP-2024,JF2SKAMC0NH, ,N/A,Subaru,Forester, ,2022, ,ebfd526fa628230,39833, ,Consumer,"[REDACTED, MAY CONTAIN CONFIDENTIAL BUSINESS INFORMATION]", ,Y,,Y, ,,Y, ,, ,Y,,, ,Y,No,,No,ADAS,, ,Y, , , , , , ,,AUG-2024, ,AUG-2024,10:03, ,386e5d2e42c622c,[MAY CONTAIN PERSONALLY IDENTIFIABLE INFORMATION], ,[MAY CONTAIN PERSONALLY IDENTIFIABLE INFORMATION], ,[MAY CONTAIN PERSONALLY IDENTIFIABLE INFORMATION], ,Stuart, ,FL ,[MAY CONTAIN PERSONALLY IDENTIFIABLE INFORMATION], ,Street,Dry,No Unusual Conditions,45, ,Daylight,Y, , , , , , , ,,Other Fixed Object,No Injuries Reported,Yes,,,, , , , , , , , , , , ,Proceeding Straight,Yes,Yes,Yes,53, , , ,Y, , ,Y, , ,Y, , ,Y, ,Y, , , , , ,Unknown,,Y,Yes,,Y,,Y,,Y,"[REDACTED, MAY CONTAIN CONFIDENTIAL BUSINESS INFORMATION]",Y,"According to the customer's statement, the subject vehicle was traveling at 47 MPH southbound on [XXX] at 10:03AM on [XXX] with Adaptive Cruise Control (ACC) and Lane Centering (LCF) engaged. As the vehicle passed a side street, there was a break in the lane lines. The customer stated that the lane centering stopped working and that the vehicle did not maintain a straight path, causing the vehicle to impact a steel guardrail on the right-hand side of the roadway. The driver's frontal airbags and the curtain airbags deployed. The customer did not state any injuries. The vehicle sustained heavy frontal damage and was towed from the scene.
Subaru inspected the subject vehicle on 9/04/2024. [REDACTED, MAY CONTAIN CONFIDENTIAL BUSINESS INFORMATION]
A site inspection identified the road on which the incident occurred to be a two-lane road (one lane in each direction) with a posted speed limit of 45 MPH. Approximately 500 feet prior to the incident location, the yellow center-line splits to accommodate a left-turn lane in the opposite direction and the road widens to allow for a right turn lane in the southbound direction. These changes require the driver to make a slight steering adjustment to the left in order to maintain the appropriate lane of travel through the intersection. [REDACTED, MAY CONTAIN CONFIDENTIAL BUSINESS INFORMATION]
Based on the vehicle inspection and data acquired, Subaru determined that there were no abnormalities with the ACC or LCF systems. LCF was not observed to be engaged and the driver did not provide any steering input to maintain the appropriate lane of travel, nor did the driver apply the brake pedal at any time to avoid or mitigate the crash with the guardrail.",Y
13781-8574,1,"Tesla, Inc.",5-Day,,,SEP-2024,5YJ3E1EA6RF, ,N/A,Tesla,Model 3, ,2024, ,5227eece94cb65e,392, ,Consumer,"[REDACTED, MAY CONTAIN CONFIDENTIAL BUSINESS INFORMATION]", ,Y,"[REDACTED, MAY CONTAIN CONFIDENTIAL BUSINESS INFORMATION]", ,Y,"[REDACTED, MAY CONTAIN CONFIDENTIAL BUSINESS INFORMATION]", ,Y,,Y, ,,, ,Y,No,,No,ADAS,, , ,Y, , , , , ,,SEP-2024, ,SEP-2024,20:57, ,ffb0b4a124f0450,[MAY CONTAIN PERSONALLY IDENTIFIABLE INFORMATION], ,[MAY CONTAIN PERSONALLY IDENTIFIABLE INFORMATION], ,[MAY CONTAIN PERSONALLY IDENTIFIABLE INFORMATION], ,Raleigh, ,NC ,[MAY CONTAIN PERSONALLY IDENTIFIABLE INFORMATION], ,Unknown,Unknown,Unknown,65, ,Unknown, , , , , , ,Y, ,,Unknown,Unknown,Yes,Unknown,Unknown,Unknown, , , , , , , , , , ,Y,Unknown,Yes,Unknown,Unknown,60, , , , , , , , , , , ,Y,Y, ,Y, , ,Y, , ,Unknown,,Y,Unknown,,Y,,Y,,Y,"[REDACTED, MAY CONTAIN CONFIDENTIAL BUSINESS INFORMATION]",Y,"[REDACTED, MAY CONTAIN CONFIDENTIAL BUSINESS INFORMATION]",Y
13781-8573,1,"Tesla, Inc.",5-Day,,,SEP-2024,5YJ3E1EA4LF, ,N/A,Tesla,Model 3, ,2020, ,64e7a65e064870e,100613, ,Consumer,"[REDACTED, MAY CONTAIN CONFIDENTIAL BUSINESS INFORMATION]", ,Y,"[REDACTED, MAY CONTAIN CONFIDENTIAL BUSINESS INFORMATION]", ,Y,"[REDACTED, MAY CONTAIN CONFIDENTIAL BUSINESS INFORMATION]", ,Y,,Y, ,,, ,Y,No,,No,ADAS,, , ,Y, , , , , ,,SEP-2024, ,SEP-2024,18:01, ,73ff5dbc86c2529,[MAY CONTAIN PERSONALLY IDENTIFIABLE INFORMATION], ,[MAY CONTAIN PERSONALLY IDENTIFIABLE INFORMATION], ,[MAY CONTAIN PERSONALLY IDENTIFIABLE INFORMATION], ,Highland Village, ,TX ,[MAY CONTAIN PERSONALLY IDENTIFIABLE INFORMATION], ,Intersection,Wet,No Unusual Conditions,25, ,Daylight, , ,Y, ,Y, , , ,,Passenger Car,Unknown,Yes,Making Left Turn,Unknown,Unknown, , , , , ,Y, ,Y,Y, , ,Proceeding Straight,Yes,Unknown,Unknown,39, , , ,Y, , ,Y, , ,Y, , ,Y, ,Y, ,Y,Y, , ,Unknown,,Y,Unknown,,Y,,Y,,Y,"[REDACTED, MAY CONTAIN CONFIDENTIAL BUSINESS INFORMATION]",Y,"[REDACTED, MAY CONTAIN CONFIDENTIAL BUSINESS INFORMATION]",Y
855-8237,3,"Mercedes-Benz USA, LLC",Update,,,SEP-2024,W1N0G8EB5NV, ,N/A,Mercedes-Benz,GLC 300, ,2022, ,1f7d47a0bd6abfc,22000, ,Consumer,,Y, ,,Y, ,,Y, ,,Y, ,,, ,Y,No,,No,ADAS,, ,Y,Y, , , , , ,,JUL-2024, ,JUL-2024,12:58, ,cfab9a682f56766,[MAY CONTAIN PERSONALLY IDENTIFIABLE INFORMATION], ,[MAY CONTAIN PERSONALLY IDENTIFIABLE INFORMATION], ,[MAY CONTAIN PERSONALLY IDENTIFIABLE INFORMATION], ,Smithfield, ,RI ,[MAY CONTAIN PERSONALLY IDENTIFIABLE INFORMATION], ,Street,Dry,No Unusual Conditions,40, ,Daylight,Y, , , , , , , ,,Other Fixed Object,Minor,Yes,,,, , , , , , , , , , , ,Lane / Road Departure,Yes,Yes,Yes,46, ,Y,Y,Y, ,Y,Y, , ,Y, , , , ,Y,Y,Y,Y, , ,Unknown,,Y,Yes,,Y,,Y,,Y,"Unknown, see Narrative", ,"All prior narratives have been removed due to character limit. Please see reports 855-8237-(1 and 2) to see prior updates.
9/13/2024 Update to 855-8237-2:
MBUSA conducted a scene and vehicle inspection on August 14, 2024, which included a physical examination of the vehicle. The subject vehicle was located in a salvage yard. The subject vehicle was left uncovered, exposing the vehicle to rain and other weather conditions (including heavy rains associated with Tropical Storm Debby). A significant amount of standing water was observed in both the driver and passenger footwells. As a result of this water damage to the subject vehicle, MBUSA was not able to establish a connection to the vehicle system diagnostics, control units, or EDR. 
A physical inspection of the braking and steering systems was subsequently performed. This inspection did not identify evidence of any steering or braking malfunction and the available information indicates both systems operated as intended at the time of the incident. The dashcam videos provided by the owner show the driver increasing the vehicles speed from 35mph at the start of the video to 46.5mph at the time of the crash. No audible warnings or steering wheel movement were observed in the driver-facing video. When DISTRONIC with Active Steering Assist is active, the vehicle is designed to allow a driver to overrule and suppress the system by depressing the accelerator pedal. Based on the speed increase observed in the provided videos, it suggests that the system was not providing speed control to the subject vehicle prior to the incident.
Based on its investigation and review of the videos provided by the vehicle owner, MBUSA has concluded that that the vehicle operated as intended and that DISTRONIC with Active Steering Assist was likely not engaged during the 24-second period captured by the dashcam video recording and when the driver lost consciousness. MBUSA has concluded its investigation into this matter.",
13781-8572,1,"Tesla, Inc.",5-Day,,,SEP-2024,5YJ3E1EA3JF, ,N/A,Tesla,Model 3, ,2018, ,50bda1e95b7001f,143295, ,Consumer,"[REDACTED, MAY CONTAIN CONFIDENTIAL BUSINESS INFORMATION]", ,Y,"[REDACTED, MAY CONTAIN CONFIDENTIAL BUSINESS INFORMATION]", ,Y,"[REDACTED, MAY CONTAIN CONFIDENTIAL BUSINESS INFORMATION]", ,Y,,Y, ,,, ,Y,No,,No,ADAS,, , ,Y, , , , , ,,SEP-2024, ,SEP-2024,21:22, ,aa92abf91421680,[MAY CONTAIN PERSONALLY IDENTIFIABLE INFORMATION], ,[MAY CONTAIN PERSONALLY IDENTIFIABLE INFORMATION], ,[MAY CONTAIN PERSONALLY IDENTIFIABLE INFORMATION], ,Sugar Grove, ,IL ,[MAY CONTAIN PERSONALLY IDENTIFIABLE INFORMATION], ,Unknown,Unknown,Unknown,55, ,Unknown, , , , , , ,Y, ,,Unknown,Unknown,Yes,Unknown,Unknown,Unknown, , , , , , , , , , ,Y,Unknown,Yes,Unknown,Unknown,51, , , , , , , , , , , ,Y,Y, ,Y, , ,Y, , ,Unknown,,Y,Unknown,,Y,,Y,,Y,"[REDACTED, MAY CONTAIN CONFIDENTIAL BUSINESS INFORMATION]",Y,"[REDACTED, MAY CONTAIN CONFIDENTIAL BUSINESS INFORMATION]",Y
13781-8570,1,"Tesla, Inc.",5-Day,,,SEP-2024,5YJ3E1EA2NF, ,N/A,Tesla,Model 3, ,2022, ,6d661a931419ac5,117136, ,Consumer,"[REDACTED, MAY CONTAIN CONFIDENTIAL BUSINESS INFORMATION]", ,Y,"[REDACTED, MAY CONTAIN CONFIDENTIAL BUSINESS INFORMATION]", ,Y,"[REDACTED, MAY CONTAIN CONFIDENTIAL BUSINESS INFORMATION]", ,Y,,Y, ,,, ,Y,No,,No,ADAS,, , ,Y, , , , , ,,SEP-2024, ,SEP-2024,18:47, ,2ba7ff280a6aaf5,[MAY CONTAIN PERSONALLY IDENTIFIABLE INFORMATION], ,[MAY CONTAIN PERSONALLY IDENTIFIABLE INFORMATION], ,[MAY CONTAIN PERSONALLY IDENTIFIABLE INFORMATION], ,East Windsor, ,CT ,[MAY CONTAIN PERSONALLY IDENTIFIABLE INFORMATION], ,Street,Dry,No Unusual Conditions,45, ,Daylight,Y, , , , , , , ,,SUV,Unknown,Yes,Making Left Turn,Yes,Unknown, , ,Y, , , , , , , , ,Proceeding Straight,Yes,Unknown,Unknown,34, , , ,Y, , ,Y, , ,Y, , ,Y, ,Y, ,Y,Y, , ,Unknown,,Y,Unknown,,Y,,Y,,Y,"[REDACTED, MAY CONTAIN CONFIDENTIAL BUSINESS INFORMATION]",Y,"[REDACTED, MAY CONTAIN CONFIDENTIAL BUSINESS INFORMATION]",Y
13781-8569,1,"Tesla, Inc.",5-Day,,,SEP-2024,7SAYGDEE4PA, ,N/A,Tesla,Model Y, ,2023, ,9f6b738d2770c4c,7267, ,Consumer,"[REDACTED, MAY CONTAIN CONFIDENTIAL BUSINESS INFORMATION]", ,Y,"[REDACTED, MAY CONTAIN CONFIDENTIAL BUSINESS INFORMATION]", ,Y,"[REDACTED, MAY CONTAIN CONFIDENTIAL BUSINESS INFORMATION]", ,Y,,Y, ,,, ,Y,No,,No,ADAS,, ,Y, , , , , , ,,SEP-2024, ,SEP-2024,20:47, ,bee5de889502f3f,,Y,,Y,[MAY CONTAIN PERSONALLY IDENTIFIABLE INFORMATION], ,Woodbridge, ,VA ,[MAY CONTAIN PERSONALLY IDENTIFIABLE INFORMATION], ,Unknown,Unknown,Unknown,,Y,Unknown, , , , , , ,Y, ,,Unknown,Unknown,Yes,Unknown,Unknown,Unknown, , , , , , , , , , ,Y,Unknown,No,Yes,Unknown,66, , , , , , , , , , , ,Y, , , ,Y, ,Y, , ,Unknown,,Y,Unknown,,Y,,Y,,Y,"[REDACTED, MAY CONTAIN CONFIDENTIAL BUSINESS INFORMATION]",Y,"[REDACTED, MAY CONTAIN CONFIDENTIAL BUSINESS INFORMATION]",Y