Report ID,Report Version,Reporting Entity,Report Type,Report Month,Report Year,Report Submission Date,VIN,VIN - Unknown,Serial Number,Make,Model,Model - Unknown,Model Year,Model Year - Unknown,Same Vehicle ID,Mileage,Mileage - Unknown,Driver / Operator Type,ADAS/ADS System Version,ADAS/ADS System Version - Unk,ADAS/ADS System Version CBI,ADAS/ADS Hardware Version,ADAS/ADS Hardware Version - Unk,ADAS/ADS Hardware Version CBI,ADAS/ADS Software Version,ADAS/ADS Software Version - Unk,ADAS/ADS Software Version CBI,Other Reporting Entities?,Other Reporting Entities? - Unk,Other Reporting Entities? - NA,Federal Regulatory Exemption?,Other Federal Reg. Exemption,Federal Reg. Exemption - Unk,Federal Reg. Exemption - No,State or Local Permit?,State or Local Permit,ADS Equipped?,Automation System Engaged?,Operating Entity,Operating Entity - Unknown,Source - Complaint/Claim,Source - Telematics,Source - Law Enforcement,Source - Field Report,Source - Testing,Source - Media,Source - Other,Source - Other Text,Incident Date,Incident Date - Unknown,Notice Received Date,Incident Time (24:00),Incident Time - Unknown,Same Incident ID,Latitude,Latitude - Unknown,Longitude,Longitude - Unknown,Address,Address - Unknown,City,City - Unknown,State,Zip Code,Zip Code - Unknown,Roadway Type,Roadway Surface,Roadway Description,Posted Speed Limit (MPH),Posted Speed Limit - Unknown,Lighting,Weather - Clear,Weather - Snow,Weather - Cloudy,Weather - Fog/Smoke,Weather - Rain,Weather - Severe Wind,Weather - Unknown,Weather - Other,Weather - Other Text,Crash With,Highest Injury Severity Alleged,Property Damage?,CP Pre-Crash Movement,CP Any Air Bags Deployed?,CP Was Vehicle Towed?,CP Contact Area - Rear Left,CP Contact Area - Left,CP Contact Area - Front Left,CP Contact Area - Rear,CP Contact Area - Top,CP Contact Area - Front,CP Contact Area - Rear Right,CP Contact Area - Right,CP Contact Area - Front Right,CP Contact Area - Bottom,CP Contact Area - Unknown,SV Pre-Crash Movement,SV Any Air Bags Deployed?,SV Was Vehicle Towed?,SV Were All Passengers Belted?,SV Precrash Speed (MPH),SV Pre-crash Speed - Unknown,SV Contact Area - Rear Left,SV Contact Area - Left,SV Contact Area - Front Left,SV Contact Area - Rear,SV Contact Area - Top,SV Contact Area - Front,SV Contact Area - Rear Right,SV Contact Area - Right,SV Contact Area - Front Right,SV Contact Area - Bottom,SV Contact Area - Unknown,Data Availability - EDR,Data Availability - Police Rpt,Data Availability - Telematics,Data Availability - Complaints,Data Availability - Video,Data Availability - Other,Data Availability - No Data,Data Availability - Unknown,Law Enforcement Investigating?,Investigating Agency,Investigating Agency - Unknown,Rep Ent Or Mfr Investigating?,Investigating Officer Name,Inv. Officer Name - Unknown,Investigating Officer Phone,Inv. Officer Phone - Unknown,Investigating Officer Email,Inv. Officer Email - Unknown,Within ODD?,Within ODD? - CBI,Narrative,Narrative - CBI?
13781-8491,1,"Tesla, Inc.",5-Day,,,SEP-2024,5YJ3E1EB2JF, ,N/A,Tesla,Model 3, ,2018, ,d3fd69ad3d54c22,112341, ,Consumer,"[REDACTED, MAY CONTAIN CONFIDENTIAL BUSINESS INFORMATION]", ,Y,"[REDACTED, MAY CONTAIN CONFIDENTIAL BUSINESS INFORMATION]", ,Y,"[REDACTED, MAY CONTAIN CONFIDENTIAL BUSINESS INFORMATION]", ,Y,,Y, ,,, ,Y,No,,No,ADAS,, , ,Y, , , , , ,,AUG-2024, ,AUG-2024,03:15, ,51735bd7be89d4d,[MAY CONTAIN PERSONALLY IDENTIFIABLE INFORMATION], ,[MAY CONTAIN PERSONALLY IDENTIFIABLE INFORMATION], ,[MAY CONTAIN PERSONALLY IDENTIFIABLE INFORMATION], ,Gravois Mills, ,MO ,[MAY CONTAIN PERSONALLY IDENTIFIABLE INFORMATION], ,Unknown,Unknown,Unknown,45, ,Unknown, , , , , , ,Y, ,,Unknown,Unknown,Yes,Unknown,Unknown,Unknown, , , , , , , , , , ,Y,Unknown,Yes,Unknown,Unknown,9, , , , , , , , , , , ,Y,Y, ,Y, , ,Y, , ,Unknown,,Y,Unknown,,Y,,Y,,Y,"[REDACTED, MAY CONTAIN CONFIDENTIAL BUSINESS INFORMATION]",Y,"[REDACTED, MAY CONTAIN CONFIDENTIAL BUSINESS INFORMATION]",Y
13781-8490,1,"Tesla, Inc.",5-Day,,,SEP-2024,7SAYGAEE7PF, ,N/A,Tesla,Model Y, ,2023, ,f44b32c9ed23fa2,29035, ,Consumer,"[REDACTED, MAY CONTAIN CONFIDENTIAL BUSINESS INFORMATION]", ,Y,"[REDACTED, MAY CONTAIN CONFIDENTIAL BUSINESS INFORMATION]", ,Y,"[REDACTED, MAY CONTAIN CONFIDENTIAL BUSINESS INFORMATION]", ,Y,,Y, ,,, ,Y,No,,No,ADAS,, ,Y, , , , , , ,,AUG-2024, ,AUG-2024,10:50, ,bcd28dcf9d05779,,Y,,Y,[MAY CONTAIN PERSONALLY IDENTIFIABLE INFORMATION], ,Sarasota, ,FL ,[MAY CONTAIN PERSONALLY IDENTIFIABLE INFORMATION], ,Unknown,Unknown,Unknown,,Y,Unknown, , , , , , ,Y, ,,Other Fixed Object,Unknown,Yes,,,, , , , , , , , , , , ,Unknown,No,Yes,Unknown,14, , , , , , , , , , , ,Y, , , ,Y, ,Y, , ,Unknown,,Y,Unknown,,Y,,Y,,Y,"[REDACTED, MAY CONTAIN CONFIDENTIAL BUSINESS INFORMATION]",Y,"[REDACTED, MAY CONTAIN CONFIDENTIAL BUSINESS INFORMATION]",Y
13781-8489,1,"Tesla, Inc.",5-Day,,,SEP-2024,7SAYGDED9RA, ,N/A,Tesla,Model Y, ,2024, ,3f37d7086c2fdbe,75, ,Consumer,"[REDACTED, MAY CONTAIN CONFIDENTIAL BUSINESS INFORMATION]", ,Y,"[REDACTED, MAY CONTAIN CONFIDENTIAL BUSINESS INFORMATION]", ,Y,"[REDACTED, MAY CONTAIN CONFIDENTIAL BUSINESS INFORMATION]", ,Y,,Y, ,,, ,Y,No,,No,ADAS,, ,Y, , , , , , ,,AUG-2024, ,AUG-2024,21:27, ,d80d880335f5018,,Y,,Y,[MAY CONTAIN PERSONALLY IDENTIFIABLE INFORMATION], ,McKinney, ,TX ,[MAY CONTAIN PERSONALLY IDENTIFIABLE INFORMATION], ,Unknown,Unknown,Unknown,,Y,Unknown, , , , , , ,Y, ,,Other Fixed Object,Unknown,Yes,,,, , , , , , , , , , , ,Unknown,No,Yes,Unknown,25, ,Y, ,Y, , , , , , , , , , , ,Y, ,Y, , ,Unknown,,Y,Unknown,,Y,,Y,,Y,"[REDACTED, MAY CONTAIN CONFIDENTIAL BUSINESS INFORMATION]",Y,"[REDACTED, MAY CONTAIN CONFIDENTIAL BUSINESS INFORMATION]",Y
1243-8486,1,"Subaru of America, Inc.",5-Day,,,SEP-2024,JF2SKAMC7NH, ,N/A,Subaru,Forester, ,2022, ,5d33dcc7d207b40,29200, ,Consumer,"[REDACTED, MAY CONTAIN CONFIDENTIAL BUSINESS INFORMATION]", ,Y,,Y, ,,Y, ,, ,Y,,, ,Y,No,,No,ADAS,, ,Y, , , , , , ,,AUG-2024, ,AUG-2024,23:00, ,b0d904f672fe0c9,[MAY CONTAIN PERSONALLY IDENTIFIABLE INFORMATION], ,[MAY CONTAIN PERSONALLY IDENTIFIABLE INFORMATION], ,[MAY CONTAIN PERSONALLY IDENTIFIABLE INFORMATION], ,Napavine, ,WA ,[MAY CONTAIN PERSONALLY IDENTIFIABLE INFORMATION], ,Rural Road,Dry,No Unusual Conditions,25, ,Dark - Unknown Lighting,Y, , , , , , , ,,Other Fixed Object,Minor,Yes,,,, , , , , , , , , , , ,Proceeding Straight,Yes,Yes,Yes,25, ,Y,Y,Y, ,Y,Y,Y,Y,Y, , , , ,Y, , , , , ,Unknown,,Y,Unknown,,Y,,Y,,Y,"[REDACTED, MAY CONTAIN CONFIDENTIAL BUSINESS INFORMATION]",Y,"[REDACTED, MAY CONTAIN CONFIDENTIAL BUSINESS INFORMATION]",Y
540-8472,1,"General Motors, LLC",5-Day,,,SEP-2024,1GNERGKS6RJ, ,N/A,Chevrolet,Traverse, ,2024, ,78f92fa3b8eaaaa,3555, ,Consumer,Level 2, , ,,Y, ,,Y, ,, ,Y,,, ,Y,No,,No,ADAS,, , ,Y, , , , , ,,AUG-2024, ,AUG-2024,17:08, ,23b24735ea3a59b,[MAY CONTAIN PERSONALLY IDENTIFIABLE INFORMATION], ,[MAY CONTAIN PERSONALLY IDENTIFIABLE INFORMATION], ,[MAY CONTAIN PERSONALLY IDENTIFIABLE INFORMATION], ,Vinton, ,LA ,[MAY CONTAIN PERSONALLY IDENTIFIABLE INFORMATION], ,Highway / Freeway,Dry,Unknown,70, ,Daylight, , , , , , , ,Y,Partly Cloudy,Other Fixed Object,No Injuries Reported,Yes,,,, , , , , , , , , , , ,Lane / Road Departure,Yes,Unknown,Yes,72, , , ,Y, , ,Y, , , , , , , ,Y, , , , , ,Unknown,,Y,No,,Y,,Y,,Y,Yes, ,"On August [XXX], 2024, a 2024 Chevrolet Traverse was travelling west on [XXX], west of [XXX] in Vinton, Louisiana with Super Cruise engaged and active.  The vehicle struck a concrete Jersey barrier.  Crash data indicates frontal airbags and seat belt pretensioners deployed and both occupants were buckled at the time of crash.  According to telematics data, approximately 11 seconds prior to crash, Super Cruise entered a Disabled/Not Ready state when the driver took control.",
13781-8479,1,"Tesla, Inc.",5-Day,,,AUG-2024,7SAYGDEE1NF, ,N/A,Tesla,Model Y, ,2022, ,80dc8bb558e872f,25659, ,Consumer,"[REDACTED, MAY CONTAIN CONFIDENTIAL BUSINESS INFORMATION]", ,Y,"[REDACTED, MAY CONTAIN CONFIDENTIAL BUSINESS INFORMATION]", ,Y,"[REDACTED, MAY CONTAIN CONFIDENTIAL BUSINESS INFORMATION]", ,Y,,Y, ,,, ,Y,No,,No,ADAS,, , ,Y, , , , , ,,AUG-2024, ,AUG-2024,07:05, ,f4fb046183441b0,[MAY CONTAIN PERSONALLY IDENTIFIABLE INFORMATION], ,[MAY CONTAIN PERSONALLY IDENTIFIABLE INFORMATION], ,[MAY CONTAIN PERSONALLY IDENTIFIABLE INFORMATION], ,West Palm Beach, ,FL ,[MAY CONTAIN PERSONALLY IDENTIFIABLE INFORMATION], ,Highway / Freeway,Wet,Unknown,70, ,Dark - Not Lighted, , ,Y, ,Y, , , ,,Unknown,Unknown,Yes,Unknown,Unknown,Unknown, , , , , , , , , , ,Y,Unknown,Yes,Unknown,Unknown,,Y, , , , , , , , , , ,Y,Y, ,Y, ,Y,Y, , ,Unknown,,Y,Unknown,,Y,,Y,,Y,"[REDACTED, MAY CONTAIN CONFIDENTIAL BUSINESS INFORMATION]",Y,"[REDACTED, MAY CONTAIN CONFIDENTIAL BUSINESS INFORMATION]",Y
13781-8476,2,"Tesla, Inc.",Update,,,AUG-2024,5YJ3E1EA4RF, ,N/A,Tesla,Model 3, ,2024, ,53182f6531dd874,7293, ,Consumer,"[REDACTED, MAY CONTAIN CONFIDENTIAL BUSINESS INFORMATION]", ,Y,"[REDACTED, MAY CONTAIN CONFIDENTIAL BUSINESS INFORMATION]", ,Y,"[REDACTED, MAY CONTAIN CONFIDENTIAL BUSINESS INFORMATION]", ,Y,,Y, ,,, ,Y,No,,No,ADAS,, , ,Y, , , , , ,,AUG-2024, ,AUG-2024,09:45, ,cac5c7803ecc55f,[MAY CONTAIN PERSONALLY IDENTIFIABLE INFORMATION], ,[MAY CONTAIN PERSONALLY IDENTIFIABLE INFORMATION], ,[MAY CONTAIN PERSONALLY IDENTIFIABLE INFORMATION], ,Wickenburg, ,AZ ,[MAY CONTAIN PERSONALLY IDENTIFIABLE INFORMATION], ,Rural Road,Dry,Unknown,,Y,Dark - Not Lighted,Y, , , , , , , ,,Unknown,Unknown,Yes,Unknown,Unknown,Unknown, , , , , , , , , , ,Y,Unknown,Yes,Yes,Unknown,27, , , , , , , , , , , ,Y,Y, ,Y, ,Y,Y, , ,Unknown,,Y,Unknown,,Y,,Y,,Y,"[REDACTED, MAY CONTAIN CONFIDENTIAL BUSINESS INFORMATION]",Y,"[REDACTED, MAY CONTAIN CONFIDENTIAL BUSINESS INFORMATION]",Y
13781-8476,1,"Tesla, Inc.",5-Day,,,AUG-2024,5YJ3E1EA4RF, ,N/A,Tesla,Model 3, ,7293, ,53182f6531dd874,2024, ,Consumer,"[REDACTED, MAY CONTAIN CONFIDENTIAL BUSINESS INFORMATION]", ,Y,"[REDACTED, MAY CONTAIN CONFIDENTIAL BUSINESS INFORMATION]", ,Y,"[REDACTED, MAY CONTAIN CONFIDENTIAL BUSINESS INFORMATION]", ,Y,,Y, ,,, ,Y,No,,No,ADAS,, , ,Y, , , , , ,,AUG-2024, ,AUG-2024,09:45, ,cac5c7803ecc55f,[MAY CONTAIN PERSONALLY IDENTIFIABLE INFORMATION], ,[MAY CONTAIN PERSONALLY IDENTIFIABLE INFORMATION], ,[MAY CONTAIN PERSONALLY IDENTIFIABLE INFORMATION], ,Wickenburg, ,AZ ,[MAY CONTAIN PERSONALLY IDENTIFIABLE INFORMATION], ,Rural Road,Dry,Unknown,,Y,Dark - Not Lighted,Y, , , , , , , ,,Unknown,Unknown,Yes,Unknown,Unknown,Unknown, , , , , , , , , , ,Y,Unknown,Yes,Yes,Unknown,27, , , , , , , , , , , ,Y,Y, ,Y, ,Y,Y, , ,Unknown,,Y,Unknown,,Y,,Y,,Y,"[REDACTED, MAY CONTAIN CONFIDENTIAL BUSINESS INFORMATION]",Y,"[REDACTED, MAY CONTAIN CONFIDENTIAL BUSINESS INFORMATION]",Y
13781-8475,1,"Tesla, Inc.",5-Day,,,AUG-2024,7SAYGDEE0RF, ,N/A,Tesla,Model Y, ,2024, ,c441523880f12dd,803, ,Consumer,"[REDACTED, MAY CONTAIN CONFIDENTIAL BUSINESS INFORMATION]", ,Y,"[REDACTED, MAY CONTAIN CONFIDENTIAL BUSINESS INFORMATION]", ,Y,"[REDACTED, MAY CONTAIN CONFIDENTIAL BUSINESS INFORMATION]", ,Y,,Y, ,,, ,Y,No,,No,ADAS,, , ,Y, , , , , ,,AUG-2024, ,AUG-2024,01:16, ,2d5bd1a5a4079f3,[MAY CONTAIN PERSONALLY IDENTIFIABLE INFORMATION], ,[MAY CONTAIN PERSONALLY IDENTIFIABLE INFORMATION], ,[MAY CONTAIN PERSONALLY IDENTIFIABLE INFORMATION], ,Newton, ,MA ,[MAY CONTAIN PERSONALLY IDENTIFIABLE INFORMATION], ,Unknown,Unknown,Unknown,25, ,Unknown, , , , , , ,Y, ,,Unknown,Unknown,Yes,Unknown,Unknown,Unknown, , , , , , , , , , ,Y,Unknown,Yes,Unknown,Unknown,16, , , , , , , , , , , ,Y,Y, ,Y, , ,Y, , ,Unknown,,Y,Unknown,,Y,,Y,,Y,"[REDACTED, MAY CONTAIN CONFIDENTIAL BUSINESS INFORMATION]",Y,"[REDACTED, MAY CONTAIN CONFIDENTIAL BUSINESS INFORMATION]",Y
13781-8473,1,"Tesla, Inc.",5-Day,,,AUG-2024,5YJ3E1EB2JF, ,N/A,Tesla,Model 3, ,2018, ,90f8621d6bf5ac8,64646, ,Consumer,"[REDACTED, MAY CONTAIN CONFIDENTIAL BUSINESS INFORMATION]", ,Y,"[REDACTED, MAY CONTAIN CONFIDENTIAL BUSINESS INFORMATION]", ,Y,"[REDACTED, MAY CONTAIN CONFIDENTIAL BUSINESS INFORMATION]", ,Y,,Y, ,,, ,Y,No,,No,ADAS,, , ,Y, , , , , ,,AUG-2024, ,AUG-2024,13:35, ,afb29c9dbc76895,[MAY CONTAIN PERSONALLY IDENTIFIABLE INFORMATION], ,[MAY CONTAIN PERSONALLY IDENTIFIABLE INFORMATION], ,[MAY CONTAIN PERSONALLY IDENTIFIABLE INFORMATION], ,Austin, ,TX ,[MAY CONTAIN PERSONALLY IDENTIFIABLE INFORMATION], ,Rural Road,Dry,No Unusual Conditions,60, ,Daylight,Y, , , , , , , ,,Heavy Truck,Unknown,Yes,Making Left Turn,Unknown,Unknown, , , , , , ,Y,Y, , , ,Proceeding Straight,Yes,Unknown,Unknown,13, , , , , , ,Y, , ,Y, , ,Y, ,Y, ,Y,Y, , ,Unknown,,Y,Unknown,,Y,,Y,,Y,"[REDACTED, MAY CONTAIN CONFIDENTIAL BUSINESS INFORMATION]",Y,"[REDACTED, MAY CONTAIN CONFIDENTIAL BUSINESS INFORMATION]",Y
540-8333,2,"General Motors, LLC",Update,,,AUG-2024,1GYKPSRL0RZ, ,N/A,Cadillac,LYRIQ, ,2024, ,58c3c8dcebbe726,6735, ,Consumer,Level 2, , ,,Y, ,,Y, ,, ,Y,,, ,Y,No,,No,ADAS,, , ,Y, , , , ,Y,OnStar call,AUG-2024, ,AUG-2024,14:06, ,86aeb09d0fd8e3a,[MAY CONTAIN PERSONALLY IDENTIFIABLE INFORMATION], ,[MAY CONTAIN PERSONALLY IDENTIFIABLE INFORMATION], ,[MAY CONTAIN PERSONALLY IDENTIFIABLE INFORMATION], ,Port St Lucie, ,FL ,[MAY CONTAIN PERSONALLY IDENTIFIABLE INFORMATION], ,Highway / Freeway,Unknown,No Unusual Conditions,70, ,Daylight, , , , ,Y, , , ,,Passenger Car,Unknown,Yes,Stopped,No,Yes, , , ,Y, , , , , , , ,Proceeding Straight,Yes,Yes,Yes,20, , , , , , ,Y, , , , , , ,Y,Y, , ,Y, , ,Yes,Florida Highway Patrol, ,No,[MAY CONTAIN PERSONALLY IDENTIFIABLE INFORMATION], ,[MAY CONTAIN PERSONALLY IDENTIFIABLE INFORMATION], ,,Y,Yes, ,"GM is submitting an updated report to an initial report, 540-8333-1, submitted on August [XXX], 2024. The updates, based on a police report received on August 29, include the subject vehicle and vehicle struck were both towed, the MMY of the vehicle struck was identified as a 2022 Hyundai Palisade and it was raining. On August [XXX], 2024, a 2024 Cadillac Lyriq was travelling north on the [XXX] south of [XXX] in Port St Lucie, Florida with Super Cruise engaged and active.  The subject vehicle struck a stopped 2022 Hyundai Palisade in the rear.  Crash data indicates frontal airbags and seat belt pretensioners deployed.  According to telematics data, approximately 7 seconds prior to crash, Super Cruise entered an Override state due to steering wheel torque input.  At approximately 6 seconds prior to crash, Super Cruise entered a Disable/Not Ready state due to brake pedal input.  Per  the police report, the driver and passenger in the 2024 Cadillac Lyriq were both transported to a medical facility.  The level of injury is unknown.",
13781-8466,1,"Tesla, Inc.",5-Day,,,AUG-2024,7SAYGDEE8PF, ,N/A,Tesla,Model Y, ,2023, ,113fe0a319dfb07,9401, ,Consumer,"[REDACTED, MAY CONTAIN CONFIDENTIAL BUSINESS INFORMATION]", ,Y,"[REDACTED, MAY CONTAIN CONFIDENTIAL BUSINESS INFORMATION]", ,Y,"[REDACTED, MAY CONTAIN CONFIDENTIAL BUSINESS INFORMATION]", ,Y,,Y, ,,, ,Y,No,,No,ADAS,, , ,Y, , , , , ,,AUG-2024, ,AUG-2024,23:06, ,d3f5444d4ecee6c,[MAY CONTAIN PERSONALLY IDENTIFIABLE INFORMATION], ,[MAY CONTAIN PERSONALLY IDENTIFIABLE INFORMATION], ,[MAY CONTAIN PERSONALLY IDENTIFIABLE INFORMATION], ,Wickenburg, ,AZ ,[MAY CONTAIN PERSONALLY IDENTIFIABLE INFORMATION], ,Highway / Freeway,Dry,Unknown,,Y,Daylight,Y, , , , , , , ,,Unknown,Unknown,Yes,Unknown,Unknown,Unknown, , , , , , , , , , ,Y,Unknown,Yes,Unknown,Unknown,48, , , , , , , , , , , ,Y,Y, ,Y, ,Y,Y, , ,Unknown,,Y,Unknown,,Y,,Y,,Y,"[REDACTED, MAY CONTAIN CONFIDENTIAL BUSINESS INFORMATION]",Y,"[REDACTED, MAY CONTAIN CONFIDENTIAL BUSINESS INFORMATION]",Y
13781-8464,1,"Tesla, Inc.",5-Day,,,AUG-2024,5YJSA1E57MF, ,N/A,Tesla,Model S, ,2021, ,07710540adcfb45,17234, ,Consumer,"[REDACTED, MAY CONTAIN CONFIDENTIAL BUSINESS INFORMATION]", ,Y,"[REDACTED, MAY CONTAIN CONFIDENTIAL BUSINESS INFORMATION]", ,Y,"[REDACTED, MAY CONTAIN CONFIDENTIAL BUSINESS INFORMATION]", ,Y,,Y, ,,, ,Y,No,,No,ADAS,, , ,Y, , , , , ,,AUG-2024, ,AUG-2024,12:09, ,593db4c0210a952,[MAY CONTAIN PERSONALLY IDENTIFIABLE INFORMATION], ,[MAY CONTAIN PERSONALLY IDENTIFIABLE INFORMATION], ,[MAY CONTAIN PERSONALLY IDENTIFIABLE INFORMATION], ,Rexford, ,NY ,[MAY CONTAIN PERSONALLY IDENTIFIABLE INFORMATION], ,Street,Dry,Unknown,40, ,Daylight, , ,Y, , , , , ,,Unknown,Unknown,Yes,Unknown,Unknown,Unknown, , , , , , , , , , ,Y,Unknown,Yes,Unknown,Unknown,24, , , , , , , , , , , ,Y,Y, ,Y, ,Y,Y, , ,Unknown,,Y,Unknown,,Y,,Y,,Y,"[REDACTED, MAY CONTAIN CONFIDENTIAL BUSINESS INFORMATION]",Y,"[REDACTED, MAY CONTAIN CONFIDENTIAL BUSINESS INFORMATION]",Y
13781-8462,1,"Tesla, Inc.",5-Day,,,AUG-2024,5YJ3E1EB9LF, ,N/A,Tesla,Model 3, ,2020, ,c6331ac1d107a9a,49212, ,Consumer,"[REDACTED, MAY CONTAIN CONFIDENTIAL BUSINESS INFORMATION]", ,Y,"[REDACTED, MAY CONTAIN CONFIDENTIAL BUSINESS INFORMATION]", ,Y,"[REDACTED, MAY CONTAIN CONFIDENTIAL BUSINESS INFORMATION]", ,Y,,Y, ,,, ,Y,No,,No,ADAS,, , ,Y, , , , , ,,AUG-2024, ,AUG-2024,16:43, ,6e152b119c411fc,[MAY CONTAIN PERSONALLY IDENTIFIABLE INFORMATION], ,[MAY CONTAIN PERSONALLY IDENTIFIABLE INFORMATION], ,[MAY CONTAIN PERSONALLY IDENTIFIABLE INFORMATION], ,Traverse, ,MI ,[MAY CONTAIN PERSONALLY IDENTIFIABLE INFORMATION], ,Unknown,Unknown,Unknown,40, ,Unknown, , , , , , ,Y, ,,Unknown,Unknown,Yes,Unknown,Unknown,Unknown, , , , , , , , , , ,Y,Unknown,Yes,Unknown,Unknown,6, , , , , , , , , , , ,Y,Y, ,Y, , ,Y, , ,Unknown,,Y,Unknown,,Y,,Y,,Y,"[REDACTED, MAY CONTAIN CONFIDENTIAL BUSINESS INFORMATION]",Y,"[REDACTED, MAY CONTAIN CONFIDENTIAL BUSINESS INFORMATION]",Y
13781-8461,1,"Tesla, Inc.",5-Day,,,AUG-2024,5YJYGDEE9LF, ,N/A,Tesla,Model Y, ,2020, ,c46dd0f5d8cfe84,37461, ,Consumer,"[REDACTED, MAY CONTAIN CONFIDENTIAL BUSINESS INFORMATION]", ,Y,"[REDACTED, MAY CONTAIN CONFIDENTIAL BUSINESS INFORMATION]", ,Y,"[REDACTED, MAY CONTAIN CONFIDENTIAL BUSINESS INFORMATION]", ,Y,,Y, ,,, ,Y,No,,No,ADAS,, , ,Y, , , , , ,,AUG-2024, ,AUG-2024,20:52, ,3f509880f2f4c91,[MAY CONTAIN PERSONALLY IDENTIFIABLE INFORMATION], ,[MAY CONTAIN PERSONALLY IDENTIFIABLE INFORMATION], ,[MAY CONTAIN PERSONALLY IDENTIFIABLE INFORMATION], ,Canonsburg, ,PA ,[MAY CONTAIN PERSONALLY IDENTIFIABLE INFORMATION], ,Rural Road,Dry,No Unusual Conditions,25, ,Daylight, , ,Y, , , , , ,,"Other, see Narrative",Unknown,Yes,Unknown,Unknown,Unknown, , , , , , , , , , ,Y,Lane / Road Departure,Yes,Unknown,Unknown,15, , , , , , , , , , ,Y, ,Y, ,Y, ,Y,Y, , ,Unknown,,Y,Unknown,,Y,,Y,,Y,"[REDACTED, MAY CONTAIN CONFIDENTIAL BUSINESS INFORMATION]",Y,"[REDACTED, MAY CONTAIN CONFIDENTIAL BUSINESS INFORMATION]",Y
13781-8460,1,"Tesla, Inc.",5-Day,,,AUG-2024,7SAYGDEE4PA, ,N/A,Tesla,Model Y, ,2023, ,c8403288e79fed5,31346, ,Consumer,"[REDACTED, MAY CONTAIN CONFIDENTIAL BUSINESS INFORMATION]", ,Y,"[REDACTED, MAY CONTAIN CONFIDENTIAL BUSINESS INFORMATION]", ,Y,"[REDACTED, MAY CONTAIN CONFIDENTIAL BUSINESS INFORMATION]", ,Y,,Y, ,,, ,Y,No,,No,ADAS,, , ,Y, , , , , ,,AUG-2024, ,AUG-2024,19:22, ,3748f868cd7c453,[MAY CONTAIN PERSONALLY IDENTIFIABLE INFORMATION], ,[MAY CONTAIN PERSONALLY IDENTIFIABLE INFORMATION], ,[MAY CONTAIN PERSONALLY IDENTIFIABLE INFORMATION], ,Grayling, ,MI ,[MAY CONTAIN PERSONALLY IDENTIFIABLE INFORMATION], ,Unknown,Unknown,Unknown,75, ,Unknown, , , , , , ,Y, ,,Unknown,Unknown,Yes,Unknown,Unknown,Unknown, , , , , , , , , , ,Y,Unknown,Yes,Unknown,Unknown,,Y, , , , , , , , , , ,Y,Y, ,Y, , ,Y, , ,Unknown,,Y,Unknown,,Y,,Y,,Y,"[REDACTED, MAY CONTAIN CONFIDENTIAL BUSINESS INFORMATION]",Y,"[REDACTED, MAY CONTAIN CONFIDENTIAL BUSINESS INFORMATION]",Y
13781-8457,1,"Tesla, Inc.",5-Day,,,AUG-2024,5YJSA1E14GF, ,N/A,Tesla,Model S, ,2016, ,125b56c33dc78b7,83403, ,Consumer,"[REDACTED, MAY CONTAIN CONFIDENTIAL BUSINESS INFORMATION]", ,Y,"[REDACTED, MAY CONTAIN CONFIDENTIAL BUSINESS INFORMATION]", ,Y,"[REDACTED, MAY CONTAIN CONFIDENTIAL BUSINESS INFORMATION]", ,Y,,Y, ,,, ,Y,No,,No,ADAS,, ,Y, , , , , , ,,AUG-2024, ,AUG-2024,17:57, ,52f3d36cd1dd654,,Y,,Y,,Y,,Y,FL ,,Y,Unknown,Unknown,Unknown,,Y,Unknown, , , , , , ,Y, ,,Unknown,Unknown,Yes,Unknown,Unknown,Unknown, , , , , , , , , , ,Y,Unknown,Unknown,Yes,Unknown,,Y, , , , , , , , , , ,Y, , , ,Y, ,Y, , ,Unknown,,Y,Unknown,,Y,,Y,,Y,"[REDACTED, MAY CONTAIN CONFIDENTIAL BUSINESS INFORMATION]",Y,"[REDACTED, MAY CONTAIN CONFIDENTIAL BUSINESS INFORMATION]",Y
540-8239,2,"General Motors, LLC",Update,,,AUG-2024,1GYS4MKL8NR, ,N/A,Cadillac,Escalade ESV, ,2022, ,29721164460f556,46700, ,Consumer,Level 2, , ,,Y, ,,Y, ,,Y, ,,, ,Y,No,,No,ADAS,, , ,Y,Y, , , , ,,JUL-2024, ,JUL-2024,17:58, ,280827e5995a8b1,[MAY CONTAIN PERSONALLY IDENTIFIABLE INFORMATION], ,[MAY CONTAIN PERSONALLY IDENTIFIABLE INFORMATION], ,[MAY CONTAIN PERSONALLY IDENTIFIABLE INFORMATION], ,Brookston, ,IN ,[MAY CONTAIN PERSONALLY IDENTIFIABLE INFORMATION], ,Highway / Freeway,Dry,No Unusual Conditions,70, ,Daylight,Y, , , , , , , ,,Heavy Truck,Minor,Yes,Proceeding Straight,No,No, , , ,Y, , , , , , , ,Proceeding Straight,Yes,Yes,Yes,82, , , ,Y, , ,Y, , ,Y, , , ,Y,Y, , , , , ,Yes,Indiana State Police-Lafayette District, ,No,[MAY CONTAIN PERSONALLY IDENTIFIABLE INFORMATION], ,,Y,,Y,Yes, ,"This is an update to a 5-day report submitted on July [XXX], 2024.
On July [XXX], 2024, a 2022 Escalade ESV was traveling south on [XXX] in Brookston, Indiana with Super Cruise engaged and active. Crash data indicates a frontal impact with seat belt pretensioner and air bag deployments occurred.  Occupants in the driver and passenger seat were wearing seatbelts.  According to Super Cruise telematics data, approximately  18 seconds prior to the crash, Super Cruise detected a distracted driver.  At approximately 15 seconds prior to the crash, Super Cruise state of Disabled/Not Ready was recorded,  indicating a driver takeover of the vehicle.  A subject vehicle speed of approximately 82 mph was recorded 11 seconds prior to the crash.
A copy of the police report reviewed by GM on August 26, 2024 confirms that the subject vehicle rear-ended a 2021 Peterbilt 579 commercial truck.  The police report also confirms that both occupants of the subject vehicle were transported by ambulance to a hospital and that the subject vehicle was towed.",