Report ID,Report Version,Reporting Entity,Report Type,Report Month,Report Year,Report Submission Date,VIN,VIN - Unknown,Serial Number,Make,Model,Model - Unknown,Model Year,Model Year - Unknown,Same Vehicle ID,Mileage,Mileage - Unknown,Driver / Operator Type,ADAS/ADS System Version,ADAS/ADS System Version - Unk,ADAS/ADS System Version CBI,ADAS/ADS Hardware Version,ADAS/ADS Hardware Version - Unk,ADAS/ADS Hardware Version CBI,ADAS/ADS Software Version,ADAS/ADS Software Version - Unk,ADAS/ADS Software Version CBI,Other Reporting Entities?,Other Reporting Entities? - Unk,Other Reporting Entities? - NA,Federal Regulatory Exemption?,Other Federal Reg. Exemption,Federal Reg. Exemption - Unk,Federal Reg. Exemption - No,State or Local Permit?,State or Local Permit,ADS Equipped?,Automation System Engaged?,Operating Entity,Operating Entity - Unknown,Source - Complaint/Claim,Source - Telematics,Source - Law Enforcement,Source - Field Report,Source - Testing,Source - Media,Source - Other,Source - Other Text,Incident Date,Incident Date - Unknown,Notice Received Date,Incident Time (24:00),Incident Time - Unknown,Same Incident ID,Latitude,Latitude - Unknown,Longitude,Longitude - Unknown,Address,Address - Unknown,City,City - Unknown,State,Zip Code,Zip Code - Unknown,Roadway Type,Roadway Surface,Roadway Description,Posted Speed Limit (MPH),Posted Speed Limit - Unknown,Lighting,Weather - Clear,Weather - Snow,Weather - Cloudy,Weather - Fog/Smoke,Weather - Rain,Weather - Severe Wind,Weather - Unknown,Weather - Other,Weather - Other Text,Crash With,Highest Injury Severity Alleged,Property Damage?,CP Pre-Crash Movement,CP Any Air Bags Deployed?,CP Was Vehicle Towed?,CP Contact Area - Rear Left,CP Contact Area - Left,CP Contact Area - Front Left,CP Contact Area - Rear,CP Contact Area - Top,CP Contact Area - Front,CP Contact Area - Rear Right,CP Contact Area - Right,CP Contact Area - Front Right,CP Contact Area - Bottom,CP Contact Area - Unknown,SV Pre-Crash Movement,SV Any Air Bags Deployed?,SV Was Vehicle Towed?,SV Were All Passengers Belted?,SV Precrash Speed (MPH),SV Pre-crash Speed - Unknown,SV Contact Area - Rear Left,SV Contact Area - Left,SV Contact Area - Front Left,SV Contact Area - Rear,SV Contact Area - Top,SV Contact Area - Front,SV Contact Area - Rear Right,SV Contact Area - Right,SV Contact Area - Front Right,SV Contact Area - Bottom,SV Contact Area - Unknown,Data Availability - EDR,Data Availability - Police Rpt,Data Availability - Telematics,Data Availability - Complaints,Data Availability - Video,Data Availability - Other,Data Availability - No Data,Data Availability - Unknown,Law Enforcement Investigating?,Investigating Agency,Investigating Agency - Unknown,Rep Ent Or Mfr Investigating?,Investigating Officer Name,Inv. Officer Name - Unknown,Investigating Officer Phone,Inv. Officer Phone - Unknown,Investigating Officer Email,Inv. Officer Email - Unknown,Within ODD?,Within ODD? - CBI,Narrative,Narrative - CBI?
13781-8424,1,"Tesla, Inc.",1-Day,,,AUG-2024,5YJ3E1EA9PF, ,N/A,Tesla,Model 3, ,2023, ,e585918f4ef1f93,6966, ,Consumer,"[REDACTED, MAY CONTAIN CONFIDENTIAL BUSINESS INFORMATION]", ,Y,"[REDACTED, MAY CONTAIN CONFIDENTIAL BUSINESS INFORMATION]", ,Y,"[REDACTED, MAY CONTAIN CONFIDENTIAL BUSINESS INFORMATION]", ,Y,,Y, ,,, ,Y,No,,No,ADAS,, ,Y, , , , , , ,,JUL-2024, ,AUG-2024,04:05, ,5022e43fff7d723,[MAY CONTAIN PERSONALLY IDENTIFIABLE INFORMATION], ,[MAY CONTAIN PERSONALLY IDENTIFIABLE INFORMATION], ,,Y,,Y,AZ ,,Y,Unknown,Unknown,Unknown,,Y,Unknown, , , , , , ,Y, ,,Unknown,Unknown,Yes,Unknown,Unknown,Unknown, , , , , , , , , , ,Y,Unknown,Unknown,Yes,Unknown,,Y, , , , , , , , , , ,Y, , , ,Y, ,Y, , ,Unknown,,Y,Unknown,,Y,,Y,,Y,"[REDACTED, MAY CONTAIN CONFIDENTIAL BUSINESS INFORMATION]",Y,"[REDACTED, MAY CONTAIN CONFIDENTIAL BUSINESS INFORMATION]",Y
13781-8423,1,"Tesla, Inc.",5-Day,,,AUG-2024,5YJXCAE22JF, ,N/A,Tesla,Model X, ,2018, ,b95cda87a32eff8,71005, ,Consumer,"[REDACTED, MAY CONTAIN CONFIDENTIAL BUSINESS INFORMATION]", ,Y,"[REDACTED, MAY CONTAIN CONFIDENTIAL BUSINESS INFORMATION]", ,Y,"[REDACTED, MAY CONTAIN CONFIDENTIAL BUSINESS INFORMATION]", ,Y,,Y, ,,, ,Y,No,,No,ADAS,, , ,Y, , , , , ,,AUG-2024, ,AUG-2024,22:55, ,636d1116b00f486,[MAY CONTAIN PERSONALLY IDENTIFIABLE INFORMATION], ,[MAY CONTAIN PERSONALLY IDENTIFIABLE INFORMATION], ,[MAY CONTAIN PERSONALLY IDENTIFIABLE INFORMATION], ,Houston, ,TX ,[MAY CONTAIN PERSONALLY IDENTIFIABLE INFORMATION], ,Unknown,Unknown,Unknown,35, ,Unknown, , , , , , ,Y, ,,Unknown,Unknown,Yes,Unknown,Unknown,Unknown, , , , , , , , , , ,Y,Unknown,Yes,Unknown,Unknown,51, , , , , , , , , , , ,Y,Y, ,Y, , ,Y, , ,Unknown,,Y,Unknown,,Y,,Y,,Y,"[REDACTED, MAY CONTAIN CONFIDENTIAL BUSINESS INFORMATION]",Y,"[REDACTED, MAY CONTAIN CONFIDENTIAL BUSINESS INFORMATION]",Y
13781-8422,1,"Tesla, Inc.",5-Day,,,AUG-2024,7SAYGAEE3PF, ,N/A,Tesla,Model Y, ,2023, ,80fdd47732e7eb8,7025, ,Consumer,"[REDACTED, MAY CONTAIN CONFIDENTIAL BUSINESS INFORMATION]", ,Y,"[REDACTED, MAY CONTAIN CONFIDENTIAL BUSINESS INFORMATION]", ,Y,"[REDACTED, MAY CONTAIN CONFIDENTIAL BUSINESS INFORMATION]", ,Y,,Y, ,,, ,Y,No,,No,ADAS,, , ,Y, , , , , ,,AUG-2024, ,AUG-2024,13:17, ,3223a272e666a0e,[MAY CONTAIN PERSONALLY IDENTIFIABLE INFORMATION], ,[MAY CONTAIN PERSONALLY IDENTIFIABLE INFORMATION], ,[MAY CONTAIN PERSONALLY IDENTIFIABLE INFORMATION], ,Bridgewater, ,NJ ,[MAY CONTAIN PERSONALLY IDENTIFIABLE INFORMATION], ,Highway / Freeway,Wet,Unknown,65, ,Daylight, , ,Y, ,Y, , , ,,Unknown,Unknown,Yes,Unknown,Unknown,Unknown, , , , , , , , , , ,Y,Unknown,Yes,Unknown,Unknown,,Y, , , , , , , , , , ,Y,Y, ,Y, ,Y,Y, , ,Unknown,,Y,Unknown,,Y,,Y,,Y,"[REDACTED, MAY CONTAIN CONFIDENTIAL BUSINESS INFORMATION]",Y,"[REDACTED, MAY CONTAIN CONFIDENTIAL BUSINESS INFORMATION]",Y
13781-8420,1,"Tesla, Inc.",5-Day,,,AUG-2024,5YJ3E1EA9PF, ,N/A,Tesla,Model 3, ,2023, ,5241dc313b6c7b3,17951, ,Consumer,"[REDACTED, MAY CONTAIN CONFIDENTIAL BUSINESS INFORMATION]", ,Y,"[REDACTED, MAY CONTAIN CONFIDENTIAL BUSINESS INFORMATION]", ,Y,"[REDACTED, MAY CONTAIN CONFIDENTIAL BUSINESS INFORMATION]", ,Y,,Y, ,,, ,Y,No,,No,ADAS,, , ,Y, , , , , ,,AUG-2024, ,AUG-2024,04:13, ,2fd276ceff1bc88,[MAY CONTAIN PERSONALLY IDENTIFIABLE INFORMATION], ,[MAY CONTAIN PERSONALLY IDENTIFIABLE INFORMATION], ,[MAY CONTAIN PERSONALLY IDENTIFIABLE INFORMATION], ,Garner, ,NC ,[MAY CONTAIN PERSONALLY IDENTIFIABLE INFORMATION], ,Unknown,Unknown,Unknown,70, ,Unknown, , , , , , ,Y, ,,Unknown,Unknown,Yes,Unknown,Unknown,Unknown, , , , , , , , , , ,Y,Unknown,Yes,Unknown,Unknown,48, , , , , , , , , , , ,Y,Y, ,Y, , ,Y, , ,Unknown,,Y,Unknown,,Y,,Y,,Y,"[REDACTED, MAY CONTAIN CONFIDENTIAL BUSINESS INFORMATION]",Y,"[REDACTED, MAY CONTAIN CONFIDENTIAL BUSINESS INFORMATION]",Y
13781-8419,1,"Tesla, Inc.",5-Day,,,AUG-2024,7SAYGDEE3RA, ,N/A,Tesla,Model Y, ,2024, ,15afb728770323f,3291, ,Consumer,"[REDACTED, MAY CONTAIN CONFIDENTIAL BUSINESS INFORMATION]", ,Y,"[REDACTED, MAY CONTAIN CONFIDENTIAL BUSINESS INFORMATION]", ,Y,"[REDACTED, MAY CONTAIN CONFIDENTIAL BUSINESS INFORMATION]", ,Y,,Y, ,,, ,Y,No,,No,ADAS,, , ,Y, , , , , ,,AUG-2024, ,AUG-2024,18:51, ,eeac3c1607d06cd,[MAY CONTAIN PERSONALLY IDENTIFIABLE INFORMATION], ,[MAY CONTAIN PERSONALLY IDENTIFIABLE INFORMATION], ,[MAY CONTAIN PERSONALLY IDENTIFIABLE INFORMATION], ,Nephi, ,UT ,[MAY CONTAIN PERSONALLY IDENTIFIABLE INFORMATION], ,Unknown,Unknown,Unknown,,Y,Unknown, , , , , , ,Y, ,,Unknown,Unknown,Yes,Unknown,Unknown,Unknown, , , , , , , , , , ,Y,Unknown,Unknown,Yes,Unknown,25, , , , , , , , , , , ,Y, , ,Y, , ,Y, , ,Unknown,,Y,Unknown,,Y,,Y,,Y,"[REDACTED, MAY CONTAIN CONFIDENTIAL BUSINESS INFORMATION]",Y,"[REDACTED, MAY CONTAIN CONFIDENTIAL BUSINESS INFORMATION]",Y
13781-8296,3,"Tesla, Inc.",10-Day Update,,,AUG-2024,5YJ3E1EA8KF, ,N/A,Tesla,Model 3, ,2019, ,3c2eced465a368d,,Y,Consumer,"[REDACTED, MAY CONTAIN CONFIDENTIAL BUSINESS INFORMATION]",Y,Y,"[REDACTED, MAY CONTAIN CONFIDENTIAL BUSINESS INFORMATION]", ,Y,"[REDACTED, MAY CONTAIN CONFIDENTIAL BUSINESS INFORMATION]", ,Y,,Y, ,,, ,Y,No,,No,"Unknown, see Narrative",, ,Y, , , , , , ,,SEP-2023, ,AUG-2024,,Y,ccbfa7e868515c5,,Y,,Y,[MAY CONTAIN PERSONALLY IDENTIFIABLE INFORMATION], ,,Y,AR ,,Y,Unknown,Unknown,Unknown,,Y,Unknown, , , , , , ,Y, ,,First Responder Vehicle,Serious,Yes,Unknown,Unknown,Unknown, , , , , , , , , , ,Y,Unknown,Unknown,Unknown,Unknown,,Y, , , , , , , , , , ,Y, , , ,Y, , , , ,Unknown,,Y,Unknown,,Y,,Y,,Y,"[REDACTED, MAY CONTAIN CONFIDENTIAL BUSINESS INFORMATION]",Y,"[REDACTED, MAY CONTAIN CONFIDENTIAL BUSINESS INFORMATION]",Y
502-1470,4,Ford Motor Company,Update,,,AUG-2024,1FTFW1ED3MF, ,N/A,Ford,F-150, ,2021, ,33030af43c59535,2000, ,Consumer,ML3T-14H102-ACA, , ,ML3T-14H107-FF, , ,ML3T-14H102-ACA, , ,, ,Y,,, ,Y,No,,No,"Unknown, see Narrative",, , , ,Y, , , ,Y,ODI #11436013,SEP-2021, ,OCT-2021,15:24, ,a451c7a5b2ecae6,[MAY CONTAIN PERSONALLY IDENTIFIABLE INFORMATION], ,[MAY CONTAIN PERSONALLY IDENTIFIABLE INFORMATION], ,[MAY CONTAIN PERSONALLY IDENTIFIABLE INFORMATION], ,Forsyth, ,GA ,[MAY CONTAIN PERSONALLY IDENTIFIABLE INFORMATION], ,Highway / Freeway,Unknown,Unknown,70, ,Daylight,Y, , , , , , , ,,Other Fixed Object,Fatality,Yes,,,, , , , , , , , , , , ,Proceeding Straight,Yes,Yes,"No, see Narrative",75, , ,Y,Y, , ,Y, ,Y,Y, , ,Y,Y, , , , , , ,Yes,,Y,Yes,,Y,,Y,,Y,"Unknown, see Narrative", ,"Update SGO Report 502-1470:
The son of the driver of the subject vehicle (who was not in the subject vehicle when the incident occurred) reported that the vehicle was being operated at 75-80mph in ""self-driving mode"" when the steering wheel locked, causing the driver to lose control of the vehicle and crash into an exit sign on the interstate. The driver's son reported that the vehicle then accelerated uncontrollably for 260 yards and crashed into a tree where it came to a stop. 
Additional investigation shows that the subject vehicle was traveling at 77mph with some form of cruise control engaged (either basic or adaptive cruise control) in the right lane of a six-lane, divided highway. The driver was unbelted, with a chime defeat device latched into the buckle of the driver's seatbelt. The lane in which the subject vehicle was traveling terminated at an exit ramp. Warnings that the lane was going to end were provided as early as 2000 feet (over 600 yards) in advance, and signs were posted cautioning drivers to reduce speed to 20mph on the exit ramp. For unknown reasons, the driver did not follow the lane onto the exit ramp and instead continued traveling straight off the road. Ford understands that the vehicle struck the exit sign and then continued off-road and struck a stump and then a tree.  
The driver of the subject vehicle was fatally injured in the crash.  
Ford records show that the subject vehicle was not equipped with the operating system necessary to make BlueCruise functional. The subject vehicle was equipped with both ACC and LCA. Ford has confirmed that the subject vehicle was being operated with some form of cruise control engaged when the incident occurred. Ford has not been able to confirm whether LCA was engaged at the time of (or within 30 seconds before) the accident.",
502-7195,3,Ford Motor Company,Update,,,AUG-2024,1FTFW1RG9PF, ,N/A,Ford,F150, ,2023, ,f0c5b80466ddaf1,1530, ,Consumer,CoPilot 360 2.0, , ,PJ6T-14H107-FC, , ,PJ6T-14H102-ABJ, , ,, ,Y,,, ,Y,No,,No,ADAS,, ,Y, , , , , , ,,FEB-2024, ,FEB-2024,,Y,32f0f76708cbe89,,Y,,Y,,Y,Orlando, ,FL ,,Y,Highway / Freeway,Unknown,Unknown,,Y,Unknown, , , , , , ,Y, ,,Other Fixed Object,Serious,Yes,,,, , , , , , , , , , , ,Proceeding Straight,Yes,Yes,Yes,70, ,Y,Y,Y, , ,Y, , , , , ,Y, , ,Y, , , , ,Unknown,Florida Highway Patrol, ,Yes,,Y,,Y,,Y,Yes, ,"Update to SGO Report 502-7195:
The driver of the subject vehicle reported that, while driving with ACC and LCA engaged, the left front tire of the subject vehicle separated from the axle. The driver further reported that this caused them to lose control of the vehicle and that it impacted a guardrail. There were no reported injuries. Based on Ford's inspection of the vehicle and accident scene, Ford believes that the tire/wheel separation occurred because of the collision with the guardrail.  
The subject vehicle was equipped with both ACC and LCA. Ford has confirmed that some form of cruise control (either standard or ACC) was engaged at the time of the incident but has not been able to confirm whether LCA was also engaged at that time.",
1420-8202,2,"Volkswagen Group of America, Inc.",Update,,,AUG-2024,1V2CMPE89PC, ,n/a,Volkswagen,ID.4, ,2023, ,a7fd7c8af536ef3,32364, ,Consumer,EV_FRONTRADARCONTIVW310_003, , ,H04, , ,0234, , ,,Y, ,,, ,Y,No,,No,ADAS,, ,Y, , , , , , ,,JUL-2024, ,JUL-2024,15:58, ,13ed34314ee21fc,[MAY CONTAIN PERSONALLY IDENTIFIABLE INFORMATION], ,[MAY CONTAIN PERSONALLY IDENTIFIABLE INFORMATION], ,[MAY CONTAIN PERSONALLY IDENTIFIABLE INFORMATION], ,Garner, ,NC ,[MAY CONTAIN PERSONALLY IDENTIFIABLE INFORMATION], ,Highway / Freeway,Wet,Work Zone,65, ,Daylight, , , , ,Y, , , ,,Other Fixed Object,No Injuries Reported,Yes,,,, , , , , , , , , , , ,Proceeding Straight,Yes,Yes,Yes,65, , , ,Y, , ,Y, , ,Y, , , ,Y, ,Y, , , , ,No,, ,Yes,, ,, ,, ,Yes, ,"The customer/driver of the subject vehicle notified Volkswagen Group of America (VWGoA) of an incident that occurred while traveling on the highway with travel assist (SAE L2 system) activated. According to the customer, they unexpectedly lost control of the vehicle in which it veered to the right, impacting the concrete wall / sound barrier.
Prior to impact, the customer stated they were driving in a marked construction zone, in the left lane, and it had recently began raining with the surface of the road noted as wet, but not pooling. To the left of the customer was a concrete median barrier, dividing the highway, and to the right was the right driving lane, then a narrow shoulder with construction barrels and the concrete wall / sound barrier.  
The frontal impact between the vehicle and the sound barrier resulted in the airbags deploying and then the vehicle coming to a rest in the right lane of the highway. There were no reported injuries, no additional road users involved, and police were notified and provided a report as well as a citation to the driver.  The vehicle was towed from the scene and is currently in possession of the insurance company. VWGoA plans to further investigate this matter and will submit subsequent reports accordingly.
Update Report 8/15/2024:  VWGoA conducted an inspection of the subject vehicle and information from the airbag control module (ACM) identified a speed of 70 to 68mph from -5.0 to -3.5 seconds precrash. After -3.0 seconds, the report reflects ABS and ESC activity all the way until 0.0 seconds suggesting a loss of control, possibly from the weather event reported by the customer or driver inputs. The front radar module was no longer with the vehicle at the time of the inspection and no EDR or ASM (Assist System Monitor) data was able to be obtained. The precise cause of the crash could not be determined, but no manufacturing shortcoming was identified.",
1243-8206,2,"Subaru of America, Inc.",Update,,,AUG-2024,JF1GUAFC4R8, ,N/A,Subaru,Impreza, ,2024, ,c2f93a5371f6930,4221, ,Consumer,v4, , ,,Y, ,,Y, ,, ,Y,,, ,Y,No,,No,ADAS,, ,Y, , , , , , ,,JUN-2024, ,JUL-2024,23:00, ,4fd7b9d7a56311c,[MAY CONTAIN PERSONALLY IDENTIFIABLE INFORMATION], ,[MAY CONTAIN PERSONALLY IDENTIFIABLE INFORMATION], ,[MAY CONTAIN PERSONALLY IDENTIFIABLE INFORMATION], ,Vernon Hills, ,IL ,[MAY CONTAIN PERSONALLY IDENTIFIABLE INFORMATION], ,Street,Dry,No Unusual Conditions,30, ,Dark - Lighted,Y, , , , , , , ,,Pole / Tree,Minor,Yes,,,, , , , , , , , , , , ,Proceeding Straight,Yes,Yes,Yes,30, , , ,Y, , ,Y, , ,Y, , ,Y, ,Y, , , , , ,Unknown,,Y,Yes,,Y,,Y,,Y,"[REDACTED, MAY CONTAIN CONFIDENTIAL BUSINESS INFORMATION]",Y,"According to the customer's statement, the vehicle was travelling on [XXX] in Vernon Hills, IL at a speed of 31 MPH at 11 PM with Adaptive Cruise Control (ACC) and Lane Centering (LCF) engaged. The customer alleged the EyeSight system disengaged and that the lane assist pulled the vehicle to the left toward a high curb. The driver turned the steering wheel to the right and struck a high curb and two trees. The driver's frontal and knee airbags deployed and the customer alleged minor injuries, including scratches along the arms and knee. The customer stated that police were called and a field sobriety test administered, but did not provide the results. [REDACTED, MAY CONTAIN CONFIDENTIAL BUSINESS INFORMATION]
Subaru inspected the subject vehicle on 08/01/2024. [REDACTED, MAY CONTAIN CONFIDENTIAL BUSINESS INFORMATION]
Based on the vehicle inspection and the data acquired, Subaru determined that there was no ADAS engagement. The driver was in full control of the vehicle but failed to maintain control and caused the vehicle to impact a parking lot island and a small tree planted within the island.",Y
945-8258,3,"Nissan North America, Inc.",Update,,,AUG-2024,JN1DF0CD8PM, ,N/A,Nissan,Ariya, ,2023, ,4251607c87f8cc5,,Y,Consumer,ProPilot Assist 2.0, , ,,Y, ,,Y, ,,Y, ,,, ,Y,No,,No,ADAS,, , ,Y,Y, , ,Y, ,,JUL-2024, ,JUL-2024,18:18, ,399c1502fa3b000,[MAY CONTAIN PERSONALLY IDENTIFIABLE INFORMATION], ,[MAY CONTAIN PERSONALLY IDENTIFIABLE INFORMATION], ,,Y,Shelbyville, ,TN ,,Y,Highway / Freeway,Dry,No Unusual Conditions,55, ,Daylight,Y, , , , , , , ,,Heavy Truck,Fatality,Yes,Making Left Turn,No,Yes, , , , , , , , , ,Y, ,Proceeding Straight,Yes,Yes,"No, see Narrative",,Y,Y,Y,Y,Y,Y,Y,Y,Y,Y, , ,Y,Y,Y, ,Y, , , ,Yes,Tennessee Highway Patrol, ,Yes,[MAY CONTAIN PERSONALLY IDENTIFIABLE INFORMATION], ,,Y,[MAY CONTAIN PERSONALLY IDENTIFIABLE INFORMATION], ,"No, see Narrative", ,"On July [XXX], 2024 Nissan learned of a news article reporting on July [XXX] of an accident involving an Ariya.  The incident reportedly took place at the intersection of [XXX] and [XXX] in Shelbyville, TN, both of which are not limited access highways. On July 31, 2024 Nissan determined that ProPilot Assist 1.0 was active (""hands-on"" mode) within 30 seconds of the incident. Telematics data was last transmitted approximately 1,500 ft before the intersection. No crash notification was transmitted at the time of the incident.
Based on information in the news report, on Monday July [XXX], 2024, the driver of the Ariya was traveling north on [XXX] approaching an intersection with [XXX]. A tractor-trailer that was reportedly traveling west from [XXX] pulled out in front of the Nissan Ariya. According to the report the Ariya traveled underneath the trailer and continued approximately 100 yards before coming to a stop. The driver and passenger of the Ariya reportedly sustained fatal injuries. The tractor-trailer driver was reported not injured.
According to the police report, at approximately 6:15 p.m. on July [XXX], 2024, the Nissan Ariya was traveling north on [XXX] in the number two lane when a tractor trailer traveling west bound on [XXX] attempted to make a left-hand turn onto [XXX] South, traveling across the northbound lane. The police report states that the Nissan Ariya collided with the left rear side of the trailer and continued traveling north into the median.  According to the police report: the Ariya driver and passenger sustained fatal injuries and had to be extricated from the vehicle multiple airbags were deployed the passenger's seat belt use was ""improper"" the Ariya driver was belted and the tractor trailer driver was operating with a disqualified license.
Nissan obtained vehicle EDR from law enforcement. That data indicated that the speed at impact was 53.4 mph, with no pre-impact brake application. 
Nissan conducted a preliminary, non-destructive inspection on August 6, 2024. The vehicle had been stored in the open air and uncovered until August 3, 2024.  Various components were stored by the junkyard in an unidentified location and made available for inspection.  The vehicles condition is consistent with underride of the tractor trailer and extrication. 
The driver seatbelt was found buckled with the lap portion routed behind the seat, the pretensioner having activated and shoulder-belt webbing cut near the d-ring location. The passenger seatbelt was buckled, with both lap and shoulder belt pulled tight against the seat back, with the pretensioner having activated. 
Nissan was able to collect the vehicles ADAS control unit and Lane Camera assembly. Nissan is currently assessing whether it is possible to extract data, to the extent it exists, from these items.  
Nissan is continuing to gather information regarding this incident.",
10039-7994,3,"BMW of North America, LLC",Update,,,AUG-2024,WBA13AR01MC, ,N/A,BMW,M440i xDrive Coupe, ,2021, ,d56505d127b8df8,28374, ,Consumer,"[REDACTED, MAY CONTAIN CONFIDENTIAL BUSINESS INFORMATION]",Y,Y,"[REDACTED, MAY CONTAIN CONFIDENTIAL BUSINESS INFORMATION]",Y,Y,"[REDACTED, MAY CONTAIN CONFIDENTIAL BUSINESS INFORMATION]",Y,Y,,Y, ,,, ,Y,No,,No,"Unknown, see Narrative",, ,Y, , , , , , ,,JUN-2024, ,JUN-2024,15:30, ,0edea2f71d88716,,Y,,Y,[MAY CONTAIN PERSONALLY IDENTIFIABLE INFORMATION], ,Coco Beach, ,FL ,,Y,Highway / Freeway,Wet,Traffic Incident,,Y,Unknown, , , , ,Y, , , ,,Heavy Truck,Minor,Unknown,Stopped,Unknown,Unknown, , , , , , , , , , ,Y,Proceeding Straight,Yes,Yes,Yes,79, ,Y, ,Y, , ,Y, , ,Y, , ,Y,Y, , , , , , ,Unknown,,Y,Yes,,Y,,Y,,Y,"[REDACTED, MAY CONTAIN CONFIDENTIAL BUSINESS INFORMATION]",Y,"[REDACTED, MAY CONTAIN CONFIDENTIAL BUSINESS INFORMATION]",Y