Report ID,Report Version,Reporting Entity,Report Type,Report Month,Report Year,Report Submission Date,VIN,VIN - Unknown,Serial Number,Make,Model,Model - Unknown,Model Year,Model Year - Unknown,Same Vehicle ID,Mileage,Mileage - Unknown,Driver / Operator Type,ADAS/ADS System Version,ADAS/ADS System Version - Unk,ADAS/ADS System Version CBI,ADAS/ADS Hardware Version,ADAS/ADS Hardware Version - Unk,ADAS/ADS Hardware Version CBI,ADAS/ADS Software Version,ADAS/ADS Software Version - Unk,ADAS/ADS Software Version CBI,Other Reporting Entities?,Other Reporting Entities? - Unk,Other Reporting Entities? - NA,Federal Regulatory Exemption?,Other Federal Reg. Exemption,Federal Reg. Exemption - Unk,Federal Reg. Exemption - No,State or Local Permit?,State or Local Permit,ADS Equipped?,Automation System Engaged?,Operating Entity,Operating Entity - Unknown,Source - Complaint/Claim,Source - Telematics,Source - Law Enforcement,Source - Field Report,Source - Testing,Source - Media,Source - Other,Source - Other Text,Incident Date,Incident Date - Unknown,Notice Received Date,Incident Time (24:00),Incident Time - Unknown,Same Incident ID,Latitude,Latitude - Unknown,Longitude,Longitude - Unknown,Address,Address - Unknown,City,City - Unknown,State,Zip Code,Zip Code - Unknown,Roadway Type,Roadway Surface,Roadway Description,Posted Speed Limit (MPH),Posted Speed Limit - Unknown,Lighting,Weather - Clear,Weather - Snow,Weather - Cloudy,Weather - Fog/Smoke,Weather - Rain,Weather - Severe Wind,Weather - Unknown,Weather - Other,Weather - Other Text,Crash With,Highest Injury Severity Alleged,Property Damage?,CP Pre-Crash Movement,CP Any Air Bags Deployed?,CP Was Vehicle Towed?,CP Contact Area - Rear Left,CP Contact Area - Left,CP Contact Area - Front Left,CP Contact Area - Rear,CP Contact Area - Top,CP Contact Area - Front,CP Contact Area - Rear Right,CP Contact Area - Right,CP Contact Area - Front Right,CP Contact Area - Bottom,CP Contact Area - Unknown,SV Pre-Crash Movement,SV Any Air Bags Deployed?,SV Was Vehicle Towed?,SV Were All Passengers Belted?,SV Precrash Speed (MPH),SV Pre-crash Speed - Unknown,SV Contact Area - Rear Left,SV Contact Area - Left,SV Contact Area - Front Left,SV Contact Area - Rear,SV Contact Area - Top,SV Contact Area - Front,SV Contact Area - Rear Right,SV Contact Area - Right,SV Contact Area - Front Right,SV Contact Area - Bottom,SV Contact Area - Unknown,Data Availability - EDR,Data Availability - Police Rpt,Data Availability - Telematics,Data Availability - Complaints,Data Availability - Video,Data Availability - Other,Data Availability - No Data,Data Availability - Unknown,Law Enforcement Investigating?,Investigating Agency,Investigating Agency - Unknown,Rep Ent Or Mfr Investigating?,Investigating Officer Name,Inv. Officer Name - Unknown,Investigating Officer Phone,Inv. Officer Phone - Unknown,Investigating Officer Email,Inv. Officer Email - Unknown,Within ODD?,Within ODD? - CBI,Narrative,Narrative - CBI?
13781-8342,1,"Tesla, Inc.",5-Day,,,AUG-2024,5YJ3E1ETXRF, ,N/A,Tesla,Model 3, ,2024, ,c176cf1704fab4e,1828, ,Consumer,"[REDACTED, MAY CONTAIN CONFIDENTIAL BUSINESS INFORMATION]", ,Y,"[REDACTED, MAY CONTAIN CONFIDENTIAL BUSINESS INFORMATION]", ,Y,"[REDACTED, MAY CONTAIN CONFIDENTIAL BUSINESS INFORMATION]", ,Y,,Y, ,,, ,Y,No,,No,"Unknown, see Narrative",, ,Y, , , , , , ,,AUG-2024, ,AUG-2024,15:43, ,eb8af5ac9dd70cf,,Y,,Y,,Y,Glendale, ,AZ ,[MAY CONTAIN PERSONALLY IDENTIFIABLE INFORMATION], ,Unknown,Unknown,Unknown,43, ,Unknown, , , , , , ,Y, ,,Other Fixed Object,Unknown,Yes,,,, , , , , , , , , , , ,Unknown,No,Yes,Unknown,43, , , , , , , ,Y, ,Y, , , , , ,Y, ,Y, , ,Unknown,,Y,Unknown,,Y,,Y,,Y,"[REDACTED, MAY CONTAIN CONFIDENTIAL BUSINESS INFORMATION]",Y,"[REDACTED, MAY CONTAIN CONFIDENTIAL BUSINESS INFORMATION]",Y
13781-8341,1,"Tesla, Inc.",5-Day,,,AUG-2024,7SAYGAEE2PF, ,N/A,Tesla,Model Y, ,2023, ,186185a0778f57d,15171, ,Consumer,"[REDACTED, MAY CONTAIN CONFIDENTIAL BUSINESS INFORMATION]", ,Y,"[REDACTED, MAY CONTAIN CONFIDENTIAL BUSINESS INFORMATION]", ,Y,"[REDACTED, MAY CONTAIN CONFIDENTIAL BUSINESS INFORMATION]", ,Y,,Y, ,,, ,Y,No,,No,ADAS,, , ,Y, , , , , ,,AUG-2024, ,AUG-2024,20:01, ,20405e70a19d0ef,[MAY CONTAIN PERSONALLY IDENTIFIABLE INFORMATION], ,[MAY CONTAIN PERSONALLY IDENTIFIABLE INFORMATION], ,[MAY CONTAIN PERSONALLY IDENTIFIABLE INFORMATION], ,Perry, ,UT ,[MAY CONTAIN PERSONALLY IDENTIFIABLE INFORMATION], ,Highway / Freeway,Dry,Unknown,55, ,Daylight,Y, , , , , , , ,,Unknown,Unknown,Yes,Unknown,Unknown,Unknown, , , , , , , , , , ,Y,Unknown,Yes,Unknown,Unknown,58, , , , , , , , , , , ,Y,Y, ,Y, ,Y,Y, , ,Unknown,,Y,Unknown,,Y,,Y,,Y,"[REDACTED, MAY CONTAIN CONFIDENTIAL BUSINESS INFORMATION]",Y,"[REDACTED, MAY CONTAIN CONFIDENTIAL BUSINESS INFORMATION]",Y
13781-8340,1,"Tesla, Inc.",5-Day,,,AUG-2024,5YJ3E1EA3RF, ,N/A,Tesla,Model 3, ,2024, ,d38dd0a0720568f,298, ,Consumer,"[REDACTED, MAY CONTAIN CONFIDENTIAL BUSINESS INFORMATION]", ,Y,"[REDACTED, MAY CONTAIN CONFIDENTIAL BUSINESS INFORMATION]", ,Y,"[REDACTED, MAY CONTAIN CONFIDENTIAL BUSINESS INFORMATION]", ,Y,,Y, ,,, ,Y,No,,No,ADAS,, , ,Y, , , , , ,,AUG-2024, ,AUG-2024,2:41, ,658e5479dd8744f,[MAY CONTAIN PERSONALLY IDENTIFIABLE INFORMATION], ,[MAY CONTAIN PERSONALLY IDENTIFIABLE INFORMATION], ,[MAY CONTAIN PERSONALLY IDENTIFIABLE INFORMATION], ,Ridgefield Park, ,NJ ,[MAY CONTAIN PERSONALLY IDENTIFIABLE INFORMATION], ,Highway / Freeway,Dry,Unknown,,Y,Dark - Lighted,Y, , , , , , , ,,Unknown,Unknown,Yes,Unknown,Unknown,Unknown, , , , , , , , , , ,Y,Unknown,Yes,Unknown,Unknown,27, , , , , , , , , , , ,Y,Y, ,Y, ,Y,Y, , ,Unknown,,Y,Unknown,,Y,,Y,,Y,"[REDACTED, MAY CONTAIN CONFIDENTIAL BUSINESS INFORMATION]",Y,"[REDACTED, MAY CONTAIN CONFIDENTIAL BUSINESS INFORMATION]",Y
13781-8339,1,"Tesla, Inc.",5-Day,,,AUG-2024,7SAYGDEE3PF, ,N/A,Tesla,Model Y, ,2023, ,29515f94c961c1f,16308, ,Consumer,"[REDACTED, MAY CONTAIN CONFIDENTIAL BUSINESS INFORMATION]", ,Y,"[REDACTED, MAY CONTAIN CONFIDENTIAL BUSINESS INFORMATION]", ,Y,"[REDACTED, MAY CONTAIN CONFIDENTIAL BUSINESS INFORMATION]", ,Y,,Y, ,,, ,Y,No,,No,"Unknown, see Narrative",, ,Y, , , , , , ,,JUL-2024, ,AUG-2024,16:25, ,064a67294d8165f,,Y,,Y,[MAY CONTAIN PERSONALLY IDENTIFIABLE INFORMATION], ,Eatontown, ,NJ ,[MAY CONTAIN PERSONALLY IDENTIFIABLE INFORMATION], ,Parking Lot,Wet,No Unusual Conditions,,Y,Daylight, , , , ,Y, , , ,,Other Fixed Object,Unknown,Yes,,,, , , , , , , , , , , ,Lane / Road Departure,Yes,Unknown,Unknown,15, , , ,Y, , ,Y, , , ,Y, ,Y, ,Y,Y,Y,Y, , ,Unknown,,Y,Unknown,,Y,,Y,,Y,"[REDACTED, MAY CONTAIN CONFIDENTIAL BUSINESS INFORMATION]",Y,"[REDACTED, MAY CONTAIN CONFIDENTIAL BUSINESS INFORMATION]",Y
540-8333,1,"General Motors, LLC",5-Day,,,AUG-2024,1GYKPSRL0RZ, ,N/A,Cadillac,LYRIQ, ,2024, ,58c3c8dcebbe726,6735, ,Consumer,Level 2, , ,,Y, ,,Y, ,, ,Y,,, ,Y,No,,No,ADAS,, , ,Y, , , , ,Y,OnStar call,AUG-2024, ,AUG-2024,14:06, ,86aeb09d0fd8e3a,[MAY CONTAIN PERSONALLY IDENTIFIABLE INFORMATION], ,[MAY CONTAIN PERSONALLY IDENTIFIABLE INFORMATION], ,[MAY CONTAIN PERSONALLY IDENTIFIABLE INFORMATION], ,Port St Lucie, ,FL ,[MAY CONTAIN PERSONALLY IDENTIFIABLE INFORMATION], ,Highway / Freeway,Unknown,No Unusual Conditions,70, ,Daylight, , ,Y, , , , , ,,Unknown,Unknown,Yes,Stopped,Unknown,Unknown, , , ,Y, , , , , , , ,Proceeding Straight,Yes,Unknown,Yes,20, , , , , , ,Y, , , , , , , ,Y, , ,Y, , ,Unknown,,Y,No,,Y,,Y,,Y,Yes, ,"On August [XXX], 2024, a 2024 Cadillac LYRIQ was travelling north on the [XXX] south of [XXX] in Port St Lucie, Florida with Super Cruise engaged and active.  The subject vehicle struck a stopped vehicle in the rear.  Crash data indicates frontal airbags and seat belt pretensioners deployed.  According to telematics data, approximately 7 seconds prior to crash, Super Cruise entered an Override state due to steering wheel torque input.  At approximately 6 seconds prior to crash, Super Cruise entered a Disable/Not Ready state due to brake pedal input.",
1243-8299,1,"Subaru of America, Inc.",5-Day,,,AUG-2024,4S4BTAAC9P3, ,N/A,Subaru,Outback, ,2023, ,9461498956913d2,20000, ,Consumer,"[REDACTED, MAY CONTAIN CONFIDENTIAL BUSINESS INFORMATION]", ,Y,,Y, ,,Y, ,, ,Y,,, ,Y,No,,No,ADAS,, ,Y, , , , , , ,,AUG-2024, ,AUG-2024,19:15, ,0db909c46b6a393,[MAY CONTAIN PERSONALLY IDENTIFIABLE INFORMATION], ,[MAY CONTAIN PERSONALLY IDENTIFIABLE INFORMATION], ,[MAY CONTAIN PERSONALLY IDENTIFIABLE INFORMATION], ,Edgewood, ,NM ,[MAY CONTAIN PERSONALLY IDENTIFIABLE INFORMATION], ,Highway / Freeway,Wet,Work Zone,,Y,Dawn / Dusk, , ,Y, ,Y, , , ,,Other Fixed Object,No Injuries Reported,Yes,,,, , , , , , , , , , , ,Proceeding Straight,No,Yes,Yes,75, ,Y,Y,Y, , , , , , , , , , , , , , , ,Y,Unknown,,Y,Unknown,,Y,,Y,,Y,"[REDACTED, MAY CONTAIN CONFIDENTIAL BUSINESS INFORMATION]",Y,"[REDACTED, MAY CONTAIN CONFIDENTIAL BUSINESS INFORMATION]",Y
13781-8315,1,"Tesla, Inc.",5-Day,,,AUG-2024,7SAYGAEE5RF, ,N/A,Tesla,Model Y, ,2024, ,4d77e3ec19e9e2e,1505, ,Consumer,"[REDACTED, MAY CONTAIN CONFIDENTIAL BUSINESS INFORMATION]", ,Y,"[REDACTED, MAY CONTAIN CONFIDENTIAL BUSINESS INFORMATION]", ,Y,"[REDACTED, MAY CONTAIN CONFIDENTIAL BUSINESS INFORMATION]", ,Y,,Y, ,,, ,Y,No,,No,ADAS,, , ,Y, , , , , ,,AUG-2024, ,AUG-2024,17:53, ,2979decb1f110fe,[MAY CONTAIN PERSONALLY IDENTIFIABLE INFORMATION], ,[MAY CONTAIN PERSONALLY IDENTIFIABLE INFORMATION], ,[MAY CONTAIN PERSONALLY IDENTIFIABLE INFORMATION], ,Reading, ,MA ,[MAY CONTAIN PERSONALLY IDENTIFIABLE INFORMATION], ,Unknown,Unknown,Unknown,25, ,Unknown, , , , , , ,Y, ,,Unknown,Unknown,Yes,Unknown,Unknown,Unknown, , , , , , , , , , ,Y,Unknown,Yes,Unknown,Unknown,51, , , , , , , , , , , ,Y,Y, ,Y, , ,Y, , ,Unknown,,Y,Unknown,,Y,,Y,,Y,"[REDACTED, MAY CONTAIN CONFIDENTIAL BUSINESS INFORMATION]",Y,"[REDACTED, MAY CONTAIN CONFIDENTIAL BUSINESS INFORMATION]",Y
13781-8314,1,"Tesla, Inc.",5-Day,,,AUG-2024,5YJ3E1EB8KF, ,N/A,Tesla,Model 3, ,2019, ,90c6ed4f329e767,89311, ,Consumer,"[REDACTED, MAY CONTAIN CONFIDENTIAL BUSINESS INFORMATION]", ,Y,"[REDACTED, MAY CONTAIN CONFIDENTIAL BUSINESS INFORMATION]", ,Y,"[REDACTED, MAY CONTAIN CONFIDENTIAL BUSINESS INFORMATION]", ,Y,,Y, ,,, ,Y,No,,No,ADAS,, , ,Y, , , , , ,,AUG-2024, ,AUG-2024,15:33, ,35953c1806313cd,[MAY CONTAIN PERSONALLY IDENTIFIABLE INFORMATION], ,[MAY CONTAIN PERSONALLY IDENTIFIABLE INFORMATION], ,[MAY CONTAIN PERSONALLY IDENTIFIABLE INFORMATION], ,Slippery Rock, ,PA ,[MAY CONTAIN PERSONALLY IDENTIFIABLE INFORMATION], ,Highway / Freeway,Wet,No Unusual Conditions,70, ,Daylight, , , , ,Y, , , ,,"Other, see Narrative",Unknown,Yes,Unknown,Unknown,Unknown, , , , , , , , , , ,Y,Proceeding Straight,Yes,Unknown,Unknown,14, , , , , , , , , , , ,Y,Y, ,Y, ,Y,Y, , ,Unknown,,Y,Unknown,,Y,,Y,,Y,"[REDACTED, MAY CONTAIN CONFIDENTIAL BUSINESS INFORMATION]",Y,"[REDACTED, MAY CONTAIN CONFIDENTIAL BUSINESS INFORMATION]",Y
13781-8312,1,"Tesla, Inc.",5-Day,,,AUG-2024,5YJ3E1EA3PF, ,N/A,Tesla,Model 3, ,2023, ,80a0047203afd9b,6191, ,Consumer,"[REDACTED, MAY CONTAIN CONFIDENTIAL BUSINESS INFORMATION]", ,Y,"[REDACTED, MAY CONTAIN CONFIDENTIAL BUSINESS INFORMATION]", ,Y,"[REDACTED, MAY CONTAIN CONFIDENTIAL BUSINESS INFORMATION]", ,Y,,Y, ,,, ,Y,No,,No,ADAS,, , ,Y, , , , , ,,AUG-2024, ,AUG-2024,02:48, ,7e1dce38afbc531,[MAY CONTAIN PERSONALLY IDENTIFIABLE INFORMATION], ,[MAY CONTAIN PERSONALLY IDENTIFIABLE INFORMATION], ,[MAY CONTAIN PERSONALLY IDENTIFIABLE INFORMATION], ,Austin, ,TX ,[MAY CONTAIN PERSONALLY IDENTIFIABLE INFORMATION], ,Street,Dry,Unknown,35, ,Dark - Lighted,Y, , , , , , , ,,Unknown,Unknown,Yes,Unknown,Unknown,Unknown, , , , , , , , , , ,Y,Unknown,Yes,Unknown,Unknown,33, , , , , , , , , , , ,Y,Y, ,Y, ,Y,Y, , ,Unknown,,Y,Unknown,,Y,,Y,,Y,"[REDACTED, MAY CONTAIN CONFIDENTIAL BUSINESS INFORMATION]",Y,"[REDACTED, MAY CONTAIN CONFIDENTIAL BUSINESS INFORMATION]",Y
13781-8310,1,"Tesla, Inc.",5-Day,,,AUG-2024,5YJSA1E28HF, ,N/A,Tesla,Model S, ,2017, ,aac399f67358cc6,137411, ,Consumer,"[REDACTED, MAY CONTAIN CONFIDENTIAL BUSINESS INFORMATION]", ,Y,"[REDACTED, MAY CONTAIN CONFIDENTIAL BUSINESS INFORMATION]", ,Y,"[REDACTED, MAY CONTAIN CONFIDENTIAL BUSINESS INFORMATION]", ,Y,,Y, ,,, ,Y,No,,No,ADAS,, , ,Y, , , , , ,,JUL-2024, ,AUG-2024,23:28, ,8250e443b7ae2c1,[MAY CONTAIN PERSONALLY IDENTIFIABLE INFORMATION], ,[MAY CONTAIN PERSONALLY IDENTIFIABLE INFORMATION], ,[MAY CONTAIN PERSONALLY IDENTIFIABLE INFORMATION], ,Everett, ,WA ,[MAY CONTAIN PERSONALLY IDENTIFIABLE INFORMATION], ,Highway / Freeway,Dry,No Unusual Conditions,60, ,Daylight,Y, , , , , , , ,,SUV,Unknown,Yes,Proceeding Straight,Unknown,Unknown,Y,Y, , , , , , , , , ,Lane / Road Departure,Yes,Unknown,Unknown,45, , , , , , ,Y, , ,Y, , ,Y, ,Y,Y,Y,Y, , ,Unknown,,Y,Unknown,,Y,,Y,,Y,"[REDACTED, MAY CONTAIN CONFIDENTIAL BUSINESS INFORMATION]",Y,"[REDACTED, MAY CONTAIN CONFIDENTIAL BUSINESS INFORMATION]",Y
1306-8302,1,Toyota Motor Engineering & Manufacturing,1-Day,,,AUG-2024,5TDGZRBH8NS, ,n/a,Toyota,Highlander, ,2022, ,29e2437c7694902,28085, ,Consumer,Level 2, , ,Toyota Safety Sense 2.5+, , ,,Y, ,,Y, ,,, ,Y,No,,No,ADAS,, ,Y, , ,Y, , , ,,JUL-2024, ,AUG-2024,07:45, ,b18193259c4c87c,,Y,,Y,[MAY CONTAIN PERSONALLY IDENTIFIABLE INFORMATION], ,Bensalem, ,PA ,[MAY CONTAIN PERSONALLY IDENTIFIABLE INFORMATION], ,Highway / Freeway,Unknown,Unknown,,Y,Unknown, , , , , , ,Y, ,,Heavy Truck,Unknown,Unknown,Proceeding Straight,Unknown,Unknown, , , , , , , , , , ,Y,Unknown,No,Unknown,Unknown,78, , , ,Y, , ,Y, , ,Y, , ,Y, , ,Y, , , , ,Unknown,,Y,Yes,,Y,,Y,,Y,"Unknown, see Narrative", ,"On July [XXX], 2024, Toyota received an initial contact from the vehicle owner stating: ""Guest called in because her son was in a hit and run with a garbage truck and the car spun out of control and hit a rail. Veh is totaled and air bags did not deploy.""
On July [XXX], 2024, Toyota received a follow up contact from the vehicle owner stating: ""Guest states her son was driving the vehicle at the time of the accident. He was using cruise control and driving in the middle lane. Guest states she does not know the cruise control speed. States he was also using adaptative steering. Guest states a tractor trailer with a roll off dumpster moved into his lane and in front of him. The tail of the tractor trailer scrapped the front passenger panel and the vehicle spun around and moved left across the highway. Guest states the front of the vehicle hit the guard rail and the vehicle stopped in the middle lane. Further, the owners states: ""Guest states her son sprained his left wrist. Whiplash, back pain, neck pain and shoulder pain. Guest is not sure which shoulder was injured. Guest states a friend took her son to urgent care. Guest states her son reported stomach pain and he was vomiting. Guest states she picked her son up and took him to the emergency room. Guest states her son was in the emergency room for 6-7 hours and then released.""
On August 8, 2024: Toyota completed review of a field report of the investigation of the subject vehicle. which included EDR, Vehicle Control History (VCH) and PCS Freeze Frame Data (PCS FFD). The VCH and PCS Freeze Frame Data (PCS FFD) indicating that ADAS L2 was engaged in the recorded moments prior to the crash. The PCS FFD recording contains approximately 8 seconds of pre-crash data and images. From the PCS FFD, Toyota observed the following: Dynamic Radar Cruise Control (DRCC) was engaged from the start of the recording until the time of the trigger event. The vehicle was traveling approximately 78mph leading up to the trigger event. The steering angle input was steady at -4.5 deg from the beginning of the recording until 0.4 seconds prior to the trigger event, after which the images show the subject vehicle veering into the lane of the heavy truck, with the steering angle increasing to 31.5 deg at the trigger event. The driver applied the brakes 1.6 seconds after the trigger event.",
945-8258,2,"Nissan North America, Inc.",10-Day Update,,,AUG-2024,JN1DF0CD8PM, ,N/A,Nissan,Ariya, ,2023, ,4251607c87f8cc5,,Y,Consumer,ProPilot Assist 2.0, , ,,Y, ,,Y, ,,Y, ,,, ,Y,No,,No,ADAS,, , ,Y,Y, , ,Y, ,,JUL-2024, ,JUL-2024,18:18, ,399c1502fa3b000,[MAY CONTAIN PERSONALLY IDENTIFIABLE INFORMATION], ,[MAY CONTAIN PERSONALLY IDENTIFIABLE INFORMATION], ,,Y,Shelbyville, ,TN ,,Y,Highway / Freeway,Dry,No Unusual Conditions,55, ,Daylight,Y, , , , , , , ,,Heavy Truck,Fatality,Yes,Making Left Turn,No,Yes, , , , , , , , , ,Y, ,Proceeding Straight,Yes,Yes,"No, see Narrative",,Y,Y,Y,Y,Y,Y,Y,Y,Y,Y, , ,Y,Y,Y, ,Y, , , ,Yes,Tennessee Highway Patrol, ,Yes,[MAY CONTAIN PERSONALLY IDENTIFIABLE INFORMATION], ,,Y,[MAY CONTAIN PERSONALLY IDENTIFIABLE INFORMATION], ,"No, see Narrative", ,"On July [XXX], 2024 Nissan learned of a news article reporting on July [XXX] of an accident involving an Ariya.  The incident reportedly took place at the intersection of [XXX] and [XXX] in Shelbyville, TN, both of which are not limited access highways. On July 31, 2024 Nissan determined that ProPilot Assist 1.0 was active (""hands-on"" mode) within 30 seconds of the incident. Telematics data was last transmitted approximately 1,500 ft before the intersection. No crash notification was transmitted at the time of the incident.
Based on information in the news report, on Monday July [XXX], 2024, the driver of the Ariya was traveling north on [XXX] approaching an intersection with [XXX]. A tractor-trailer that was reportedly traveling west from [XXX] pulled out in front of the Nissan Ariya. According to the report the Ariya traveled underneath the trailer and continued approximately 100 yards before coming to a stop. The driver and passenger of the Ariya reportedly sustained fatal injuries. The tractor-trailer driver was reported not injured.
According to the police report, at approximately 6:15 p.m. on July [XXX], 2024, the Nissan Ariya was traveling north on [XXX] in the number two lane when a tractor trailer traveling west bound on [XXX] attempted to make a left-hand turn onto [XXX], traveling across the northbound lane. The police report states that the Nissan Ariya collided with the left rear side of the trailer and continued traveling north into the median.  According to the police report: the Ariya driver and passenger sustained fatal injuries and had to be extricated from the vehicle multiple airbags were deployed the passenger's seat belt use was ""improper"" the Ariya driver was belted and the tractor trailer driver was operating with a disqualified license.
Nissan obtained vehicle EDR from law enforcement. That data indicated that the speed at impact was 53.4 mph, with no pre-impact brake application. 
Nissan conducted a preliminary, non-destructive inspection on August 6, 2024. The vehicle had been stored in the open air and uncovered until August 3, 2024.  Various components were stored by the junkyard in an unidentified location and made available for inspection.  The vehicles condition is consistent with underride of the tractor trailer and extrication. 
The driver seatbelt was found buckled with the lap portion routed behind the seat, the pretensioner having activated and shoulder-belt webbing cut near the d-ring location. The passenger seatbelt was buckled, with both lap and shoulder belt pulled tight against the seat back, with the pretensioner having activated. 
Nissan was able to collect the vehicles ADAS control unit and Lane Camera assembly. Nissan is currently assessing whether it is possible to extract data, to the extent it exists, from these items.  
Nissan is continuing to gather information regarding this incident.",
945-8304,1,"Nissan North America, Inc.",5-Day,,,AUG-2024,JN1DF0CD8PM, ,N/A,Nissan,Ariya, ,2023, ,adb448e0e7cf70d,,Y,Unknown,ProPilot Assist 2.o, , ,,Y, ,,Y, ,,Y, ,,,Y, ,Unknown,,No,ADAS,,Y, ,Y, , , , , ,,AUG-2024, ,AUG-2024,15:08, ,04cb92c45f1ef09,[MAY CONTAIN PERSONALLY IDENTIFIABLE INFORMATION], ,[MAY CONTAIN PERSONALLY IDENTIFIABLE INFORMATION], ,,Y,League City, ,TX ,,Y,Unknown,Unknown,Unknown,,Y,Daylight, , , , , , ,Y, ,,Unknown,Unknown,Unknown,Unknown,Unknown,Unknown, , , , , , , , , , ,Y,Unknown,Yes,Unknown,Unknown,56, , , , , , , , , , , ,Y, , ,Y, , , , , ,Unknown,,Y,Yes,,Y,,Y,,Y,"Unknown, see Narrative", ,The information contained in this report is based solely on Nissan's notification via telematics that a vehicle equipped with Pro Pilot Assist 2.0 was involved in an incident involving an air bag deployment.The system was active in "hands-on" mode within 30 seconds of the incident.Nissan is currently examining its ability to provide additional details that may be protected by consumer privacy laws.Nissan is gathering additional information and will supplement with the monthly report.Nissan has not been contacted regarding this incident.,
13781-8296,2,"Tesla, Inc.",Update,,,AUG-2024,5YJ3E1EA8KF, ,N/A,Tesla,Model 3, ,2019, ,3c2eced465a368d,,Y,Consumer,"[REDACTED, MAY CONTAIN CONFIDENTIAL BUSINESS INFORMATION]",Y,Y,"[REDACTED, MAY CONTAIN CONFIDENTIAL BUSINESS INFORMATION]", ,Y,"[REDACTED, MAY CONTAIN CONFIDENTIAL BUSINESS INFORMATION]", ,Y,,Y, ,,, ,Y,No,,No,"Unknown, see Narrative",, ,Y, , , , , , ,,SEP-2023, ,AUG-2024,,Y,ccbfa7e868515c5,,Y,,Y,[MAY CONTAIN PERSONALLY IDENTIFIABLE INFORMATION], ,,Y,AR ,,Y,Unknown,Unknown,Unknown,,Y,Unknown, , , , , , ,Y, ,,First Responder Vehicle,Serious,Yes,Unknown,Unknown,Unknown, , , , , , , , , , ,Y,Unknown,Unknown,Unknown,Unknown,,Y, , , , , , , , , , ,Y, , , ,Y, , , , ,Unknown,,Y,Unknown,,Y,,Y,,Y,"[REDACTED, MAY CONTAIN CONFIDENTIAL BUSINESS INFORMATION]",Y,"[REDACTED, MAY CONTAIN CONFIDENTIAL BUSINESS INFORMATION]",Y