Report ID,Report Version,Reporting Entity,Report Type,Report Month,Report Year,Report Submission Date,VIN,VIN - Unknown,Serial Number,Make,Model,Model - Unknown,Model Year,Model Year - Unknown,Same Vehicle ID,Mileage,Mileage - Unknown,Driver / Operator Type,ADAS/ADS System Version,ADAS/ADS System Version - Unk,ADAS/ADS System Version CBI,ADAS/ADS Hardware Version,ADAS/ADS Hardware Version - Unk,ADAS/ADS Hardware Version CBI,ADAS/ADS Software Version,ADAS/ADS Software Version - Unk,ADAS/ADS Software Version CBI,Other Reporting Entities?,Other Reporting Entities? - Unk,Other Reporting Entities? - NA,Federal Regulatory Exemption?,Other Federal Reg. Exemption,Federal Reg. Exemption - Unk,Federal Reg. Exemption - No,State or Local Permit?,State or Local Permit,ADS Equipped?,Automation System Engaged?,Operating Entity,Operating Entity - Unknown,Source - Complaint/Claim,Source - Telematics,Source - Law Enforcement,Source - Field Report,Source - Testing,Source - Media,Source - Other,Source - Other Text,Incident Date,Incident Date - Unknown,Notice Received Date,Incident Time (24:00),Incident Time - Unknown,Same Incident ID,Latitude,Latitude - Unknown,Longitude,Longitude - Unknown,Address,Address - Unknown,City,City - Unknown,State,Zip Code,Zip Code - Unknown,Roadway Type,Roadway Surface,Roadway Description,Posted Speed Limit (MPH),Posted Speed Limit - Unknown,Lighting,Weather - Clear,Weather - Snow,Weather - Cloudy,Weather - Fog/Smoke,Weather - Rain,Weather - Severe Wind,Weather - Unknown,Weather - Other,Weather - Other Text,Crash With,Highest Injury Severity Alleged,Property Damage?,CP Pre-Crash Movement,CP Any Air Bags Deployed?,CP Was Vehicle Towed?,CP Contact Area - Rear Left,CP Contact Area - Left,CP Contact Area - Front Left,CP Contact Area - Rear,CP Contact Area - Top,CP Contact Area - Front,CP Contact Area - Rear Right,CP Contact Area - Right,CP Contact Area - Front Right,CP Contact Area - Bottom,CP Contact Area - Unknown,SV Pre-Crash Movement,SV Any Air Bags Deployed?,SV Was Vehicle Towed?,SV Were All Passengers Belted?,SV Precrash Speed (MPH),SV Pre-crash Speed - Unknown,SV Contact Area - Rear Left,SV Contact Area - Left,SV Contact Area - Front Left,SV Contact Area - Rear,SV Contact Area - Top,SV Contact Area - Front,SV Contact Area - Rear Right,SV Contact Area - Right,SV Contact Area - Front Right,SV Contact Area - Bottom,SV Contact Area - Unknown,Data Availability - EDR,Data Availability - Police Rpt,Data Availability - Telematics,Data Availability - Complaints,Data Availability - Video,Data Availability - Other,Data Availability - No Data,Data Availability - Unknown,Law Enforcement Investigating?,Investigating Agency,Investigating Agency - Unknown,Rep Ent Or Mfr Investigating?,Investigating Officer Name,Inv. Officer Name - Unknown,Investigating Officer Phone,Inv. Officer Phone - Unknown,Investigating Officer Email,Inv. Officer Email - Unknown,Within ODD?,Within ODD? - CBI,Narrative,Narrative - CBI?
13781-8296,1,"Tesla, Inc.",1-Day,,,AUG-2024,5YJ3E1EA8KF, ,N/A,Tesla,Model 3, ,2019, ,3c2eced465a368d,,Y,Consumer,"[REDACTED, MAY CONTAIN CONFIDENTIAL BUSINESS INFORMATION]",Y,Y,HW2.5, , ,b232d86b82, , ,,Y, ,,, ,Y,No,,No,"Unknown, see Narrative",, ,Y, , , , , , ,,SEP-2023, ,AUG-2024,,Y,ccbfa7e868515c5,,Y,,Y,[MAY CONTAIN PERSONALLY IDENTIFIABLE INFORMATION], ,,Y,AR ,,Y,Unknown,Unknown,Unknown,,Y,Unknown, , , , , , ,Y, ,,First Responder Vehicle,Serious,Yes,Unknown,Unknown,Unknown, , , , , , , , , , ,Y,Unknown,Unknown,Unknown,Unknown,,Y, , , , , , , , , , ,Y, , , ,Y, , , , ,Unknown,,Y,Unknown,,Y,,Y,,Y,"[REDACTED, MAY CONTAIN CONFIDENTIAL BUSINESS INFORMATION]",Y,"[REDACTED, MAY CONTAIN CONFIDENTIAL BUSINESS INFORMATION]",Y
13781-8286,1,"Tesla, Inc.",5-Day,,,AUG-2024,5YJ3E1EB3RF, ,N/A,Tesla,Model 3, ,2024, ,eefd2aaf9e8a58c,5909, ,Consumer,"[REDACTED, MAY CONTAIN CONFIDENTIAL BUSINESS INFORMATION]", ,Y,"[REDACTED, MAY CONTAIN CONFIDENTIAL BUSINESS INFORMATION]", ,Y,"[REDACTED, MAY CONTAIN CONFIDENTIAL BUSINESS INFORMATION]", ,Y,,Y, ,,, ,Y,No,,No,ADAS,, , ,Y, , , , , ,,JUL-2024, ,AUG-2024,22:05, ,110a747925e391c,[MAY CONTAIN PERSONALLY IDENTIFIABLE INFORMATION], ,[MAY CONTAIN PERSONALLY IDENTIFIABLE INFORMATION], ,,Y,Wickenburg, ,AZ ,[MAY CONTAIN PERSONALLY IDENTIFIABLE INFORMATION], ,Unknown,Unknown,Unknown,,Y,Unknown, , , , , , ,Y, ,,Unknown,Unknown,Yes,Unknown,Unknown,Unknown, , , , , , , , , , ,Y,Unknown,Yes,Unknown,Unknown,51, , , , , , , , , , , ,Y,Y, ,Y,Y, ,Y, , ,Unknown,,Y,Unknown,,Y,,Y,,Y,"[REDACTED, MAY CONTAIN CONFIDENTIAL BUSINESS INFORMATION]",Y,"[REDACTED, MAY CONTAIN CONFIDENTIAL BUSINESS INFORMATION]",Y
13781-8285,1,"Tesla, Inc.",5-Day,,,AUG-2024,7SAXCAE50RF, ,N/A,Tesla,Model X, ,2024, ,68da027f810d6e7,15389, ,Consumer,"[REDACTED, MAY CONTAIN CONFIDENTIAL BUSINESS INFORMATION]", ,Y,"[REDACTED, MAY CONTAIN CONFIDENTIAL BUSINESS INFORMATION]", ,Y,"[REDACTED, MAY CONTAIN CONFIDENTIAL BUSINESS INFORMATION]", ,Y,,Y, ,,, ,Y,No,,No,ADAS,, , ,Y, , , , , ,,JUL-2024, ,AUG-2024,16:29, ,e2cd08c58059a0f,[MAY CONTAIN PERSONALLY IDENTIFIABLE INFORMATION], ,[MAY CONTAIN PERSONALLY IDENTIFIABLE INFORMATION], ,[MAY CONTAIN PERSONALLY IDENTIFIABLE INFORMATION], ,Detroit, ,MI ,[MAY CONTAIN PERSONALLY IDENTIFIABLE INFORMATION], ,Highway / Freeway,Wet,No Unusual Conditions,40, ,Daylight, , , , ,Y, , , ,,Unknown,Unknown,Yes,Unknown,Unknown,Unknown, , , , , , , , , , ,Y,Proceeding Straight,Yes,Unknown,Unknown,52, , , , , , , , , , , ,Y,Y, ,Y, ,Y,Y, , ,Unknown,,Y,Unknown,,Y,,Y,,Y,"[REDACTED, MAY CONTAIN CONFIDENTIAL BUSINESS INFORMATION]",Y,"[REDACTED, MAY CONTAIN CONFIDENTIAL BUSINESS INFORMATION]",Y
13781-8284,1,"Tesla, Inc.",5-Day,,,AUG-2024,5YJ3E1EC9MF, ,N/A,Tesla,Model 3, ,2021, ,8121761b85a8dd9,16490, ,Consumer,"[REDACTED, MAY CONTAIN CONFIDENTIAL BUSINESS INFORMATION]", ,Y,"[REDACTED, MAY CONTAIN CONFIDENTIAL BUSINESS INFORMATION]", ,Y,"[REDACTED, MAY CONTAIN CONFIDENTIAL BUSINESS INFORMATION]", ,Y,,Y, ,,, ,Y,No,,No,ADAS,, , ,Y, , , , , ,,JUL-2024, ,AUG-2024,17:54, ,c6f18c2e0a93840,[MAY CONTAIN PERSONALLY IDENTIFIABLE INFORMATION], ,[MAY CONTAIN PERSONALLY IDENTIFIABLE INFORMATION], ,[MAY CONTAIN PERSONALLY IDENTIFIABLE INFORMATION], ,San Antonio, ,TX ,[MAY CONTAIN PERSONALLY IDENTIFIABLE INFORMATION], ,Street,Dry,No Unusual Conditions,45, ,Daylight, , ,Y, , , , , ,,Passenger Car,Unknown,Yes,Stopped,Unknown,Unknown, , ,Y, , ,Y, , , , , ,Making Right Turn,Yes,Unknown,Unknown,25, , , ,Y, , ,Y, , ,Y, , ,Y, ,Y,Y,Y,Y, , ,Unknown,,Y,Unknown,,Y,,Y,,Y,"[REDACTED, MAY CONTAIN CONFIDENTIAL BUSINESS INFORMATION]",Y,"[REDACTED, MAY CONTAIN CONFIDENTIAL BUSINESS INFORMATION]",Y
855-8277,1,"Mercedes-Benz USA, LLC",5-Day,,,AUG-2024,W1KAF4HB0RR, ,N/A,Mercedes-Benz,C 300 4MATIC, ,2024, ,106588658aa95d1,4200, ,Consumer,,Y, ,,Y, ,,Y, ,,Y, ,,, ,Y,No,,No,ADAS,, ,Y, , , , , , ,,JUL-2024, ,JUL-2024,11:02, ,0de5ce6513cc367,[MAY CONTAIN PERSONALLY IDENTIFIABLE INFORMATION], ,[MAY CONTAIN PERSONALLY IDENTIFIABLE INFORMATION], ,[MAY CONTAIN PERSONALLY IDENTIFIABLE INFORMATION], ,Marietta, ,GA ,[MAY CONTAIN PERSONALLY IDENTIFIABLE INFORMATION], ,Street,Unknown,Unknown,45, ,Daylight, , ,Y, , , , , ,,Other Fixed Object,No Injuries Reported,Unknown,,,, , , , , , , , , , , ,Proceeding Straight,No,Yes,Yes,45, , , ,Y, , , , , , , , , , , ,Y, , , , ,No,, ,Yes,, ,, ,, ,"Unknown, see Narrative", ,"The lessee of the subject MY2024 C 300 4MATIC initially contacted the MBUSA Customer Assistance Center (CAC) on July [XXX], 2024, and stated he was driving northbound in the left lane up a slight hill on [XXX] in Marietta, GA. He alleged that all driver assistance features were active and he had both hands on the steering wheel when the car pulled leftward into the curb, causing the left front tire to blow out. The lessee had the subject vehicle towed to a local authorized Mercedes-Benz dealer. There are currently no allegations of injury or airbag deployment.
This incident report is based entirely on the drivers description and allegations. In accordance with the requirements of the NHTSA ADAS/ADS SGO, MBUSA is submitting this 5-day incident report. MBUSA has not confirmed or verified this account or any of its allegations and has initiated further investigation into the alleged incident.",
855-8237,2,"Mercedes-Benz USA, LLC",10-Day Update,,,AUG-2024,W1N0G8EB5NV, ,N/A,Mercedes-Benz,GLC 300, ,2022, ,1f7d47a0bd6abfc,22000, ,Consumer,,Y, ,,Y, ,,Y, ,,Y, ,,, ,Y,No,,No,ADAS,, ,Y,Y, , , , , ,,JUL-2024, ,JUL-2024,12:58, ,cfab9a682f56766,[MAY CONTAIN PERSONALLY IDENTIFIABLE INFORMATION], ,[MAY CONTAIN PERSONALLY IDENTIFIABLE INFORMATION], ,[MAY CONTAIN PERSONALLY IDENTIFIABLE INFORMATION], ,Smithfield, ,RI ,[MAY CONTAIN PERSONALLY IDENTIFIABLE INFORMATION], ,Street,Dry,No Unusual Conditions,40, ,Daylight,Y, , , , , , , ,,Other Fixed Object,Minor,Yes,,,, , , , , , , , , , , ,Lane / Road Departure,Yes,Yes,Yes,46, ,Y,Y,Y, ,Y,Y, , ,Y, , , , ,Y, ,Y, , , ,Unknown,,Y,Yes,,Y,,Y,,Y,"Unknown, see Narrative", ,"The owner of the subject MY2022 GLC 300 initially contacted the MBUSA Customer Assistance Center (""CAC"") on July [XXX], 2024 and stated his wife was driving after donating blood and lost consciousness. The owner alleged the vehicle then drifted across into the opposing lane and then off the roadway, hitting several mailboxes and a telephone pole. The vehicle went into a ditch and landed on the driver's side. The airbags deployed on the driver's side. The owner additionally stated there were no CPA warnings.
As part of the investigative process, on July 26, 2024 the owner of the vehicle provided additional information to the CAC, which alleged that ""DISTRONIC"" was engaged at the time of the incident and provided dashcam and driver-facing video footage. The owner further alleged that the driver had sustained injuries and was transported to the hospital, and that the vehicle was towed from the scene. During a follow-up phone call that day from the CAC to the owner of the subject vehicle, the owner stated that the lane keeping feature was always on but that the driver cannot remember if the cruise control with active steering was engaged at the time of the incident.
In accordance with the requirements of the NHTSA ADAS SGO, MBUSA is submitting this 1-day incident report. This narrative summary is based entirely on the customer's description and allegations. MBUSA has not confirmed or verified this account or any of the customer's allegations and has initiated further investigation into the alleged incident.
8/5/2024 Update to 855-8237-1:
MBUSA has requested the current vehicle location and is continuing its investigation of the alleged incident.",
13781-8261,1,"Tesla, Inc.",5-Day,,,AUG-2024,7SAYGDEDXRF, ,N/A,Tesla,Model Y, ,2024, ,30005f02ac4c6cc,1768, ,Consumer,"[REDACTED, MAY CONTAIN CONFIDENTIAL BUSINESS INFORMATION]", ,Y,"[REDACTED, MAY CONTAIN CONFIDENTIAL BUSINESS INFORMATION]", ,Y,"[REDACTED, MAY CONTAIN CONFIDENTIAL BUSINESS INFORMATION]", ,Y,,Y, ,,, ,Y,No,,No,ADAS,, , ,Y, , , , , ,,JUL-2024, ,JUL-2024,21:19, ,804ea6e5b69ddd1,[MAY CONTAIN PERSONALLY IDENTIFIABLE INFORMATION], ,[MAY CONTAIN PERSONALLY IDENTIFIABLE INFORMATION], ,[MAY CONTAIN PERSONALLY IDENTIFIABLE INFORMATION], ,Port St. Lucie, ,FL ,[MAY CONTAIN PERSONALLY IDENTIFIABLE INFORMATION], ,Unknown,Unknown,Unknown,70, ,Unknown, , , , , , ,Y, ,,Unknown,Unknown,Yes,Unknown,Unknown,Unknown, , , , , , , , , , ,Y,Unknown,Yes,Unknown,Unknown,53, , , , , , , , , , , ,Y,Y, ,Y, , ,Y, , ,Unknown,,Y,Unknown,,Y,,Y,,Y,"[REDACTED, MAY CONTAIN CONFIDENTIAL BUSINESS INFORMATION]",Y,"[REDACTED, MAY CONTAIN CONFIDENTIAL BUSINESS INFORMATION]",Y
13781-8260,1,"Tesla, Inc.",5-Day,,,AUG-2024,7SAYGDEF5PF, ,N/A,Tesla,Model Y, ,2023, ,c208712d43b25e0,12701, ,Consumer,"[REDACTED, MAY CONTAIN CONFIDENTIAL BUSINESS INFORMATION]", ,Y,"[REDACTED, MAY CONTAIN CONFIDENTIAL BUSINESS INFORMATION]", ,Y,"[REDACTED, MAY CONTAIN CONFIDENTIAL BUSINESS INFORMATION]", ,Y,,Y, ,,, ,Y,No,,No,ADAS,, , , , , , , ,Y,Data Privacy Request,JUL-2024, ,JUL-2024,19:02, ,8d565adf5e9f222,[MAY CONTAIN PERSONALLY IDENTIFIABLE INFORMATION], ,[MAY CONTAIN PERSONALLY IDENTIFIABLE INFORMATION], ,[MAY CONTAIN PERSONALLY IDENTIFIABLE INFORMATION], ,Angleton, ,TX ,[MAY CONTAIN PERSONALLY IDENTIFIABLE INFORMATION], ,Unknown,Unknown,Unknown,,Y,Unknown, , , , , , ,Y, ,,Unknown,Unknown,Yes,Unknown,Unknown,Unknown, , , , , , , , , , ,Y,Unknown,Yes,Unknown,Unknown,94, , , , , , , , , , , ,Y,Y, ,Y, , ,Y, , ,Unknown,,Y,Unknown,,Y,,Y,,Y,"[REDACTED, MAY CONTAIN CONFIDENTIAL BUSINESS INFORMATION]",Y,"[REDACTED, MAY CONTAIN CONFIDENTIAL BUSINESS INFORMATION]",Y
13781-8259,1,"Tesla, Inc.",5-Day,,,AUG-2024,7SAXCDE52PF, ,N/A,Tesla,Model X, ,2023, ,8215c51db63eb97,10458, ,Consumer,"[REDACTED, MAY CONTAIN CONFIDENTIAL BUSINESS INFORMATION]", ,Y,"[REDACTED, MAY CONTAIN CONFIDENTIAL BUSINESS INFORMATION]", ,Y,"[REDACTED, MAY CONTAIN CONFIDENTIAL BUSINESS INFORMATION]", ,Y,,Y, ,,, ,Y,No,,No,ADAS,, , ,Y, , , , , ,,JUL-2024, ,JUL-2024,00:37, ,65ae71c1062c59b,[MAY CONTAIN PERSONALLY IDENTIFIABLE INFORMATION], ,[MAY CONTAIN PERSONALLY IDENTIFIABLE INFORMATION], ,[MAY CONTAIN PERSONALLY IDENTIFIABLE INFORMATION], ,Dickinson, ,TX ,[MAY CONTAIN PERSONALLY IDENTIFIABLE INFORMATION], ,Unknown,Unknown,Unknown,65, ,Unknown, , , , , , ,Y, ,,Unknown,Unknown,Yes,Unknown,Unknown,Unknown, , , , , , , , , , ,Y,Unknown,Yes,Unknown,Unknown,43, , , , , , , , , , , ,Y,Y, ,Y, , ,Y, , ,Unknown,,Y,Unknown,,Y,,Y,,Y,"[REDACTED, MAY CONTAIN CONFIDENTIAL BUSINESS INFORMATION]",Y,"[REDACTED, MAY CONTAIN CONFIDENTIAL BUSINESS INFORMATION]",Y
945-8258,1,"Nissan North America, Inc.",1-Day,,,AUG-2024,JN1DF0CD8PM, ,N/A,Nissan,Ariya, ,2023, ,4251607c87f8cc5,,Y,Consumer,ProPilot Assist 2.0, , ,,Y, ,,Y, ,,Y, ,,,Y, ,Unknown,,No,ADAS,, , ,Y, , , ,Y, ,,JUL-2024, ,JUL-2024,18:18, ,399c1502fa3b000,,Y,,Y,,Y,Shelbyville, ,TN ,,Y,Highway / Freeway,Unknown,Unknown,55, ,Daylight, , , , , , ,Y, ,,Heavy Truck,Fatality,Yes,"Other, see Narrative",Unknown,Unknown, , , , , , , , , , ,Y,Proceeding Straight,Unknown,Yes,Yes,,Y, , , , , , , , , , ,Y, , ,Y, , , , , ,Unknown,,Y,Yes,,Y,,Y,,Y,"Unknown, see Narrative", ,"On July [XXX], 2024 Nissan learned of a news article reporting on July [XXX] of an accident involving an Ariya.  The incident reportedly took place at the intersection of [XXX] and [XXX] in Shelbyville, TN, both of which are not limited access highways. On July 31, 2024 Nissan determined that ProPilot Assist 1.0 was active within 30 seconds of the incident. Telematics data was last transmitted approximately 1,500 ft before the intersection. No crash notification was transmitted at the time of the incident.
Based on information in the news report, on Monday July [XXX], 2024, the driver of the Ariya was traveling north on [XXX] approaching an intersection with [XXX]. A tractor-trailer that was reportedly traveling east from [XXX] pulled out in front of the Nissan Ariya. According to the report the Ariya traveled underneath the trailer and continued approximately 100 yards before coming to a stop. The driver and passenger of the Ariya reportedly sustained fatal injuries. The tractor-trailer driver was reported not injured.
Nissan is continuing to gather information regarding this incident. Nissan is investigating the location of the vehicle and the possibility of inspection. More details will be provided in the 10-day report.",
13781-8242,2,"Tesla, Inc.",10-Day Update,,,AUG-2024,7SAYGDEE6RA, ,N/A,Tesla,Model Y, ,2024, ,02adbc5219de723,11056, ,Consumer,"[REDACTED, MAY CONTAIN CONFIDENTIAL BUSINESS INFORMATION]", ,Y,"[REDACTED, MAY CONTAIN CONFIDENTIAL BUSINESS INFORMATION]", ,Y,"[REDACTED, MAY CONTAIN CONFIDENTIAL BUSINESS INFORMATION]", ,Y,,Y, ,,, ,Y,No,,No,ADAS,, , , , , , ,Y, ,,JUL-2024, ,JUL-2024,22:49, ,a2294c123edc961,[MAY CONTAIN PERSONALLY IDENTIFIABLE INFORMATION], ,[MAY CONTAIN PERSONALLY IDENTIFIABLE INFORMATION], ,[MAY CONTAIN PERSONALLY IDENTIFIABLE INFORMATION], ,Warrington Township, ,PA ,[MAY CONTAIN PERSONALLY IDENTIFIABLE INFORMATION], ,Highway / Freeway,Unknown,Unknown,40, ,Unknown, , , , , , ,Y, ,,Unknown,Serious,Yes,Unknown,Unknown,Unknown, , , , , , , , , , ,Y,Unknown,Yes,Unknown,Unknown,94, ,Y,Y,Y,Y,Y,Y,Y,Y,Y, , ,Y, ,Y, , ,Y, , ,Yes,Warrington Township Police, ,Unknown,,Y,,Y,,Y,"[REDACTED, MAY CONTAIN CONFIDENTIAL BUSINESS INFORMATION]",Y,"[REDACTED, MAY CONTAIN CONFIDENTIAL BUSINESS INFORMATION]",Y
13781-8247,1,"Tesla, Inc.",5-Day,,,JUL-2024,7SAYGDEE7PA, ,N/A,Tesla,Model Y, ,2023, ,b3c4a96ca0f0c97,26331, ,Consumer,"[REDACTED, MAY CONTAIN CONFIDENTIAL BUSINESS INFORMATION]", ,Y,"[REDACTED, MAY CONTAIN CONFIDENTIAL BUSINESS INFORMATION]", ,Y,"[REDACTED, MAY CONTAIN CONFIDENTIAL BUSINESS INFORMATION]", ,Y,,Y, ,,, ,Y,No,,No,ADAS,, , ,Y, , , , , ,,JUL-2024, ,JUL-2024,05:44, ,0970db815c69f65,[MAY CONTAIN PERSONALLY IDENTIFIABLE INFORMATION], ,[MAY CONTAIN PERSONALLY IDENTIFIABLE INFORMATION], ,[MAY CONTAIN PERSONALLY IDENTIFIABLE INFORMATION], ,Westbury, ,NY ,[MAY CONTAIN PERSONALLY IDENTIFIABLE INFORMATION], ,Highway / Freeway,Dry,Unknown,55, ,Dark - Lighted,Y, , , , , , , ,,Unknown,Unknown,Yes,Unknown,Unknown,Unknown, , , , , , , , , , ,Y,Unknown,Yes,Unknown,Unknown,60, , , , , , , , , , , ,Y,Y, ,Y, ,Y,Y, , ,Unknown,,Y,Unknown,,Y,,Y,,Y,"[REDACTED, MAY CONTAIN CONFIDENTIAL BUSINESS INFORMATION]",Y,"[REDACTED, MAY CONTAIN CONFIDENTIAL BUSINESS INFORMATION]",Y
13781-8242,1,"Tesla, Inc.",1-Day,,,JUL-2024,7SAYGDEE6RA, ,N/A,Tesla,Model Y, ,2024, ,02adbc5219de723,11056, ,Consumer,"[REDACTED, MAY CONTAIN CONFIDENTIAL BUSINESS INFORMATION]", ,Y,"[REDACTED, MAY CONTAIN CONFIDENTIAL BUSINESS INFORMATION]", ,Y,"[REDACTED, MAY CONTAIN CONFIDENTIAL BUSINESS INFORMATION]", ,Y,,Y, ,,, ,Y,No,,No,ADAS,, , , , , , ,Y, ,,JUL-2024, ,JUL-2024,22:49, ,a2294c123edc961,[MAY CONTAIN PERSONALLY IDENTIFIABLE INFORMATION], ,[MAY CONTAIN PERSONALLY IDENTIFIABLE INFORMATION], ,[MAY CONTAIN PERSONALLY IDENTIFIABLE INFORMATION], ,Warrington Township, ,PA ,[MAY CONTAIN PERSONALLY IDENTIFIABLE INFORMATION], ,Unknown,Unknown,Unknown,,Y,Unknown, , , , , , ,Y, ,,Unknown,Serious,Yes,Unknown,Unknown,Unknown, , , , , , , , , , ,Y,Unknown,Unknown,Unknown,Unknown,,Y, , , , , , , , , , ,Y, , , , , , , ,Y,Yes,Warrington Township Police, ,Unknown,,Y,,Y,,Y,"[REDACTED, MAY CONTAIN CONFIDENTIAL BUSINESS INFORMATION]",Y,"[REDACTED, MAY CONTAIN CONFIDENTIAL BUSINESS INFORMATION]",Y
540-8239,1,"General Motors, LLC",5-Day,,,JUL-2024,1GYS4MKL8NR, ,N/A,Cadillac,Escalade ESV, ,2022, ,29721164460f556,46700, ,Consumer,Level 2, , ,,Y, ,,Y, ,,Y, ,,, ,Y,No,,No,ADAS,, , ,Y, , , , , ,,JUL-2024, ,JUL-2024,17:58, ,280827e5995a8b1,[MAY CONTAIN PERSONALLY IDENTIFIABLE INFORMATION], ,[MAY CONTAIN PERSONALLY IDENTIFIABLE INFORMATION], ,[MAY CONTAIN PERSONALLY IDENTIFIABLE INFORMATION], ,Brookston, ,IN ,[MAY CONTAIN PERSONALLY IDENTIFIABLE INFORMATION], ,Highway / Freeway,Dry,No Unusual Conditions,70, ,Daylight, , ,Y, , , , , ,,Unknown,Unknown,Yes,Unknown,Unknown,Unknown, , , , , , , , , , ,Y,Proceeding Straight,Yes,Unknown,Unknown,82, , , ,Y, , ,Y, , ,Y, , , , ,Y, , , , , ,Unknown,,Y,No,,Y,,Y,,Y,Yes, ,"On July [XXX], 2024, a 2022 Escalade ESV was traveling south on [XXX] in Brookston, Indiana with Super Cruise engaged and active. Crash data indicates a frontal impact with seat belt pretensioner and air bag deployments occurred.  Occupants in the driver and passenger seat were wearing seatbelts.  According to Super Cruise telematics data, approximately  18 seconds prior to the crash, Super Cruise detected a distracted driver.  At approximately 15 seconds prior to the crash, Super Cruise state of Disabled/Not Ready was recorded,  indicating a driver takeover of the vehicle.  A subject vehicle speed of approximately 82 mph was recorded 11 seconds prior to the crash.",
1243-8010,2,"Subaru of America, Inc.",Update,,,JUL-2024,JF2SKAJC0LH, ,N/A,Subaru,Forester, ,2020, ,50f7dcbfb05d359,84596, ,Consumer,"[REDACTED, MAY CONTAIN CONFIDENTIAL BUSINESS INFORMATION]", ,Y,,Y, ,,Y, ,, ,Y,,, ,Y,No,,No,ADAS,, ,Y, , , , , , ,,JUN-2024, ,JUN-2024,05:00, ,eb525e8cb7c728c,,Y,,Y,[MAY CONTAIN PERSONALLY IDENTIFIABLE INFORMATION], ,Las Vegas, ,NV ,,Y,Highway / Freeway,Dry,Unknown,65, ,Dawn / Dusk,Y, , , , , , , ,,Other Fixed Object,Minor,Yes,,,, , , , , , , , , , , ,Proceeding Straight,No,No,Yes,77, , , ,Y, , ,Y, , ,Y, , ,Y, , , , , , , ,Unknown,,Y,Yes,,Y,,Y,,Y,"[REDACTED, MAY CONTAIN CONFIDENTIAL BUSINESS INFORMATION]",Y,"According to the customer's statement, the subject vehicle was travelling southbound on [XXX] through Las Vegas, NV at 65 MPH at approximately 5 AM (sunrise) with adaptive cruise control (ACC) and lane centering (LCF) engaged. The customer further stated that the lane curved and she pulled the vehicle to the other side and lost control. The front of the vehicle struck the median head on. The customer was not transported to the hospital but did allege minor injuries including whiplash and a concussion and was given ibuprofen and a muscle relaxer after seeking medical attention at some point after the incident. The customer indicated the vehicle was towed, but did not specify whether it was towed from the scene of the incident. It was later clarified that the vehicle was not towed from the scene and was driven until such time as it was transported to the body shop. Photographs provided by the customer show front end damage to the vehicle consistent with striking an object head-on, but not at high speed. The police were not contacted. The customer did not allege any defect associated with ACC or LCF. The customer voiced concern that the airbags had not deployed.
Subaru inspected the subject vehicle on 7/11/2024. The vehicle was in a disassembled condition. Analysis of the photographs indicated that the vehicle had impacted the barrier during a sideways skid, with scratches to the bumper appearing left to right. This is supported by the customer's statements [REDACTED, MAY CONTAIN CONFIDENTIAL BUSINESS INFORMATION]
Based on the vehicle inspection and the data acquired, Subaru determined that there were no abnormalities with the ACC or LCF functions. The ACC and LCF functions had been canceled by an application of the brake pedal at some time outside of the recorded events. The vehicle was being driven at a high rate of speed when, per the customer's statement, the driver turned the steering wheel abruptly and lost control of the vehicle, eventually leading to a skid, from left to right, before front end impact with a concrete highway barrier.",Y