Report ID,Report Version,Reporting Entity,Report Type,Report Month,Report Year,Report Submission Date,VIN,VIN - Unknown,Serial Number,Make,Model,Model - Unknown,Model Year,Model Year - Unknown,Same Vehicle ID,Mileage,Mileage - Unknown,Driver / Operator Type,ADAS/ADS System Version,ADAS/ADS System Version - Unk,ADAS/ADS System Version CBI,ADAS/ADS Hardware Version,ADAS/ADS Hardware Version - Unk,ADAS/ADS Hardware Version CBI,ADAS/ADS Software Version,ADAS/ADS Software Version - Unk,ADAS/ADS Software Version CBI,Other Reporting Entities?,Other Reporting Entities? - Unk,Other Reporting Entities? - NA,Federal Regulatory Exemption?,Other Federal Reg. Exemption,Federal Reg. Exemption - Unk,Federal Reg. Exemption - No,State or Local Permit?,State or Local Permit,ADS Equipped?,Automation System Engaged?,Operating Entity,Operating Entity - Unknown,Source - Complaint/Claim,Source - Telematics,Source - Law Enforcement,Source - Field Report,Source - Testing,Source - Media,Source - Other,Source - Other Text,Incident Date,Incident Date - Unknown,Notice Received Date,Incident Time (24:00),Incident Time - Unknown,Same Incident ID,Latitude,Latitude - Unknown,Longitude,Longitude - Unknown,Address,Address - Unknown,City,City - Unknown,State,Zip Code,Zip Code - Unknown,Roadway Type,Roadway Surface,Roadway Description,Posted Speed Limit (MPH),Posted Speed Limit - Unknown,Lighting,Weather - Clear,Weather - Snow,Weather - Cloudy,Weather - Fog/Smoke,Weather - Rain,Weather - Severe Wind,Weather - Unknown,Weather - Other,Weather - Other Text,Crash With,Highest Injury Severity Alleged,Property Damage?,CP Pre-Crash Movement,CP Any Air Bags Deployed?,CP Was Vehicle Towed?,CP Contact Area - Rear Left,CP Contact Area - Left,CP Contact Area - Front Left,CP Contact Area - Rear,CP Contact Area - Top,CP Contact Area - Front,CP Contact Area - Rear Right,CP Contact Area - Right,CP Contact Area - Front Right,CP Contact Area - Bottom,CP Contact Area - Unknown,SV Pre-Crash Movement,SV Any Air Bags Deployed?,SV Was Vehicle Towed?,SV Were All Passengers Belted?,SV Precrash Speed (MPH),SV Pre-crash Speed - Unknown,SV Contact Area - Rear Left,SV Contact Area - Left,SV Contact Area - Front Left,SV Contact Area - Rear,SV Contact Area - Top,SV Contact Area - Front,SV Contact Area - Rear Right,SV Contact Area - Right,SV Contact Area - Front Right,SV Contact Area - Bottom,SV Contact Area - Unknown,Data Availability - EDR,Data Availability - Police Rpt,Data Availability - Telematics,Data Availability - Complaints,Data Availability - Video,Data Availability - Other,Data Availability - No Data,Data Availability - Unknown,Law Enforcement Investigating?,Investigating Agency,Investigating Agency - Unknown,Rep Ent Or Mfr Investigating?,Investigating Officer Name,Inv. Officer Name - Unknown,Investigating Officer Phone,Inv. Officer Phone - Unknown,Investigating Officer Email,Inv. Officer Email - Unknown,Within ODD?,Within ODD? - CBI,Narrative,Narrative - CBI?
13781-8166,1,"Tesla, Inc.",5-Day,,,JUL-2024,5YJ3E1EA0PF, ,[MAY CONTAIN PERSONALLY IDENTIFIABLE INFORMATION],Tesla,Model 3, ,2023, ,97536b02799ca51,10467, ,Consumer,"[REDACTED, MAY CONTAIN CONFIDENTIAL BUSINESS INFORMATION]", ,Y,"[REDACTED, MAY CONTAIN CONFIDENTIAL BUSINESS INFORMATION]", ,Y,"[REDACTED, MAY CONTAIN CONFIDENTIAL BUSINESS INFORMATION]", ,Y,,Y, ,,, ,Y,No,,No,ADAS,, , ,Y, , , , , ,,JUL-2024, ,JUL-2024,23:07, ,f9a556959b284d5,[MAY CONTAIN PERSONALLY IDENTIFIABLE INFORMATION], ,[MAY CONTAIN PERSONALLY IDENTIFIABLE INFORMATION], ,[MAY CONTAIN PERSONALLY IDENTIFIABLE INFORMATION], ,Long Branch, ,NJ ,[MAY CONTAIN PERSONALLY IDENTIFIABLE INFORMATION], ,Street,Dry,Unknown,30, ,Daylight,Y, , , , , , , ,,Unknown,Unknown,Yes,Unknown,Unknown,Unknown, , , , , , , , , , ,Y,Unknown,Yes,Unknown,Unknown,28, , , , , , , , , , , ,Y,Y, ,Y, ,Y,Y, , ,Unknown,,Y,Unknown,,Y,,Y,,Y,"[REDACTED, MAY CONTAIN CONFIDENTIAL BUSINESS INFORMATION]",Y,"[REDACTED, MAY CONTAIN CONFIDENTIAL BUSINESS INFORMATION]",Y
753-8012,2,"Kia America, Inc.",Update,,,JUL-2024,KNDC3DLC1N5, ,[MAY CONTAIN PERSONALLY IDENTIFIABLE INFORMATION],KIA,EV6, ,2022, ,a1a3c7edd1dbb26,61704, ,Consumer,SMART CRUISE CONTROL & LANE FOLLOWING ASSIST, , ,"DUE TO MULTIPLE COMPONENTS, NO VERSION CAN BE PROVIDED", , ,"DUE TO MULTIPLE COMPONENTS, NO VERSION CAN BE PROVIDED", , ,,Y, ,,,Y, ,No,,No,ADAS,, ,Y, , , , , , ,,JUN-2024, ,JUN-2024,14:00, ,b5bd0d05e74ed47,[MAY CONTAIN PERSONALLY IDENTIFIABLE INFORMATION], ,[MAY CONTAIN PERSONALLY IDENTIFIABLE INFORMATION], ,[MAY CONTAIN PERSONALLY IDENTIFIABLE INFORMATION], ,WOODSTOCK, ,VA ,[MAY CONTAIN PERSONALLY IDENTIFIABLE INFORMATION], ,Highway / Freeway,Dry,No Unusual Conditions,25, ,Daylight,Y, , , , , , , ,,Pole / Tree,Minor,Yes,,,, , , , , , , , , , , ,"Other, see Narrative",Yes,Yes,Yes,29, , , , , , ,Y, , ,Y, , ,Y, , ,Y, , , , ,No,, ,Yes,, ,, ,, ,"Unknown, see Narrative", ,"***July Monthly Update 7/15/2024
On July [XXX], 2024, Kia identified that the incident occurred on [XXX] approximately between [XXX], [XXX], VA [XXX]. On July 9, 2024, Kia received the customers signed consent form to ship the ACU. On July 15, 2024, Kia received the ACU and downloaded the EDR Report. According to the EDR Report, SCC was on and set at 28 mph at the time of the incident. There was no application of the service brakes during the five seconds pre-crash. The only recorded steering inputs were -5 degrees at -4.5 seconds and -4.0 seconds, and 0 degrees for the rest of the pre-crash duration. Kias engineer believes that LFA was not engaged or able to operate based on the conditions present at the time and location of the incident: the travel lane is very wide and there is no right-side lane marking. The street appears to be slightly crowned, which can cause a vehicle to drift to the right if not corrected by the driver and is likely the reason for the +2 degrees of vehicle roll angle recorded in the EDR. The EDR data is inconsistent with the customer's statement that the vehicle veered to the right and the driver could not stop it. No police report is currently available.",
28349-6820,4,"Lucid USA, Inc.",Update,,,JUL-2024,50EA1GBA5PA, ,N/A,LUCID AIR,GRAND TOURING, ,2023, ,dd6ce3209c07e9d,1824, ,Consumer,"[REDACTED, MAY CONTAIN CONFIDENTIAL BUSINESS INFORMATION]", ,Y,"[REDACTED, MAY CONTAIN CONFIDENTIAL BUSINESS INFORMATION]", ,Y,"[REDACTED, MAY CONTAIN CONFIDENTIAL BUSINESS INFORMATION]", ,Y,,Y, ,,, ,Y,No,,No,ADAS,, , ,Y, , , , , ,,DEC-2023, ,DEC-2023,06:01, ,e99bd9851a415e6,[MAY CONTAIN PERSONALLY IDENTIFIABLE INFORMATION], ,[MAY CONTAIN PERSONALLY IDENTIFIABLE INFORMATION], ,[MAY CONTAIN PERSONALLY IDENTIFIABLE INFORMATION], ,COLUMBIA, ,MD ,,Y,Highway / Freeway,Unknown,Unknown,,Y,Dawn / Dusk, , , ,Y, , , , ,,Unknown,No Injuries Reported,Unknown,Unknown,Unknown,Unknown, , , , , , , , , , ,Y,Proceeding Straight,Yes,Yes,Yes,66, , , ,Y, , ,Y, , ,Y, , , , ,Y, , , , , ,Unknown,,Y,Yes,,Y,,Y,,Y,"[REDACTED, MAY CONTAIN CONFIDENTIAL BUSINESS INFORMATION]",Y,"[REDACTED, MAY CONTAIN CONFIDENTIAL BUSINESS INFORMATION]",Y
855-7779,3,"Mercedes-Benz USA, LLC",Update,,,JUL-2024,W1KEG5DB7PF, ,N/A,Mercedes-Benz,AMG EQE 53 4MATIC Sedan, ,2023, ,96c69c2eb832efe,3251, ,Consumer,Active Distance Assist DISTRONIC with Active Steering Assist, , ,"[REDACTED, MAY CONTAIN CONFIDENTIAL BUSINESS INFORMATION]", ,Y,"[REDACTED, MAY CONTAIN CONFIDENTIAL BUSINESS INFORMATION]", ,Y,,Y, ,,, ,Y,No,,No,ADAS,, ,Y,Y, , , , , ,,MAY-2024, ,MAY-2024,14:26, ,05f90519b036c38,[MAY CONTAIN PERSONALLY IDENTIFIABLE INFORMATION], ,[MAY CONTAIN PERSONALLY IDENTIFIABLE INFORMATION], ,[MAY CONTAIN PERSONALLY IDENTIFIABLE INFORMATION], ,Farmingdale, ,NY ,[MAY CONTAIN PERSONALLY IDENTIFIABLE INFORMATION], ,Intersection,Dry,No Unusual Conditions,55, ,Daylight,Y, , , , , , , ,,"Other, see Narrative",Moderate,Unknown,Unknown,Unknown,Unknown, , , , , , , , , , ,Y,"Other, see Narrative",Yes,Yes,"No, see Narrative",57, ,Y,Y,Y, ,Y, , , , ,Y, ,Y, ,Y,Y,Y, , , ,Unknown,,Y,Yes,,Y,,Y,,Y,"[REDACTED, MAY CONTAIN CONFIDENTIAL BUSINESS INFORMATION]",Y,"All prior narratives have been removed due to character limit. Please see reports [XXX] to see prior updates.
7/15/2024 Update to 855-7779-2:
MBUSA conducted a scene and vehicle inspection on June 26, 2024[REDACTED, MAY CONTAIN CONFIDENTIAL BUSINESS INFORMATION]. The EDR data references an unbelted driver with no passengers at the time of the crash[REDACTED, MAY CONTAIN CONFIDENTIAL BUSINESS INFORMATION]. Operating a Mercedes-Benz vehicle unbelted automatically triggers audible tones, which may have been the ""beeping very fast"" tones reported by the driver. The EDR indicates 0% accelerator pedal input with constant motor rpm, consistent with Active Distance Assist DISTRONIC with Active Steering Assist engagement during the period between approximately 2.5 seconds to 0.5 seconds before the incident (T0). Starting at approximately 1.5 seconds prior to the incident and continuing to until approximately 0.5 seconds prior to the incident, the EDR data shows steering input of 10, 74, and -8 (in 0.5 second increments) respectively.  At approximately 0.5 seconds prior to T0, the EDR data reports Electronic Stability Control activated. [REDACTED, MAY CONTAIN CONFIDENTIAL BUSINESS INFORMATION] The EDR data also indicates the driver applied the service brake at T0.  The sequence of reported EDR steering input data  of 74, -8 , and -128 at the noted vehicle speed [REDACTED, MAY CONTAIN CONFIDENTIAL BUSINESS INFORMATION]. If MBUSA receives additional relevant information, it will update this report accordingly.",Y
1243-7850,3,"Subaru of America, Inc.",Update,,,JUL-2024,JF2SKAGC4RH, ,N/A,Subaru,Forester, ,2024, ,fdb56aa6a0677ac,4080, ,Consumer,"[REDACTED, MAY CONTAIN CONFIDENTIAL BUSINESS INFORMATION]", ,Y,,Y, ,,Y, ,, ,Y,,, ,Y,No,,No,ADAS,, ,Y, , , , , , ,,JUN-2024, ,JUN-2024,10:08, ,d9ce64a922ea4f1,[MAY CONTAIN PERSONALLY IDENTIFIABLE INFORMATION], ,[MAY CONTAIN PERSONALLY IDENTIFIABLE INFORMATION], ,[MAY CONTAIN PERSONALLY IDENTIFIABLE INFORMATION], ,Newport, ,NC ,[MAY CONTAIN PERSONALLY IDENTIFIABLE INFORMATION], ,Highway / Freeway,Dry,No Unusual Conditions,55, ,Daylight,Y, , , , , , , ,,"Other, see Narrative",Minor,Yes,"Other, see Narrative",Not Applicable,Not Applicable, , , , , , , , , , ,Y,Proceeding Straight,Yes,Yes,Yes,60, ,Y,Y,Y, , ,Y,Y,Y,Y,Y, ,Y,Y,Y, , , , , ,Unknown,,Y,Yes,,Y,,Y,,Y,"[REDACTED, MAY CONTAIN CONFIDENTIAL BUSINESS INFORMATION]",Y,"According to the customer's statement, the customer's 16-year-old son was driving the subject vehicle westbound on [XXX] at 55-60 MPH with adaptive cruise control (ACC) and Lane Centering (LCF) engaged. The driver dropped a water bottle and reached down to pick it up. The vehicle left the roadway onto the grass median and rolled twice. The driver sustained a minor burn from the airbag deployment and was examined at the hospital as a precautionary measure, receiving no treatment. The subject vehicle was towed from the scene. A [XXX] report confirmed the location of the incident and portions of the customer's narrative indicating that the subject vehicle was traveling westbound on [XXX] when the driver lost control of the vehicle, entered the grass median to the left and overturned, coming to rest in the median.
Subaru inspected the subject vehicle on 7/02/2024. [REDACTED, MAY CONTAIN CONFIDENTIAL BUSINESS INFORMATION]
Based on the vehicle inspection and data acquired, Subaru determined that the driver failed to maintain the required steering inputs, causing the system to cancel. The driver further failed to retake full control of the vehicle and allowed the vehicle to proceed straight during a right-hand curve, resulting in the vehicle leaving the roadway and rolling in the grass median.",Y
1306-8084,1,Toyota Motor Engineering & Manufacturing,1-Day,,,JUL-2024,4T1JZ1FB1NU, ,n/a,Toyota,Avalon, ,2022, ,17088324119c28f,,Y,Consumer,Toyota Safety Sense 2.5+, , ,Due to multiple ECUs no version can be described, , ,Due to multiple ECUs no version can be described, , ,,Y, ,,, ,Y,Unknown,,No,"Unknown, see Narrative",, ,Y, , , , , , ,,JUN-2024, ,JUL-2024,16:00, ,0b9165a1055309c,,Y,,Y,,Y,Phoenix, ,AZ ,,Y,Unknown,Unknown,Unknown,,Y,Unknown, , , , , , ,Y, ,,Pole / Tree,Unknown,Unknown,,,, , , , , , , , , , , ,Proceeding Straight,Yes,Unknown,Unknown,,Y, , , , , , , , , , ,Y, , , , , , , ,Y,Unknown,,Y,Yes,,Y,,Y,,Y,"Unknown, see Narrative", ,"On July [XXX], 2024, Toyota received an initial contact from an Enterprise Rental Car claim representative alleging that, ""one of there guest had an accident and states it was the fault of lane assist.""
On July 12, 2024, Toyota contacted the Enterprise Rental Car claim representative to obtain additional details regarding the alleged incident. According to that contact, ""The rental driver was only occupant traveling about 45mph had cruise control engaged and was traveling straight, there was a slight curve in the road and while intending to follow the right curve of the road the vehicle pulled hard to the left causing her to hit a sign and a light pole and the vehicle is a total loss. There are injuries being reported - taken to the hospital for soft tissue injuries and laceration to forehead, upper neck, right arm and both legs.""",
13781-8083,1,"Tesla, Inc.",5-Day,,,JUL-2024,5YJ3E1EB6KF, ,N/A,Tesla,Model 3, ,2019, ,af96f5eb738db6e,44836, ,Consumer,"[REDACTED, MAY CONTAIN CONFIDENTIAL BUSINESS INFORMATION]", ,Y,"[REDACTED, MAY CONTAIN CONFIDENTIAL BUSINESS INFORMATION]", ,Y,"[REDACTED, MAY CONTAIN CONFIDENTIAL BUSINESS INFORMATION]", ,Y,,Y, ,,, ,Y,No,,No,ADAS,, , ,Y, , , , , ,,JUL-2024, ,JUL-2024,03:34, ,1181e7ed62f030b,[MAY CONTAIN PERSONALLY IDENTIFIABLE INFORMATION], ,[MAY CONTAIN PERSONALLY IDENTIFIABLE INFORMATION], ,[MAY CONTAIN PERSONALLY IDENTIFIABLE INFORMATION], ,Harrisonburg, ,VA ,[MAY CONTAIN PERSONALLY IDENTIFIABLE INFORMATION], ,Unknown,Unknown,Unknown,55, ,Unknown, , , , , , ,Y, ,,Unknown,Unknown,Yes,Unknown,Unknown,Unknown, , , , , , , , , , ,Y,Unknown,Yes,Unknown,Unknown,40, , , , , , , , , , , ,Y,Y, ,Y, , ,Y, , ,Unknown,,Y,Unknown,,Y,,Y,,Y,"[REDACTED, MAY CONTAIN CONFIDENTIAL BUSINESS INFORMATION]",Y,"[REDACTED, MAY CONTAIN CONFIDENTIAL BUSINESS INFORMATION]",Y
13781-8076,1,"Tesla, Inc.",5-Day,,,JUL-2024,5YJ3E1EB4NF, ,N/A,Tesla,Model 3, ,2022, ,e989d04d8a7fae6,74829, ,Consumer,"[REDACTED, MAY CONTAIN CONFIDENTIAL BUSINESS INFORMATION]", ,Y,"[REDACTED, MAY CONTAIN CONFIDENTIAL BUSINESS INFORMATION]",Y,Y,"[REDACTED, MAY CONTAIN CONFIDENTIAL BUSINESS INFORMATION]",Y,Y,,Y, ,,, ,Y,No,,No,"Unknown, see Narrative",, ,Y, , , , , , ,,JUL-2024, ,JUL-2024,13:56, ,c3daad21ed40f8d,[MAY CONTAIN PERSONALLY IDENTIFIABLE INFORMATION], ,[MAY CONTAIN PERSONALLY IDENTIFIABLE INFORMATION], ,[MAY CONTAIN PERSONALLY IDENTIFIABLE INFORMATION], ,Carnegie, ,PA ,[MAY CONTAIN PERSONALLY IDENTIFIABLE INFORMATION], ,Highway / Freeway,Dry,No Unusual Conditions,55, ,Daylight,Y, , , , , , , ,,Other Fixed Object,No Injuries Reported,Yes,,,, , , , , , , , , , , ,Lane / Road Departure,No,Yes,Unknown,74, , , , , , , ,Y,Y,Y, , , , , ,Y,Y,Y, , ,Unknown,,Y,Unknown,,Y,,Y,,Y,"[REDACTED, MAY CONTAIN CONFIDENTIAL BUSINESS INFORMATION]",Y,"[REDACTED, MAY CONTAIN CONFIDENTIAL BUSINESS INFORMATION]",Y
13781-8075,1,"Tesla, Inc.",5-Day,,,JUL-2024,5YJSA1E52NF, ,N/A,Tesla,Model S, ,2022, ,a8a634d993ba409,33680, ,Consumer,"[REDACTED, MAY CONTAIN CONFIDENTIAL BUSINESS INFORMATION]", ,Y,"[REDACTED, MAY CONTAIN CONFIDENTIAL BUSINESS INFORMATION]", ,Y,"[REDACTED, MAY CONTAIN CONFIDENTIAL BUSINESS INFORMATION]", ,Y,,Y, ,,, ,Y,No,,No,ADAS,, ,Y, , , , , , ,,JUN-2024, ,JUL-2024,00:20, ,7afea12e0ed00e3,,Y,,Y,[MAY CONTAIN PERSONALLY IDENTIFIABLE INFORMATION], ,Grapevine, ,TX ,[MAY CONTAIN PERSONALLY IDENTIFIABLE INFORMATION], ,Street,Unknown,Unknown,,Y,Unknown, , , , , , ,Y, ,,Other Fixed Object,No Injuries Reported,Yes,,,, , , , , , , , , , , ,Unknown,No,Yes,Unknown,6, , , , , , , , , , , ,Y, , , ,Y, ,Y, , ,Unknown,,Y,Unknown,,Y,,Y,,Y,"[REDACTED, MAY CONTAIN CONFIDENTIAL BUSINESS INFORMATION]",Y,"[REDACTED, MAY CONTAIN CONFIDENTIAL BUSINESS INFORMATION]",Y
13781-8073,2,"Tesla, Inc.",Update,,,JUL-2024,7SAXCDE59PF, ,N/A,Tesla,Model X, ,2023, ,c5c1965a71a3324,10618, ,Consumer,"[REDACTED, MAY CONTAIN CONFIDENTIAL BUSINESS INFORMATION]", ,Y,"[REDACTED, MAY CONTAIN CONFIDENTIAL BUSINESS INFORMATION]",Y,Y,"[REDACTED, MAY CONTAIN CONFIDENTIAL BUSINESS INFORMATION]",Y,Y,,Y, ,,, ,Y,No,,No,"Unknown, see Narrative",, ,Y, , , , , , ,,JUN-2024, ,JUL-2024,21:03, ,f50874c1cccc440,[MAY CONTAIN PERSONALLY IDENTIFIABLE INFORMATION], ,[MAY CONTAIN PERSONALLY IDENTIFIABLE INFORMATION], ,[MAY CONTAIN PERSONALLY IDENTIFIABLE INFORMATION], ,Egg Harbor Township, ,NJ ,[MAY CONTAIN PERSONALLY IDENTIFIABLE INFORMATION], ,Highway / Freeway,Dry,No Unusual Conditions,65, ,Daylight, , ,Y, , , , , ,,Other Fixed Object,No Injuries Reported,Yes,,,, , , , , , , , , , , ,Lane / Road Departure,No,Yes,Unknown,86, ,Y,Y,Y, , , , , , , , ,Y, ,Y,Y,Y,Y, , ,Unknown,,Y,Unknown,,Y,,Y,,Y,"[REDACTED, MAY CONTAIN CONFIDENTIAL BUSINESS INFORMATION]",Y,"[REDACTED, MAY CONTAIN CONFIDENTIAL BUSINESS INFORMATION]",Y
13781-8073,1,"Tesla, Inc.",5-Day,,,JUL-2024,7SAXCDE59PF, ,N/A,Tesla,Model X, ,2023, ,c5c1965a71a3324,10618, ,Consumer,"[REDACTED, MAY CONTAIN CONFIDENTIAL BUSINESS INFORMATION]", ,Y,"[REDACTED, MAY CONTAIN CONFIDENTIAL BUSINESS INFORMATION]",Y,Y,"[REDACTED, MAY CONTAIN CONFIDENTIAL BUSINESS INFORMATION]",Y,Y,,Y, ,,, ,Y,No,,No,ADAS,, ,Y, , , , , , ,,JUN-2024, ,JUL-2024,21:03, ,f50874c1cccc440,[MAY CONTAIN PERSONALLY IDENTIFIABLE INFORMATION], ,[MAY CONTAIN PERSONALLY IDENTIFIABLE INFORMATION], ,[MAY CONTAIN PERSONALLY IDENTIFIABLE INFORMATION], ,Egg Harbor Township, ,NJ ,[MAY CONTAIN PERSONALLY IDENTIFIABLE INFORMATION], ,Highway / Freeway,Dry,No Unusual Conditions,65, ,Daylight, , ,Y, , , , , ,,Other Fixed Object,No Injuries Reported,Yes,,,, , , , , , , , , , , ,Lane / Road Departure,No,Yes,Unknown,86, ,Y,Y,Y, , , , , , , , ,Y, ,Y,Y,Y,Y, , ,Unknown,,Y,Unknown,,Y,,Y,,Y,"[REDACTED, MAY CONTAIN CONFIDENTIAL BUSINESS INFORMATION]",Y,"[REDACTED, MAY CONTAIN CONFIDENTIAL BUSINESS INFORMATION]",Y
13781-8072,1,"Tesla, Inc.",5-Day,,,JUL-2024,7SAYGAEE2RF, ,N/A,Tesla,Model Y, ,2024, ,98c7385f53bf425,1527, ,Consumer,"[REDACTED, MAY CONTAIN CONFIDENTIAL BUSINESS INFORMATION]", ,Y,"[REDACTED, MAY CONTAIN CONFIDENTIAL BUSINESS INFORMATION]", ,Y,"[REDACTED, MAY CONTAIN CONFIDENTIAL BUSINESS INFORMATION]", ,Y,,Y, ,,, ,Y,No,,No,ADAS,, ,Y, , , , , , ,,JUN-2024, ,JUL-2024,23:51, ,e687e94baac80f7,,Y,,Y,[MAY CONTAIN PERSONALLY IDENTIFIABLE INFORMATION], ,Cedar Park, ,TX ,[MAY CONTAIN PERSONALLY IDENTIFIABLE INFORMATION], ,Street,Unknown,Unknown,,Y,Unknown, , , , , , ,Y, ,,Other Fixed Object,No Injuries Reported,Yes,,,, , , , , , , , , , , ,Unknown,No,Yes,Unknown,20, , , , , , , , , , , ,Y, , , ,Y, ,Y, , ,Unknown,,Y,Unknown,,Y,,Y,,Y,"[REDACTED, MAY CONTAIN CONFIDENTIAL BUSINESS INFORMATION]",Y,"[REDACTED, MAY CONTAIN CONFIDENTIAL BUSINESS INFORMATION]",Y
13781-8038,2,"Tesla, Inc.",10-Day Update,,,JUL-2024,7SAYGDEF3NF, ,N/A,Tesla,Model Y, ,2022, ,6d0332c08f9565f,8906, ,Consumer,"[REDACTED, MAY CONTAIN CONFIDENTIAL BUSINESS INFORMATION]", ,Y,"[REDACTED, MAY CONTAIN CONFIDENTIAL BUSINESS INFORMATION]",Y,Y,"[REDACTED, MAY CONTAIN CONFIDENTIAL BUSINESS INFORMATION]",Y,Y,,Y, ,,, ,Y,No,,No,"Unknown, see Narrative",, ,Y, , , , , , ,,DEC-2022, ,JUL-2024,20:32, ,c42eee4ecf364e6,,Y,,Y,[MAY CONTAIN PERSONALLY IDENTIFIABLE INFORMATION], ,Goodyear, ,AZ ,[MAY CONTAIN PERSONALLY IDENTIFIABLE INFORMATION], ,Highway / Freeway,Dry,No Unusual Conditions,65, ,Daylight,Y, , , , , , , ,,"Other, see Narrative",Serious,Yes,Unknown,Unknown,Unknown, , , , , , , , , , ,Y,Lane / Road Departure,Yes,Unknown,Unknown,66, , , , , , , , , , ,Y, ,Y, ,Y,Y,Y,Y, , ,Unknown,,Y,Unknown,,Y,,Y,,Y,"[REDACTED, MAY CONTAIN CONFIDENTIAL BUSINESS INFORMATION]",Y,"[REDACTED, MAY CONTAIN CONFIDENTIAL BUSINESS INFORMATION]",Y
13781-8068,1,"Tesla, Inc.",1-Day,,,JUL-2024,7SAYGDEE6RA, ,N/A,Tesla,Model Y, ,2024, ,6f5931f384f025f,,Y,Consumer,"[REDACTED, MAY CONTAIN CONFIDENTIAL BUSINESS INFORMATION]", ,Y,"[REDACTED, MAY CONTAIN CONFIDENTIAL BUSINESS INFORMATION]",Y,Y,"[REDACTED, MAY CONTAIN CONFIDENTIAL BUSINESS INFORMATION]",Y,Y,,Y, ,,, ,Y,No,,No,ADAS,, , , , , , ,Y, ,,MAY-2024, ,JUL-2024,21:33, ,b96635ea94645a6,[MAY CONTAIN PERSONALLY IDENTIFIABLE INFORMATION], ,[MAY CONTAIN PERSONALLY IDENTIFIABLE INFORMATION], ,[MAY CONTAIN PERSONALLY IDENTIFIABLE INFORMATION], ,Warshaw, ,IN ,[MAY CONTAIN PERSONALLY IDENTIFIABLE INFORMATION], ,Street,Unknown,Unknown,,Y,Unknown, , , , , , ,Y, ,,SUV,Fatality,Yes,Unknown,Unknown,Unknown, , , , , , , , , , ,Y,Unknown,Unknown,Unknown,Unknown,,Y, , , , , , , , , , ,Y, , ,Y, , , , , ,Unknown,,Y,Unknown,,Y,,Y,,Y,"[REDACTED, MAY CONTAIN CONFIDENTIAL BUSINESS INFORMATION]",Y,"[REDACTED, MAY CONTAIN CONFIDENTIAL BUSINESS INFORMATION]",Y