Report ID,Report Version,Reporting Entity,Report Type,Report Month,Report Year,Report Submission Date,VIN,VIN - Unknown,Serial Number,Make,Model,Model - Unknown,Model Year,Model Year - Unknown,Same Vehicle ID,Mileage,Mileage - Unknown,Driver / Operator Type,ADAS/ADS System Version,ADAS/ADS System Version - Unk,ADAS/ADS System Version CBI,ADAS/ADS Hardware Version,ADAS/ADS Hardware Version - Unk,ADAS/ADS Hardware Version CBI,ADAS/ADS Software Version,ADAS/ADS Software Version - Unk,ADAS/ADS Software Version CBI,Other Reporting Entities?,Other Reporting Entities? - Unk,Other Reporting Entities? - NA,Federal Regulatory Exemption?,Other Federal Reg. Exemption,Federal Reg. Exemption - Unk,Federal Reg. Exemption - No,State or Local Permit?,State or Local Permit,ADS Equipped?,Automation System Engaged?,Operating Entity,Operating Entity - Unknown,Source - Complaint/Claim,Source - Telematics,Source - Law Enforcement,Source - Field Report,Source - Testing,Source - Media,Source - Other,Source - Other Text,Incident Date,Incident Date - Unknown,Notice Received Date,Incident Time (24:00),Incident Time - Unknown,Same Incident ID,Latitude,Latitude - Unknown,Longitude,Longitude - Unknown,Address,Address - Unknown,City,City - Unknown,State,Zip Code,Zip Code - Unknown,Roadway Type,Roadway Surface,Roadway Description,Posted Speed Limit (MPH),Posted Speed Limit - Unknown,Lighting,Weather - Clear,Weather - Snow,Weather - Cloudy,Weather - Fog/Smoke,Weather - Rain,Weather - Severe Wind,Weather - Unknown,Weather - Other,Weather - Other Text,Crash With,Highest Injury Severity Alleged,Property Damage?,CP Pre-Crash Movement,CP Any Air Bags Deployed?,CP Was Vehicle Towed?,CP Contact Area - Rear Left,CP Contact Area - Left,CP Contact Area - Front Left,CP Contact Area - Rear,CP Contact Area - Top,CP Contact Area - Front,CP Contact Area - Rear Right,CP Contact Area - Right,CP Contact Area - Front Right,CP Contact Area - Bottom,CP Contact Area - Unknown,SV Pre-Crash Movement,SV Any Air Bags Deployed?,SV Was Vehicle Towed?,SV Were All Passengers Belted?,SV Precrash Speed (MPH),SV Pre-crash Speed - Unknown,SV Contact Area - Rear Left,SV Contact Area - Left,SV Contact Area - Front Left,SV Contact Area - Rear,SV Contact Area - Top,SV Contact Area - Front,SV Contact Area - Rear Right,SV Contact Area - Right,SV Contact Area - Front Right,SV Contact Area - Bottom,SV Contact Area - Unknown,Data Availability - EDR,Data Availability - Police Rpt,Data Availability - Telematics,Data Availability - Complaints,Data Availability - Video,Data Availability - Other,Data Availability - No Data,Data Availability - Unknown,Law Enforcement Investigating?,Investigating Agency,Investigating Agency - Unknown,Rep Ent Or Mfr Investigating?,Investigating Officer Name,Inv. Officer Name - Unknown,Investigating Officer Phone,Inv. Officer Phone - Unknown,Investigating Officer Email,Inv. Officer Email - Unknown,Within ODD?,Within ODD? - CBI,Narrative,Narrative - CBI?
29990-8066,1,"Rivian Automotive, LLC",Monthly,7,2024,JUL-2024,7PDSGABA8PN, ,N/A,Rivian,R1S, ,2023, ,1c0dc3133702ad5,4777, ,Consumer,Gen 1, , ,Gen 1, , ,2024.11.02, , ,,Y, ,,, ,Y,No,,No,ADAS,, ,Y, , , , , , ,,JUN-2024, ,JUN-2024,10:58, ,cff39c1cd4b78d6,,Y,,Y,,Y,,Y,UNK,,Y,Highway / Freeway,Unknown,Unknown,,Y,Unknown, , , , , , ,Y, ,,"Other, see Narrative",No Injuries Reported,Yes,Unknown,Unknown,Unknown, , , , , , , , , , ,Y,Proceeding Straight,No,No,Unknown,82, , , , , , , ,Y, , , , , , ,Y,Y, ,Y, , ,Unknown,,Y,No,,Y,,Y,,Y,Yes, ,"On June [XXX], 2024, at approximately 7:58 AM PT the subject vehicle was traveling with Rivians Level 2 ADAS feature, Highway Assist (HWA), engaged at a speed of approximately 82 mph. The driver turned the steering wheel in a way that exceeded the driver takeover request threshold of HWA, which disengaged the steering assistance and returned steering control to the driver. At this time the system was registering the drivers hands on the wheel. The vehicle continued on under control of the driver with steering inputs ranging from +20 degrees to -26 degrees and eventually impacted another vehicle traveling in the adjacent lane, resulting in minor superficial damage to the rear of the vehicle.",
13781-8045,1,"Tesla, Inc.",1-Day,,,JUL-2024,5YJ3E1EA3PF, ,N/A,Tesla,Model 3, ,2023, ,dcd0ec58753bfda,1841, ,Consumer,"[REDACTED, MAY CONTAIN CONFIDENTIAL BUSINESS INFORMATION]", ,Y,"[REDACTED, MAY CONTAIN CONFIDENTIAL BUSINESS INFORMATION]", ,Y,"[REDACTED, MAY CONTAIN CONFIDENTIAL BUSINESS INFORMATION]", ,Y,,Y, ,,, ,Y,No,,No,ADAS,, ,Y, , , , , , ,,AUG-2023, ,JUL-2024,,Y,7dae0d28d5db974,,Y,,Y,[MAY CONTAIN PERSONALLY IDENTIFIABLE INFORMATION], ,Ponte Verda Beach, ,FL ,[MAY CONTAIN PERSONALLY IDENTIFIABLE INFORMATION], ,Street,Unknown,Unknown,50, ,Unknown, , , , , , ,Y, ,,Unknown,Fatality,Yes,Unknown,Unknown,Unknown, , , , , , , , , , ,Y,Unknown,Yes,Unknown,Unknown,,Y, , , , , , , , , , ,Y,Y, ,Y,Y, ,Y, , ,Unknown,,Y,Unknown,,Y,,Y,,Y,"[REDACTED, MAY CONTAIN CONFIDENTIAL BUSINESS INFORMATION]",Y,Litigation Claim... In Progress...,Y
10039-7994,2,"BMW of North America, LLC",10-Day Update,,,JUL-2024,WBA13AR01MC, ,N/A,BMW,M440i xDrive Coupe, ,2021, ,d56505d127b8df8,,Y,Consumer,"[REDACTED, MAY CONTAIN CONFIDENTIAL BUSINESS INFORMATION]",Y,Y,"[REDACTED, MAY CONTAIN CONFIDENTIAL BUSINESS INFORMATION]",Y,Y,"[REDACTED, MAY CONTAIN CONFIDENTIAL BUSINESS INFORMATION]",Y,Y,,Y, ,,, ,Y,No,,No,"Unknown, see Narrative",, ,Y, , , , , , ,,JUN-2024, ,JUN-2024,15:30, ,0edea2f71d88716,,Y,,Y,[MAY CONTAIN PERSONALLY IDENTIFIABLE INFORMATION], ,Coco Beach, ,FL ,,Y,Highway / Freeway,Wet,Traffic Incident,,Y,Unknown, , , , ,Y, , , ,,Heavy Truck,Unknown,Unknown,Stopped,Unknown,Unknown, , , , , , , , , , ,Y,Merging,Yes,Yes,Yes,,Y, , , , , , , , , , ,Y, , , , , , , ,Y,Unknown,,Y,Yes,,Y,,Y,,Y,"[REDACTED, MAY CONTAIN CONFIDENTIAL BUSINESS INFORMATION]",Y,"[REDACTED, MAY CONTAIN CONFIDENTIAL BUSINESS INFORMATION]",Y
502-8024,1,Ford Motor Company,5-Day,,,JUL-2024,1FT6W1EV5NW, ,N/A,Ford,F-150, ,2022, ,d8d3e1765a49596,27150, ,Consumer,CoPilot 3660 Assist 2.0 / BlueCruise, , ,ML3T-14H107-FH, , ,ML3T-14H102-ABT, , ,, ,Y,,, ,Y,No,,No,ADAS,, ,Y, , , , , , ,,MAY-2024, ,JUL-2024,16:38, ,d22473979c1cdfe,[MAY CONTAIN PERSONALLY IDENTIFIABLE INFORMATION], ,[MAY CONTAIN PERSONALLY IDENTIFIABLE INFORMATION], ,[MAY CONTAIN PERSONALLY IDENTIFIABLE INFORMATION], ,Kissimmee, ,FL ,[MAY CONTAIN PERSONALLY IDENTIFIABLE INFORMATION], ,Highway / Freeway,Dry,No Unusual Conditions,65, ,Daylight,Y, , , , , , , ,,Heavy Truck,No Injuries Reported,Yes,Proceeding Straight,No,No,Y, , , , , , , , , , ,Proceeding Straight,No,Yes,Yes,25, , , , , , ,Y, , ,Y, , , , ,Y, , , , , ,Unknown,Florida Highway Patrol, ,Yes,[MAY CONTAIN PERSONALLY IDENTIFIABLE INFORMATION], ,[MAY CONTAIN PERSONALLY IDENTIFIABLE INFORMATION], ,,Y,Yes, ,"On July 3rd, 2024, Ford Motor Company received notice of VOQ 11596168.  In the VOQ, the driver claimed that BlueCruise hands-free mode was active when the vehicle veered to the right and collided with the guardrail. NHTSA ODI also contacted Ford Motor Company on July 3rd, 2024, to confirm awareness of the VOQ and provided a copy of the police report. The police report disclosed additional details, indicating that the vehicle initially collided with the left-rear of a semi-truck in the adjacent lane before veering further to the right and striking the guardrail. According to the police report, no airbags deployed, no injuries were reported, and the subject vehicle was towed following the incident.
 
Ford is currently investigating the incident and has confirmed that the vehicle was equipped with ADAS Level 2 and BlueCruise. Connected vehicle data suggests that BlueCruise was active during the drive but not within the 30 seconds immediately prior to the incident.",
13781-8038,1,"Tesla, Inc.",1-Day,,,JUL-2024,7SAYGDEF3NF, ,N/A,Tesla,Model Y, ,2022, ,6d0332c08f9565f,8906, ,Consumer,"[REDACTED, MAY CONTAIN CONFIDENTIAL BUSINESS INFORMATION]",Y,Y,"[REDACTED, MAY CONTAIN CONFIDENTIAL BUSINESS INFORMATION]", ,Y,"[REDACTED, MAY CONTAIN CONFIDENTIAL BUSINESS INFORMATION]",Y,Y,,Y, ,,, ,Y,No,,No,ADAS,, ,Y, , , , , , ,,DEC-2022, ,JUL-2024,20:32, ,c42eee4ecf364e6,,Y,,Y,[MAY CONTAIN PERSONALLY IDENTIFIABLE INFORMATION], ,Goodyear, ,AZ ,[MAY CONTAIN PERSONALLY IDENTIFIABLE INFORMATION], ,Highway / Freeway,Unknown,Unknown,,Y,Unknown, , , , , , ,Y, ,,Unknown,Serious,Yes,Unknown,Unknown,Unknown, , , , , , , , , , ,Y,Unknown,Yes,Unknown,Unknown,,Y, , , , , , , , , , ,Y, , , , , ,Y, , ,Unknown,,Y,Unknown,,Y,,Y,,Y,"[REDACTED, MAY CONTAIN CONFIDENTIAL BUSINESS INFORMATION]",Y,"[REDACTED, MAY CONTAIN CONFIDENTIAL BUSINESS INFORMATION]",Y
13781-8035,1,"Tesla, Inc.",5-Day,,,JUL-2024,7SAYGDED0RF, ,N/A,Tesla,Model Y, ,2024, ,0f0bf3d6a2628ba,195, ,Consumer,"[REDACTED, MAY CONTAIN CONFIDENTIAL BUSINESS INFORMATION]", ,Y,"[REDACTED, MAY CONTAIN CONFIDENTIAL BUSINESS INFORMATION]", ,Y,"[REDACTED, MAY CONTAIN CONFIDENTIAL BUSINESS INFORMATION]", ,Y,,Y, ,,, ,Y,No,,No,ADAS,, , ,Y, , , , , ,,JUN-2024, ,JUL-2024,17:31, ,85cbb172d2edfdc,[MAY CONTAIN PERSONALLY IDENTIFIABLE INFORMATION], ,[MAY CONTAIN PERSONALLY IDENTIFIABLE INFORMATION], ,[MAY CONTAIN PERSONALLY IDENTIFIABLE INFORMATION], ,D'Iberville, ,MS ,[MAY CONTAIN PERSONALLY IDENTIFIABLE INFORMATION], ,Unknown,Unknown,Unknown,,Y,Unknown, , , , , , ,Y, ,,Unknown,Unknown,Yes,Unknown,Unknown,Unknown, , , , , , , , , , ,Y,Unknown,Yes,Unknown,Unknown,28, , , , , , , , , , , ,Y,Y, ,Y, , ,Y, , ,Unknown,,Y,Unknown,,Y,,Y,,Y,"[REDACTED, MAY CONTAIN CONFIDENTIAL BUSINESS INFORMATION]",Y,"[REDACTED, MAY CONTAIN CONFIDENTIAL BUSINESS INFORMATION]",Y
13781-8004,2,"Tesla, Inc.",10-Day Update,,,JUL-2024,5YJYGDEE7MF, ,N/A,Tesla,Model Y, ,2021, ,430854b83b74303,37564, ,Consumer,"[REDACTED, MAY CONTAIN CONFIDENTIAL BUSINESS INFORMATION]", ,Y,"[REDACTED, MAY CONTAIN CONFIDENTIAL BUSINESS INFORMATION]", ,Y,"[REDACTED, MAY CONTAIN CONFIDENTIAL BUSINESS INFORMATION]", ,Y,,Y, ,,, ,Y,No,,No,ADAS,, ,Y, , , , , , ,,NOV-2023, ,JUN-2024,00:03, ,3992b4e2e6ccdd3,[MAY CONTAIN PERSONALLY IDENTIFIABLE INFORMATION], ,[MAY CONTAIN PERSONALLY IDENTIFIABLE INFORMATION], ,[MAY CONTAIN PERSONALLY IDENTIFIABLE INFORMATION], ,Rimrock, ,AZ ,[MAY CONTAIN PERSONALLY IDENTIFIABLE INFORMATION], ,Highway / Freeway,Dry,Traffic Incident,,Y,Dawn / Dusk,Y, , , , , , , ,,Non-Motorist: Pedestrian,Fatality,Yes,Unknown,,, , , , , , , , , , , ,"Other, see Narrative",No,Unknown,Unknown,55, , , ,Y, , ,Y, , ,Y, , ,Y, ,Y,Y,Y,Y, , ,Unknown,,Y,Unknown,,Y,,Y,,Y,"[REDACTED, MAY CONTAIN CONFIDENTIAL BUSINESS INFORMATION]",Y,"[REDACTED, MAY CONTAIN CONFIDENTIAL BUSINESS INFORMATION]",Y
1243-7991,2,"Subaru of America, Inc.",10-Day Update,,,JUL-2024,4S3BWAN60L3, ,N/A,Subaru,Legacy, ,2020, ,d31135dc120c5e8,52509, ,Consumer,"[REDACTED, MAY CONTAIN CONFIDENTIAL BUSINESS INFORMATION]", ,Y,,Y, ,,Y, ,, ,Y,,, ,Y,No,,No,ADAS,, ,Y, , , , , , ,,OCT-2023, ,FEB-2024,14:41, ,20c098e1e824830,[MAY CONTAIN PERSONALLY IDENTIFIABLE INFORMATION], ,[MAY CONTAIN PERSONALLY IDENTIFIABLE INFORMATION], ,[MAY CONTAIN PERSONALLY IDENTIFIABLE INFORMATION], ,New Kent, ,VA ,[MAY CONTAIN PERSONALLY IDENTIFIABLE INFORMATION], ,Highway / Freeway,Dry,No Unusual Conditions,70, ,Daylight,Y, , , , , , , ,,Heavy Truck,Moderate,Yes,Changing Lanes,No,No,Y, , , , , , , , , , ,Proceeding Straight,Yes,Yes,Yes,75, , , , , , , , , ,Y, , , ,Y, , , , , , ,Unknown,,Y,No,,Y,,Y,,Y,"[REDACTED, MAY CONTAIN CONFIDENTIAL BUSINESS INFORMATION]",Y,"The customer's attorney contacted Subaru customer service on 10/[XXX]/2023 requesting any data that may be stored in the vehicle's EyeSight systems. There was no allegation of any vehicle defect. According to the police crash report, the subject vehicle was traveling westbound in the left-hand lane of [XXX]. A box truck traveling westbound in the right-hand lane, approx. 5 MPH slower than the subject vehicle, made an unsafe lane change, striking the subject vehicle in the right front with its left rear quarter panel. As a result of the contact, the subject vehicle departed from the road to the left and struck a tree. The customer was transported to the hospital with moderate injuries and the vehicle was towed from the scene. [REDACTED, MAY CONTAIN CONFIDENTIAL BUSINESS INFORMATION]",Y
753-8012,1,"Kia America, Inc.",5-Day,,,JUL-2024,KNDC3DLC1N5, ,[MAY CONTAIN PERSONALLY IDENTIFIABLE INFORMATION],KIA,EV6, ,2022, ,a1a3c7edd1dbb26,61704, ,Consumer,SMART CRUISE CONTROL & LANE FOLLOWING ASSIST, , ,"DUE TO MULTIPLE COMPONENTS, NO VERSION CAN BE PROVIDED", , ,"DUE TO MULTIPLE COMPONENTS, NO VERSION CAN BE PROVIDED", , ,,Y, ,,,Y, ,No,,No,ADAS,, ,Y, , , , , , ,,JUN-2024, ,JUN-2024,14:00, ,b5bd0d05e74ed47,,Y,,Y,[MAY CONTAIN PERSONALLY IDENTIFIABLE INFORMATION], ,WOODSTOCK, ,VA ,,Y,Highway / Freeway,Dry,No Unusual Conditions,25, ,Daylight,Y, , , , , , , ,,Pole / Tree,Minor,Yes,,,, , , , , , , , , , , ,"Other, see Narrative",Yes,Yes,Yes,29, , , , , , ,Y, , ,Y, , , , , ,Y, , , , ,No,, ,Yes,, ,, ,, ,"Unknown, see Narrative", ,"Customer contacted Kia via web on June [XXX], 2024 and reported car [REDACTED, MAY CONTAIN CONFIDENTIAL BUSINESS INFORMATION] drove itself into a telephone pole.  Customer subsequently reached out to Kia Customer Care on June [XXX], 2024 to provide more details and stated that she was driving on a minor highway with cruise control set and was holding the wheel when the car veered to the right and drove into a telephone pole.  Customer noted that there was automated steering.  Customer further stated that she does not know what caused it but the features must have malfunctioned.  Kia Customer Care contacted customer to obtain additional information regarding the incident.  At that time, the customer stated she was driving on highway [XXX] with drivers assist on, with collision avoidance on 4 seconds, cruise control to 29mph, vehicle veered to the right as if it sensed an object and hit [REDACTED, MAY CONTAIN CONFIDENTIAL BUSINESS INFORMATION] telephone pole on the side of [REDACTED, MAY CONTAIN CONFIDENTIAL BUSINESS INFORMATION] road [REDACTED, MAY CONTAIN CONFIDENTIAL BUSINESS INFORMATION] no warnings at all.  Customer also reported that no road median, divider or barrier was present. Customer reported that Highway Driving Assist (HDA), Smart Cruise Control (SCC) and Lane Following Assist (LFA) were on at the time of the incident. Customer stated that she suffered bruises and friction burns from the airbags deploying and requested that Kia pay her vehicle loan and provide with a new vehicle.  
The subject Kia EV6 is equipped with HDA, LFA and SCC. HDA is a supplemental system that helps maintain a set distance and speed from the vehicle ahead when driving on a highway and helps keep the vehicle between lanes while driving. The driver is responsible for controlling the vehicle for safe driving as HDA is not an autonomous driving system.  In addition, HDA may not be able to recognize all traffic situations and may not detect possible collisions due to limitations of the system.  LFA is also a supplemental system that helps to detect lane markings and/or vehicles on the road, and assists the drivers steering to help keep the vehicle between lanes. LFA does not operate at all times and it is the responsibility of the driver to safely steer the vehicle and to maintain the vehicle in its lane.  
Kia has reached out to the customer and left several messages via phone and email in an effort to obtain authorization to retrieve the ACU and download the EDR data for its investigation into the customers allegations.  To date, the customer has not responded. As a result, Kia has no further information at this time.",
1243-8010,1,"Subaru of America, Inc.",5-Day,,,JUL-2024,JF2SKAJC0LH, ,N/A,Subaru,Forester, ,2020, ,50f7dcbfb05d359,84596, ,Consumer,"[REDACTED, MAY CONTAIN CONFIDENTIAL BUSINESS INFORMATION]", ,Y,,Y, ,,Y, ,, ,Y,,, ,Y,No,,No,ADAS,, ,Y, , , , , , ,,JUN-2024, ,JUN-2024,05:00, ,eb525e8cb7c728c,,Y,,Y,[MAY CONTAIN PERSONALLY IDENTIFIABLE INFORMATION], ,Las Vegas, ,NV ,,Y,Highway / Freeway,Dry,Unknown,65, ,Dawn / Dusk,Y, , , , , , , ,,Other Fixed Object,Minor,Yes,,,, , , , , , , , , , , ,Proceeding Straight,No,Yes,Yes,65, , , ,Y, , ,Y, , ,Y, , , , , , , , , ,Y,Unknown,,Y,Unknown,,Y,,Y,,Y,"[REDACTED, MAY CONTAIN CONFIDENTIAL BUSINESS INFORMATION]",Y,"[REDACTED, MAY CONTAIN CONFIDENTIAL BUSINESS INFORMATION]",Y
13781-8007,2,"Tesla, Inc.",10-Day Update,,,JUL-2024,5YJ3E1EA9NF, ,N/A,Tesla,Model 3, ,2022, ,c5952055f797a35,22951, ,Consumer,"[REDACTED, MAY CONTAIN CONFIDENTIAL BUSINESS INFORMATION]", ,Y,"[REDACTED, MAY CONTAIN CONFIDENTIAL BUSINESS INFORMATION]", ,Y,"[REDACTED, MAY CONTAIN CONFIDENTIAL BUSINESS INFORMATION]", ,Y,,Y, ,,, ,Y,No,,No,ADAS,, , , , , , ,Y, ,,JUN-2024, ,JUL-2024,16:42, ,b3b4d35c1426340,,Y,,Y,[MAY CONTAIN PERSONALLY IDENTIFIABLE INFORMATION], ,Glen Rock, ,NJ ,[MAY CONTAIN PERSONALLY IDENTIFIABLE INFORMATION], ,Street,Dry,Unknown,,Y,Daylight,Y, , , , , , , ,,Passenger Car,Unknown,Yes,Unknown,Yes,Unknown,Y, ,Y, , ,Y, , , , , ,Unknown,Yes,Unknown,Unknown,41, , , , , , , ,Y, ,Y, , ,Y, , , , ,Y, , ,Unknown,,Y,Unknown,,Y,,Y,,Y,"[REDACTED, MAY CONTAIN CONFIDENTIAL BUSINESS INFORMATION]",Y,"[REDACTED, MAY CONTAIN CONFIDENTIAL BUSINESS INFORMATION]",Y
13781-8007,1,"Tesla, Inc.",1-Day,,,JUL-2024,5YJ3E1EA9NF, ,N/A,Tesla,Model 3, ,2022, ,c5952055f797a35,22951, ,Consumer,"[REDACTED, MAY CONTAIN CONFIDENTIAL BUSINESS INFORMATION]", ,Y,"[REDACTED, MAY CONTAIN CONFIDENTIAL BUSINESS INFORMATION]", ,Y,"[REDACTED, MAY CONTAIN CONFIDENTIAL BUSINESS INFORMATION]", ,Y,,Y, ,,, ,Y,No,,No,ADAS,, , , , , , ,Y, ,,JUN-2024, ,JUL-2024,16:42, ,b3b4d35c1426340,,Y,,Y,[MAY CONTAIN PERSONALLY IDENTIFIABLE INFORMATION], ,Glen Rock, ,NJ ,[MAY CONTAIN PERSONALLY IDENTIFIABLE INFORMATION], ,Street,Dry,Unknown,,Y,Daylight,Y, , , , , , , ,,Passenger Car,Unknown,Yes,Unknown,Yes,Unknown,Y, ,Y, , ,Y, , , , , ,Unknown,Yes,Unknown,Unknown,41, , , , , , , ,Y, ,Y, , ,Y, , , , ,Y, , ,Unknown,,Y,Unknown,,Y,,Y,,Y,"[REDACTED, MAY CONTAIN CONFIDENTIAL BUSINESS INFORMATION]",Y,"[REDACTED, MAY CONTAIN CONFIDENTIAL BUSINESS INFORMATION]",Y
502-7990,1,Ford Motor Company,5-Day,,,JUN-2024,1FTFW1ED4PF, ,N/A,Ford,F-150, ,2023, ,f078eeccb446ea9,21137, ,In-Vehicle (Commercial / Test),N/A, , ,"[REDACTED, MAY CONTAIN CONFIDENTIAL BUSINESS INFORMATION]", ,Y,"[REDACTED, MAY CONTAIN CONFIDENTIAL BUSINESS INFORMATION]", ,Y,Latitude AI, , ,,, ,Y,No,,No,ADAS,Latitude AI, , , , , ,Y, , ,,JUN-2024, ,JUN-2024,13:10, ,aef628a6826e229,[MAY CONTAIN PERSONALLY IDENTIFIABLE INFORMATION], ,[MAY CONTAIN PERSONALLY IDENTIFIABLE INFORMATION], ,[MAY CONTAIN PERSONALLY IDENTIFIABLE INFORMATION], ,Detroit, ,MI ,[MAY CONTAIN PERSONALLY IDENTIFIABLE INFORMATION], ,Highway / Freeway,Wet,"Other, see Narrative",55, ,Daylight, , ,Y, , , , , ,,SUV,No Injuries Reported,Yes,Proceeding Straight,No,Yes, , ,Y, , ,Y, , ,Y, , ,Proceeding Straight,No,No,Yes,7, ,Y, , , , , , , , , , , , ,Y, ,Y, , , ,Yes,Michigan State Police, ,Yes,,Y,[MAY CONTAIN PERSONALLY IDENTIFIABLE INFORMATION], ,[MAY CONTAIN PERSONALLY IDENTIFIABLE INFORMATION], ,Yes, ,"As reported by Latitude AI to Ford on June [XXX], 2024 (SGO Report ID 33500-7993-1), ""The Latitude development vehicle (subject vehicle) was traveling southbound on [XXX] in the leftmost lane with ADAS active at 13:10 EST on June [XXX], 2024. As the subject vehicle was approaching mile marker [XXX] (near the exit [XXX]), it began to decelerate due to traffic moving slower ahead. The Vehicle Operator transitioned the subject vehicle to manual operation and continued to decelerate. A trailing SUV made contact with the driver's side rear of the subject vehicle.  At the time of impact, the subject vehicle was traveling at approximately 7mph, the trailing vehicle was traveling at approximately 34 mph, and the lead vehicle (not involved in the incident) was traveling at approximately 2 mph.
Roadway Description, see Narrative:
 [XXX] southbound has the two right lanes closed, with merging of the rightmost lane beginning approximately 0.2 miles South of the entrance ramp from [XXX] and the center lane merge starting approximately 0.2 mile after.  The slowing traffic referenced in the Narrative was due to the upcoming lane merges.""",
33500-7993,1,Latitude AI,5-Day,,,JUN-2024,1FTFW1ED4PF, ,N/A,Ford,F-150, ,2023, ,f078eeccb446ea9,21137, ,In-Vehicle (Commercial / Test),N/A, , ,"[REDACTED, MAY CONTAIN CONFIDENTIAL BUSINESS INFORMATION]", ,Y,"[REDACTED, MAY CONTAIN CONFIDENTIAL BUSINESS INFORMATION]", ,Y,Ford Motor Company, , ,,, ,Y,No,,No,ADAS,Latitude AI, , , , , ,Y, , ,,JUN-2024, ,JUN-2024,13:10, ,aef628a6826e229,[MAY CONTAIN PERSONALLY IDENTIFIABLE INFORMATION], ,[MAY CONTAIN PERSONALLY IDENTIFIABLE INFORMATION], ,[MAY CONTAIN PERSONALLY IDENTIFIABLE INFORMATION], ,Detroit, ,MI ,[MAY CONTAIN PERSONALLY IDENTIFIABLE INFORMATION], ,Highway / Freeway,Wet,"Other, see Narrative",55, ,Daylight, , ,Y, , , , , ,,SUV,No Injuries Reported,Yes,Proceeding Straight,No,Yes, , ,Y, , ,Y, , ,Y, , ,Proceeding Straight,No,No,Yes,7, ,Y, , , , , , , , , , , , ,Y, ,Y, , , ,Yes,Michigan State Police, ,Yes,,Y,[MAY CONTAIN PERSONALLY IDENTIFIABLE INFORMATION], ,[MAY CONTAIN PERSONALLY IDENTIFIABLE INFORMATION], ,Yes, ,"The Latitude development vehicle (subject vehicle) was traveling southbound on [XXX] in the leftmost lane with ADAS active at 13:10 EST on June [XXX], 2024. As the subject vehicle was approaching mile marker [XXX], it began to decelerate due to traffic moving slower ahead. The Vehicle Operator transitioned the subject vehicle to manual operation and continued to decelerate. A trailing SUV made contact with the driver's side rear of the subject vehicle.  At the time of impact, the subject vehicle was traveling at approximately 7mph, the trailing vehicle was traveling at approximately 34 mph, and the lead vehicle (not involved in the incident) was traveling at approximately 2 mph.
Roadway Description, see Narrative:
 [XXX] has the two right lanes closed, with merging of the rightmost lane beginning approximately 0.2 miles South of the entrance ramp to Ford Road and the center lane merge starting approximately 0.2 mile after.  The slowing traffic referenced in the Narrative was due to the upcoming lane merges.",