Report ID,Report Version,Reporting Entity,Report Type,Report Month,Report Year,Report Submission Date,VIN,VIN - Unknown,Serial Number,Make,Model,Model - Unknown,Model Year,Model Year - Unknown,Same Vehicle ID,Mileage,Mileage - Unknown,Driver / Operator Type,ADAS/ADS System Version,ADAS/ADS System Version - Unk,ADAS/ADS System Version CBI,ADAS/ADS Hardware Version,ADAS/ADS Hardware Version - Unk,ADAS/ADS Hardware Version CBI,ADAS/ADS Software Version,ADAS/ADS Software Version - Unk,ADAS/ADS Software Version CBI,Other Reporting Entities?,Other Reporting Entities? - Unk,Other Reporting Entities? - NA,Federal Regulatory Exemption?,Other Federal Reg. Exemption,Federal Reg. Exemption - Unk,Federal Reg. Exemption - No,State or Local Permit?,State or Local Permit,ADS Equipped?,Automation System Engaged?,Operating Entity,Operating Entity - Unknown,Source - Complaint/Claim,Source - Telematics,Source - Law Enforcement,Source - Field Report,Source - Testing,Source - Media,Source - Other,Source - Other Text,Incident Date,Incident Date - Unknown,Notice Received Date,Incident Time (24:00),Incident Time - Unknown,Same Incident ID,Latitude,Latitude - Unknown,Longitude,Longitude - Unknown,Address,Address - Unknown,City,City - Unknown,State,Zip Code,Zip Code - Unknown,Roadway Type,Roadway Surface,Roadway Description,Posted Speed Limit (MPH),Posted Speed Limit - Unknown,Lighting,Weather - Clear,Weather - Snow,Weather - Cloudy,Weather - Fog/Smoke,Weather - Rain,Weather - Severe Wind,Weather - Unknown,Weather - Other,Weather - Other Text,Crash With,Highest Injury Severity Alleged,Property Damage?,CP Pre-Crash Movement,CP Any Air Bags Deployed?,CP Was Vehicle Towed?,CP Contact Area - Rear Left,CP Contact Area - Left,CP Contact Area - Front Left,CP Contact Area - Rear,CP Contact Area - Top,CP Contact Area - Front,CP Contact Area - Rear Right,CP Contact Area - Right,CP Contact Area - Front Right,CP Contact Area - Bottom,CP Contact Area - Unknown,SV Pre-Crash Movement,SV Any Air Bags Deployed?,SV Was Vehicle Towed?,SV Were All Passengers Belted?,SV Precrash Speed (MPH),SV Pre-crash Speed - Unknown,SV Contact Area - Rear Left,SV Contact Area - Left,SV Contact Area - Front Left,SV Contact Area - Rear,SV Contact Area - Top,SV Contact Area - Front,SV Contact Area - Rear Right,SV Contact Area - Right,SV Contact Area - Front Right,SV Contact Area - Bottom,SV Contact Area - Unknown,Data Availability - EDR,Data Availability - Police Rpt,Data Availability - Telematics,Data Availability - Complaints,Data Availability - Video,Data Availability - Other,Data Availability - No Data,Data Availability - Unknown,Law Enforcement Investigating?,Investigating Agency,Investigating Agency - Unknown,Rep Ent Or Mfr Investigating?,Investigating Officer Name,Inv. Officer Name - Unknown,Investigating Officer Phone,Inv. Officer Phone - Unknown,Investigating Officer Email,Inv. Officer Email - Unknown,Within ODD?,Within ODD? - CBI,Narrative,Narrative - CBI?
1306-7737,3,Toyota Motor Engineering & Manufacturing,Update,,,JUN-2024,JTMABACA8PA, ,N/A,Toyota,bZ4X, ,2023, ,170fd80b73f1a2c,10474, ,Consumer,TSS 3.0, , ,Due to multiple ECUs no version can be described, , ,Due to multiple ECUs no version can be described, , ,,Y,Y,,, ,Y,No,,No,ADAS,, ,Y, , ,Y, , , ,,APR-2024, ,MAY-2024,15:09, ,f88817d67c48f6b,,Y,,Y,,Y,,Y,UNK,,Y,Street,Wet,No Unusual Conditions,,Y,Daylight, , ,Y, ,Y, , , ,,Pickup Truck,Unknown,Unknown,Stopped,Unknown,Unknown, , , ,Y, , ,Y, , , , ,Proceeding Straight,No,No,Yes,28, , , ,Y, , ,Y, , ,Y, , ,Y, , ,Y, ,Y, , ,Unknown,Toms River Police Department, ,Yes,,Y,,Y,,Y,"Unknown, see Narrative", ,"On April [XXX], 2024, Toyota received an allegation related to this crash from the vehicle owner. The owner alleged that she, ""put her car in self drive mode while it was raining, and the vehicle did not detect the big truck and when she went to brake, it pushed into the truck, which slid into another vehicle."" The customer further clarified her allegation to be, ""the Automatic Collision System did not work properly"" and, ""the vehicle misjudged the stop range and the PCS did not alert her, so she rear ended the vehicle in front of her."" The owner stated that after the crash, the Toms Rivers Police Department (New Jersey) responded and stated the vehicle's, ""PCS and Lane Assist we still on."" The owner stated she received knee and wrist injuries, and that the other party was also injured and ""went to the hospital"". Although it was stated that Toms River Police Department responded, the owner did not state the incident location or if the police created a report. 
On May 16, 2024, Toyota completed a vehicle inspection field report related to the crash event and obtained the PCS Freeze Frame Data (PCS FFD) and Event Data Recorder (EDR) indicating that ADAS L2 was engaged in the recorded moments prior to the crash. The PCS FFD recording contains approximately 8 seconds of pre-crash data and images. From the PCS FFD, Toyota observed the following: Dynamic Radar Cruise Control (DRCC) was engaged from the start of the recording through the crash event.  Lane Trace Assist (LTA) was engaged from the start of the recording until it was cancelled at approximately 2.2 seconds prior to the crash event due to vehicle deceleration. The Pre-Collision System (PCS) Alarm (FCW) activated between 1.2 seconds ad 0.7 seconds prior to the crash event. The system did not provide PCS braking (AEB). Driver brake input did not occur prior to the crash event.",
945-7588,3,"Nissan North America, Inc.",Update,,,JUN-2024,JN1BF0BA0PM, ,N/A,Nissan,Ariya, ,2023, ,0b30f3c08db1ac0,15000, ,Consumer,PROPILOT ASSIST 2.0, , ,,Y, ,,Y, ,,Y, ,,,Y, ,Unknown,,No,ADAS,, ,Y,Y, , , , , ,,APR-2024, ,APR-2024,17:40, ,3d99e3452eb41a2,[MAY CONTAIN PERSONALLY IDENTIFIABLE INFORMATION], ,[MAY CONTAIN PERSONALLY IDENTIFIABLE INFORMATION], ,,Y,,Y,MA ,,Y,Highway / Freeway,Unknown,Unknown,,Y,Daylight, , , , , , ,Y, ,,Passenger Car,No Injuries Reported,Unknown,Stopped,Unknown,Unknown, , , , , , , , , , ,Y,Unknown,Yes,Yes,Yes,50, , , , , , , , , , , ,Y, , ,Y,Y, , , , ,Unknown,,Y,Yes,,Y,,Y,,Y,"Unknown, see Narrative", ,"The information contained in this report is based on Nissan's notification via telematics that a vehicle equipped with Pro Pilot Assist 2.0 was involved in an incident involving an air bag deployment, as well as Nissan's understanding of the allegations received during Claimant's discussions with Nissan's Consumer Affairs representatives on 4/24/2024. The system was active within 30 seconds of the incident. The deployment took place on [XXX] between [XXX] and [XXX].
Nissan is currently examining its ability to provide additional details that may be protected by consumer privacy laws.
On 4/24/2024, the Claimant orally stated that the vehicle did not stop when the customer pressed the brake. The Claimant also stated that the ""self-driving"" mode did not stop the vehicle. The vehicle was towed to a Nissan dealership.
Nissan is gathering additional information and will supplement with the monthly report
On 5/2/2024, Claimant stated vehicle was in ""auto pilot"" drive in stop and go traffic. Claimant stated traffic slowed down and the vehicle in front stopped and Claimant's vehicle did not slow down.  Claimant stated the screen blinked red.
Claimant stated Claimant stepped on brake as far down as possible and vehicle would not stop. Claimant was going maybe 50 mph and had a collision with the vehicle in front.
ProPilot 2.0 and ProPilot 1.0 were active within 30 seconds prior to the incident.
A police report was filed by the MA State Police. It is unclear if there is an active law enforcement investigation for this incident.
The vehicle inspection is scheduled for 5/15/2024. Nissan will submit an updated report pending the inspection completion.
6/14/2023 Update: The vehicle inspection revealed pedal misapplication to be the cause of the incident. The vehicle 'AEB alert' appeared in the instrument panel. The customer reacted by applying 100% throttle which canceled the AEB function and allowed the customer to maintain responsibility of the vehicle function. The customer switched to the brake one half of a second prior to time zero but was unable to stop the vehicle prior to the impact.",
669-7747,3,Hyundai Motor America,Update,,,JUN-2024,5NTJEDDF7RH, ,N/A,Hyundai,Santa Cruz, ,2024, ,b130ac57cce0d78,,Y,"Other, see Narrative",,Y, ,,Y, ,,Y, ,, ,Y,,, ,Y,No,,No,ADAS,Hyundai Motor America, , , , , , , ,Y,Employee Accident Report,MAY-2024, ,MAY-2024,09:45, ,323d81864ea0347,[MAY CONTAIN PERSONALLY IDENTIFIABLE INFORMATION], ,[MAY CONTAIN PERSONALLY IDENTIFIABLE INFORMATION], ,[MAY CONTAIN PERSONALLY IDENTIFIABLE INFORMATION], ,Addison, ,WI ,,Y,Highway / Freeway,Dry,Traffic Incident,70, ,Daylight,Y, , , , , , , ,,"Other, see Narrative",Minor,Yes,Lane / Road Departure,No,No, , ,Y, , ,Y, , ,Y, , ,Proceeding Straight,No,Yes,Yes,,Y,Y,Y,Y,Y,Y,Y,Y,Y,Y,Y, , , , , , ,Y, , ,Yes,"WASHINGTON COUNTY SHERIFFS, WEST BEND, WI", ,Yes,[MAY CONTAIN PERSONALLY IDENTIFIABLE INFORMATION], ,,Y,,Y,Yes, ,"A Hyundai Motor America associate was operating a 2024 Santa Cruz employee lease vehicle with the vehicle's Highway Drive Assist (""HDA""), Adaptive Cruise Control (""ACC""), and Lane Following Assist (""LFA"") features engaged while driving on [XXX] near [XXX] in Addison, Wisconsin.  At some point during operation, an adjacent vehicle started to impede on the associate's lane of travel.  The driver manually performed an evasive maneuver and lost control of the vehicle.  The vehicle first struck a median, which caused the vehicle to go into a spin.  The vehicle then struck a barrier and was subsequently struck by a heavy-duty truck.  NASO is in process of reaching out to the associate for additional information.
*************************************
2024.05.29 Update: No new information provided. Per email sent on May 20, 2024 by Joe Teitelman, the original incident report is being submitted under separate cover with a request for confidential treatment.
2024.06.13 Update: Police report received. Incident report information regarding crash details is being amended. Copy of police report will be furnished directly to ODI under separate cover.",
855-7869,1,"Mercedes-Benz USA, LLC",5-Day,,,JUN-2024,WDD1K6JB4KF, ,N/A,Mercedes-Benz,E450 4Matic Cabriolet, ,2019, ,7a5380d09897c88,39746, ,Consumer,,Y, ,,Y, ,,Y, ,,Y, ,,, ,Y,No,,No,ADAS,, ,Y, , , , , , ,,APR-2024, ,JUN-2024,09:34, ,f9157c5d45140f4,[MAY CONTAIN PERSONALLY IDENTIFIABLE INFORMATION], ,[MAY CONTAIN PERSONALLY IDENTIFIABLE INFORMATION], ,[MAY CONTAIN PERSONALLY IDENTIFIABLE INFORMATION], ,Westport, ,CT ,[MAY CONTAIN PERSONALLY IDENTIFIABLE INFORMATION], ,Highway / Freeway,Dry,Unknown,55, ,Daylight,Y, , , , , , , ,,"Other, see Narrative",No Injuries Reported,Unknown,Unknown,Unknown,Unknown, , , , , , , , , , ,Y,Proceeding Straight,No,Yes,"No, see Narrative",72, , , ,Y, , , , , , , , ,Y, ,Y, , , , , ,No,, ,Yes,, ,, ,, ,"Unknown, see Narrative", ,"The driver of the subject MY2019 E450 4MATIC cabriolet initially contacted the MBUSA Customer Assistance Center (""CAC"") on May 7, 2024 and alleged he was driving northbound on [XXX] in Westport, Connecticut on April [XXX], 2024 in the left lane at approximately 55 miles per hour when ""suddenly and without warning the car veered to the left"". The driver alleged a complete loss of steering and that he was ""unable to turn the wheel"" and the vehicle struck a concrete center divider. The driver alleged he brought the vehicle to a stop in the median. When the driver first contacted the CAC, he did not state that any ADAS systems were engaged at the time of the alleged incident. Those initial allegations did not trigger a reporting requirement under NHTSA ADAS SGO.
On June 5, 2024, EDR data was imaged from the subject vehicle. The EDR data references an unbelted driver with no passengers, and the vehicle speed at 72 mph immediately prior to the alleged collision with the concrete divider. MBUSA requested additional information from the owner to continue its investigation into the allegations. On June 7, 2024, the driver alleged for the first time that ""I think that both adaptive cruise and driver assist/lane departure were both active"". At the time of the alleged incident, a tow was dispatched by MBUSA Roadside Assistance at the request of the driver. There are currently no allegations of injury or airbag deployment by the driver. 
The new allegation of ADAS engagement prior to the alleged incident, in combination with the towing of the vehicle triggered the 5-Day reporting requirement of the NHTSA ADAS SGO. Accordingly, MBUSA is submitting this 5-day incident report and is continuing its investigation of the incident.",
13781-7868,1,"Tesla, Inc.",5-Day,,,JUN-2024,5YJYGDEE2MF, ,N/A,Tesla,Model Y, ,2021, ,982db0e2b5d1810,33694, ,Consumer,"[REDACTED, MAY CONTAIN CONFIDENTIAL BUSINESS INFORMATION]", ,Y,"[REDACTED, MAY CONTAIN CONFIDENTIAL BUSINESS INFORMATION]", ,Y,"[REDACTED, MAY CONTAIN CONFIDENTIAL BUSINESS INFORMATION]", ,Y,,Y, ,,, ,Y,No,,No,ADAS,, , ,Y, , , , , ,,JUN-2024, ,JUN-2024,21:10, ,4e32ba034aaf7ba,[MAY CONTAIN PERSONALLY IDENTIFIABLE INFORMATION], ,[MAY CONTAIN PERSONALLY IDENTIFIABLE INFORMATION], ,[MAY CONTAIN PERSONALLY IDENTIFIABLE INFORMATION], ,Crawfordville, ,GA ,[MAY CONTAIN PERSONALLY IDENTIFIABLE INFORMATION], ,Highway / Freeway,Wet,No Unusual Conditions,70, ,Daylight, , ,Y,Y,Y, , , ,,Other Fixed Object,Unknown,Yes,,,, , , , , , , , , , , ,Proceeding Straight,Yes,Unknown,Unknown,32, , ,Y,Y, , ,Y, , ,Y,Y, ,Y, ,Y, ,Y,Y, , ,Unknown,,Y,Unknown,,Y,,Y,,Y,"[REDACTED, MAY CONTAIN CONFIDENTIAL BUSINESS INFORMATION]",Y,"[REDACTED, MAY CONTAIN CONFIDENTIAL BUSINESS INFORMATION]",Y
13781-7866,1,"Tesla, Inc.",5-Day,,,JUN-2024,7SAYGDEF6RA, ,N/A,Tesla,Model Y, ,2024, ,736516affe7cabe,1875, ,Consumer,"[REDACTED, MAY CONTAIN CONFIDENTIAL BUSINESS INFORMATION]", ,Y,"[REDACTED, MAY CONTAIN CONFIDENTIAL BUSINESS INFORMATION]", ,Y,"[REDACTED, MAY CONTAIN CONFIDENTIAL BUSINESS INFORMATION]", ,Y,,Y, ,,, ,Y,No,,No,ADAS,, , ,Y, , , , , ,,JUN-2024, ,JUN-2024,00:39, ,69dc6998cd2fb71,[MAY CONTAIN PERSONALLY IDENTIFIABLE INFORMATION], ,[MAY CONTAIN PERSONALLY IDENTIFIABLE INFORMATION], ,[MAY CONTAIN PERSONALLY IDENTIFIABLE INFORMATION], ,Milltown, ,NJ ,[MAY CONTAIN PERSONALLY IDENTIFIABLE INFORMATION], ,Unknown,Unknown,Unknown,25, ,Unknown, , , , , , ,Y, ,,Unknown,Unknown,Yes,Unknown,Unknown,Unknown, , , , , , , , , , ,Y,Unknown,Yes,Unknown,Unknown,30, , , , , , , , , , , ,Y,Y, ,Y, , ,Y, , ,Unknown,,Y,Unknown,,Y,,Y,,Y,"[REDACTED, MAY CONTAIN CONFIDENTIAL BUSINESS INFORMATION]",Y,"[REDACTED, MAY CONTAIN CONFIDENTIAL BUSINESS INFORMATION]",Y
13781-7865,1,"Tesla, Inc.",5-Day,,,JUN-2024,5YJ3E1EB4MF, ,N/A,Tesla,Model 3, ,2021, ,6d249e24fc12f71,21886, ,Consumer,"[REDACTED, MAY CONTAIN CONFIDENTIAL BUSINESS INFORMATION]", ,Y,"[REDACTED, MAY CONTAIN CONFIDENTIAL BUSINESS INFORMATION]", ,Y,"[REDACTED, MAY CONTAIN CONFIDENTIAL BUSINESS INFORMATION]", ,Y,,Y, ,,, ,Y,No,,No,ADAS,, , ,Y, , , , , ,,JUN-2024, ,JUN-2024,15:36, ,27e049b4eb16dd4,[MAY CONTAIN PERSONALLY IDENTIFIABLE INFORMATION], ,[MAY CONTAIN PERSONALLY IDENTIFIABLE INFORMATION], ,[MAY CONTAIN PERSONALLY IDENTIFIABLE INFORMATION], ,Las Vegas, ,NV ,[MAY CONTAIN PERSONALLY IDENTIFIABLE INFORMATION], ,Street,Dry,Unknown,55, ,Daylight,Y, , , , , , , ,,Unknown,Unknown,Yes,Unknown,Unknown,Unknown, , , , , , , , , , ,Y,Unknown,Yes,Unknown,Unknown,24, , , , , , , , , , , ,Y,Y, ,Y, ,Y,Y, , ,Unknown,,Y,Unknown,,Y,,Y,,Y,"[REDACTED, MAY CONTAIN CONFIDENTIAL BUSINESS INFORMATION]",Y,"[REDACTED, MAY CONTAIN CONFIDENTIAL BUSINESS INFORMATION]",Y
13781-7864,1,"Tesla, Inc.",5-Day,,,JUN-2024,7SAYGDEE0PF, ,N/A,Tesla,Model Y, ,2023, ,c07af3b1defb192,4888, ,Consumer,"[REDACTED, MAY CONTAIN CONFIDENTIAL BUSINESS INFORMATION]", ,Y,"[REDACTED, MAY CONTAIN CONFIDENTIAL BUSINESS INFORMATION]", ,Y,"[REDACTED, MAY CONTAIN CONFIDENTIAL BUSINESS INFORMATION]", ,Y,,Y, ,,, ,Y,No,,No,ADAS,, , ,Y, , , , , ,,JUN-2024, ,JUN-2024,22:39, ,a01903ca4634da6,[MAY CONTAIN PERSONALLY IDENTIFIABLE INFORMATION], ,[MAY CONTAIN PERSONALLY IDENTIFIABLE INFORMATION], ,[MAY CONTAIN PERSONALLY IDENTIFIABLE INFORMATION], ,Renton, ,WA ,[MAY CONTAIN PERSONALLY IDENTIFIABLE INFORMATION], ,Unknown,Wet,Unknown,,Y,Daylight, , ,Y, ,Y, , , ,,Unknown,Unknown,Unknown,Unknown,Unknown,Unknown, , , , , , , , , , ,Y,Unknown,Yes,Unknown,Unknown,51, , , , , , , , , , , ,Y,Y, ,Y, ,Y,Y, , ,Unknown,,Y,Unknown,,Y,,Y,,Y,"[REDACTED, MAY CONTAIN CONFIDENTIAL BUSINESS INFORMATION]",Y,"[REDACTED, MAY CONTAIN CONFIDENTIAL BUSINESS INFORMATION]",Y
13781-7863,1,"Tesla, Inc.",5-Day,,,JUN-2024,5YJ3E1EA6KF, ,N/A,Tesla,Model 3, ,2019, ,6ecebb5e8b56716,50605, ,Consumer,"[REDACTED, MAY CONTAIN CONFIDENTIAL BUSINESS INFORMATION]", ,Y,"[REDACTED, MAY CONTAIN CONFIDENTIAL BUSINESS INFORMATION]", ,Y,"[REDACTED, MAY CONTAIN CONFIDENTIAL BUSINESS INFORMATION]", ,Y,,Y, ,,, ,Y,No,,No,ADAS,, , ,Y, , , , , ,,JUN-2024, ,JUN-2024,19:02, ,3eb09c7de4bfa92,[MAY CONTAIN PERSONALLY IDENTIFIABLE INFORMATION], ,[MAY CONTAIN PERSONALLY IDENTIFIABLE INFORMATION], ,[MAY CONTAIN PERSONALLY IDENTIFIABLE INFORMATION], ,Nashville, ,TN ,[MAY CONTAIN PERSONALLY IDENTIFIABLE INFORMATION], ,Unknown,Unknown,Unknown,57, ,Unknown, , , , , , ,Y, ,,Unknown,Unknown,Yes,Unknown,Unknown,Unknown, , , , , , , , , , ,Y,Unknown,Yes,Unknown,Unknown,31, , , , , , , , , , , ,Y,Y, ,Y, , ,Y, , ,Unknown,,Y,Unknown,,Y,,Y,,Y,"[REDACTED, MAY CONTAIN CONFIDENTIAL BUSINESS INFORMATION]",Y,"[REDACTED, MAY CONTAIN CONFIDENTIAL BUSINESS INFORMATION]",Y
13781-7861,2,"Tesla, Inc.",Update,,,JUN-2024,7SAYGDEF7NF, ,N/A,Tesla,Model Y, ,2022, ,90cbf9badfb6799,30090, ,Consumer,"[REDACTED, MAY CONTAIN CONFIDENTIAL BUSINESS INFORMATION]", ,Y,"[REDACTED, MAY CONTAIN CONFIDENTIAL BUSINESS INFORMATION]", ,Y,"[REDACTED, MAY CONTAIN CONFIDENTIAL BUSINESS INFORMATION]", ,Y,,Y, ,,, ,Y,No,,No,ADAS,, , ,Y, , , , , ,,JUN-2024, ,JUN-2024,07:18, ,1eda4267bb39182,[MAY CONTAIN PERSONALLY IDENTIFIABLE INFORMATION], ,[MAY CONTAIN PERSONALLY IDENTIFIABLE INFORMATION], ,[MAY CONTAIN PERSONALLY IDENTIFIABLE INFORMATION], ,Duluth, ,GA ,[MAY CONTAIN PERSONALLY IDENTIFIABLE INFORMATION], ,Highway / Freeway,Dry,"Other, see Narrative",70, ,Dark - Lighted,Y, , , , , , , ,,First Responder Vehicle,Unknown,Yes,Stopped,Unknown,Unknown,Y, , ,Y, , ,Y, , , , ,Proceeding Straight,Yes,Unknown,Unknown,55, , , ,Y, , ,Y, , ,Y, , ,Y, ,Y, ,Y,Y, , ,Unknown,,Y,Unknown,,Y,,Y,,Y,"[REDACTED, MAY CONTAIN CONFIDENTIAL BUSINESS INFORMATION]",Y,"[REDACTED, MAY CONTAIN CONFIDENTIAL BUSINESS INFORMATION]",Y
13781-7861,1,"Tesla, Inc.",5-Day,,,JUN-2024,7SAYGDEF7NF, ,N/A,Tesla,Model Y, ,2022, ,90cbf9badfb6799,30090, ,Consumer,"[REDACTED, MAY CONTAIN CONFIDENTIAL BUSINESS INFORMATION]", ,Y,"[REDACTED, MAY CONTAIN CONFIDENTIAL BUSINESS INFORMATION]", ,Y,"[REDACTED, MAY CONTAIN CONFIDENTIAL BUSINESS INFORMATION]", ,Y,,Y, ,,, ,Y,No,,No,ADAS,, , ,Y, , , , , ,,JUN-2024, ,JUN-2024,07:18, ,1eda4267bb39182,[MAY CONTAIN PERSONALLY IDENTIFIABLE INFORMATION], ,[MAY CONTAIN PERSONALLY IDENTIFIABLE INFORMATION], ,[MAY CONTAIN PERSONALLY IDENTIFIABLE INFORMATION], ,Duluth, ,GA ,[MAY CONTAIN PERSONALLY IDENTIFIABLE INFORMATION], ,Highway / Freeway,Dry,"Other, see Narrative",70, ,Dark - Not Lighted,Y, , , , , , , ,,First Responder Vehicle,Unknown,Yes,Stopped,Unknown,Unknown,Y, , ,Y, , ,Y, , , , ,Proceeding Straight,Yes,Unknown,Unknown,55, , , ,Y, , ,Y, , ,Y, , ,Y, ,Y, ,Y,Y, , ,Unknown,,Y,Unknown,,Y,,Y,,Y,"[REDACTED, MAY CONTAIN CONFIDENTIAL BUSINESS INFORMATION]",Y,"[REDACTED, MAY CONTAIN CONFIDENTIAL BUSINESS INFORMATION]",Y
1243-7850,1,"Subaru of America, Inc.",1-Day,,,JUN-2024,JF2SKAGC4RH, ,N/A,Subaru,Forester, ,2024, ,fdb56aa6a0677ac,4080, ,Consumer,"[REDACTED, MAY CONTAIN CONFIDENTIAL BUSINESS INFORMATION]", ,Y,,Y, ,,Y, ,, ,Y,,, ,Y,No,,No,ADAS,, ,Y, , , , , , ,,JUN-2024, ,JUN-2024,10:30, ,d9ce64a922ea4f1,[MAY CONTAIN PERSONALLY IDENTIFIABLE INFORMATION], ,[MAY CONTAIN PERSONALLY IDENTIFIABLE INFORMATION], ,[MAY CONTAIN PERSONALLY IDENTIFIABLE INFORMATION], ,Newport, ,NC ,[MAY CONTAIN PERSONALLY IDENTIFIABLE INFORMATION], ,Highway / Freeway,Dry,No Unusual Conditions,55, ,Daylight,Y, , , , , , , ,,"Other, see Narrative",Minor,Yes,"Other, see Narrative",Not Applicable,Not Applicable, , , , , , , , , , ,Y,Proceeding Straight,Yes,Yes,Yes,60, ,Y,Y,Y, , ,Y,Y,Y,Y,Y, , , ,Y, , , , , ,Unknown,,Y,Unknown,,Y,,Y,,Y,"[REDACTED, MAY CONTAIN CONFIDENTIAL BUSINESS INFORMATION]",Y,"[REDACTED, MAY CONTAIN CONFIDENTIAL BUSINESS INFORMATION]",Y
13781-7837,1,"Tesla, Inc.",5-Day,,,JUN-2024,7SAYGDEE8PF, ,N/A,Tesla,Model Y, ,2023, ,ed98b5e14bdbcb1,14112, ,Consumer,"[REDACTED, MAY CONTAIN CONFIDENTIAL BUSINESS INFORMATION]", ,Y,"[REDACTED, MAY CONTAIN CONFIDENTIAL BUSINESS INFORMATION]", ,Y,"[REDACTED, MAY CONTAIN CONFIDENTIAL BUSINESS INFORMATION]", ,Y,,Y, ,,, ,Y,No,,No,ADAS,, , ,Y, , , , , ,,MAY-2024, ,JUN-2024,21:36, ,73ca0e30b17df06,[MAY CONTAIN PERSONALLY IDENTIFIABLE INFORMATION], ,[MAY CONTAIN PERSONALLY IDENTIFIABLE INFORMATION], ,[MAY CONTAIN PERSONALLY IDENTIFIABLE INFORMATION], ,Woodbridge, ,NJ ,[MAY CONTAIN PERSONALLY IDENTIFIABLE INFORMATION], ,Unknown,Unknown,Unknown,55, ,Unknown, , , , , , ,Y, ,,Unknown,Unknown,Yes,Unknown,Unknown,Unknown, , , , , , , , , , ,Y,Unknown,Yes,Unknown,Unknown,70, , , , , , , , , , , ,Y,Y, ,Y, , ,Y, , ,Unknown,,Y,Unknown,,Y,,Y,,Y,"[REDACTED, MAY CONTAIN CONFIDENTIAL BUSINESS INFORMATION]",Y,"[REDACTED, MAY CONTAIN CONFIDENTIAL BUSINESS INFORMATION]",Y