Report ID,Report Version,Reporting Entity,Report Type,Report Month,Report Year,Report Submission Date,VIN,VIN - Unknown,Serial Number,Make,Model,Model - Unknown,Model Year,Model Year - Unknown,Same Vehicle ID,Mileage,Mileage - Unknown,Driver / Operator Type,ADAS/ADS System Version,ADAS/ADS System Version - Unk,ADAS/ADS System Version CBI,ADAS/ADS Hardware Version,ADAS/ADS Hardware Version - Unk,ADAS/ADS Hardware Version CBI,ADAS/ADS Software Version,ADAS/ADS Software Version - Unk,ADAS/ADS Software Version CBI,Other Reporting Entities?,Other Reporting Entities? - Unk,Other Reporting Entities? - NA,Federal Regulatory Exemption?,Other Federal Reg. Exemption,Federal Reg. Exemption - Unk,Federal Reg. Exemption - No,State or Local Permit?,State or Local Permit,ADS Equipped?,Automation System Engaged?,Operating Entity,Operating Entity - Unknown,Source - Complaint/Claim,Source - Telematics,Source - Law Enforcement,Source - Field Report,Source - Testing,Source - Media,Source - Other,Source - Other Text,Incident Date,Incident Date - Unknown,Notice Received Date,Incident Time (24:00),Incident Time - Unknown,Same Incident ID,Latitude,Latitude - Unknown,Longitude,Longitude - Unknown,Address,Address - Unknown,City,City - Unknown,State,Zip Code,Zip Code - Unknown,Roadway Type,Roadway Surface,Roadway Description,Posted Speed Limit (MPH),Posted Speed Limit - Unknown,Lighting,Weather - Clear,Weather - Snow,Weather - Cloudy,Weather - Fog/Smoke,Weather - Rain,Weather - Severe Wind,Weather - Unknown,Weather - Other,Weather - Other Text,Crash With,Highest Injury Severity Alleged,Property Damage?,CP Pre-Crash Movement,CP Any Air Bags Deployed?,CP Was Vehicle Towed?,CP Contact Area - Rear Left,CP Contact Area - Left,CP Contact Area - Front Left,CP Contact Area - Rear,CP Contact Area - Top,CP Contact Area - Front,CP Contact Area - Rear Right,CP Contact Area - Right,CP Contact Area - Front Right,CP Contact Area - Bottom,CP Contact Area - Unknown,SV Pre-Crash Movement,SV Any Air Bags Deployed?,SV Was Vehicle Towed?,SV Were All Passengers Belted?,SV Precrash Speed (MPH),SV Pre-crash Speed - Unknown,SV Contact Area - Rear Left,SV Contact Area - Left,SV Contact Area - Front Left,SV Contact Area - Rear,SV Contact Area - Top,SV Contact Area - Front,SV Contact Area - Rear Right,SV Contact Area - Right,SV Contact Area - Front Right,SV Contact Area - Bottom,SV Contact Area - Unknown,Data Availability - EDR,Data Availability - Police Rpt,Data Availability - Telematics,Data Availability - Complaints,Data Availability - Video,Data Availability - Other,Data Availability - No Data,Data Availability - Unknown,Law Enforcement Investigating?,Investigating Agency,Investigating Agency - Unknown,Rep Ent Or Mfr Investigating?,Investigating Officer Name,Inv. Officer Name - Unknown,Investigating Officer Phone,Inv. Officer Phone - Unknown,Investigating Officer Email,Inv. Officer Email - Unknown,Within ODD?,Within ODD? - CBI,Narrative,Narrative - CBI?
13781-7836,1,"Tesla, Inc.",5-Day,,,JUN-2024,7SAYGDEE1RA, ,N/A,Tesla,Model Y, ,2024, ,0fece58b63f8428,6909, ,Consumer,"[REDACTED, MAY CONTAIN CONFIDENTIAL BUSINESS INFORMATION]", ,Y,"[REDACTED, MAY CONTAIN CONFIDENTIAL BUSINESS INFORMATION]", ,Y,"[REDACTED, MAY CONTAIN CONFIDENTIAL BUSINESS INFORMATION]", ,Y,,Y, ,,, ,Y,No,,No,ADAS,, , ,Y, , , , , ,,MAY-2024, ,JUN-2024,03:25, ,303f0bd4ecf70f5,[MAY CONTAIN PERSONALLY IDENTIFIABLE INFORMATION], ,[MAY CONTAIN PERSONALLY IDENTIFIABLE INFORMATION], ,[MAY CONTAIN PERSONALLY IDENTIFIABLE INFORMATION], ,Harmans, ,MD ,[MAY CONTAIN PERSONALLY IDENTIFIABLE INFORMATION], ,Intersection,Dry,Unknown,45, ,Dark - Lighted,Y, , , , , , , ,,Unknown,Unknown,Yes,Unknown,Unknown,Unknown, , , , , , , , , , ,Y,Stopped,Yes,Unknown,Unknown,0, , , , , , , , , , , ,Y,Y, ,Y, ,Y,Y, , ,Unknown,,Y,Unknown,,Y,,Y,,Y,"[REDACTED, MAY CONTAIN CONFIDENTIAL BUSINESS INFORMATION]",Y,"[REDACTED, MAY CONTAIN CONFIDENTIAL BUSINESS INFORMATION]",Y
13781-7834,1,"Tesla, Inc.",5-Day,,,JUN-2024,5YJ3E1EA5RF, ,N/A,Tesla,Model 3, ,2024, ,37a5a33f026ab90,665, ,Consumer,"[REDACTED, MAY CONTAIN CONFIDENTIAL BUSINESS INFORMATION]", ,Y,"[REDACTED, MAY CONTAIN CONFIDENTIAL BUSINESS INFORMATION]", ,Y,"[REDACTED, MAY CONTAIN CONFIDENTIAL BUSINESS INFORMATION]", ,Y,,Y, ,,, ,Y,No,,No,ADAS,, , ,Y, , , , , ,,MAY-2024, ,JUN-2024,10:49, ,2f93b7cd97ab640,[MAY CONTAIN PERSONALLY IDENTIFIABLE INFORMATION], ,[MAY CONTAIN PERSONALLY IDENTIFIABLE INFORMATION], ,[MAY CONTAIN PERSONALLY IDENTIFIABLE INFORMATION], ,Suwanee, ,GA ,[MAY CONTAIN PERSONALLY IDENTIFIABLE INFORMATION], ,Street,Dry,No Unusual Conditions,35, ,Dark - Lighted,Y, , , , , , , ,,Pole / Tree,Unknown,Yes,,,, , , , , , , , , , , ,Making Right Turn,Yes,Unknown,Unknown,29, , , , , , ,Y, , ,Y, , ,Y, ,Y, ,Y,Y, , ,Unknown,,Y,Unknown,,Y,,Y,,Y,"[REDACTED, MAY CONTAIN CONFIDENTIAL BUSINESS INFORMATION]",Y,"[REDACTED, MAY CONTAIN CONFIDENTIAL BUSINESS INFORMATION]",Y
13781-7825,1,"Tesla, Inc.",5-Day,,,JUN-2024,7SAYGAEEXNF, ,N/A,Tesla,Model Y, ,2022, ,c94863ecadc6c41,28033, ,Consumer,"[REDACTED, MAY CONTAIN CONFIDENTIAL BUSINESS INFORMATION]", ,Y,"[REDACTED, MAY CONTAIN CONFIDENTIAL BUSINESS INFORMATION]", ,Y,"[REDACTED, MAY CONTAIN CONFIDENTIAL BUSINESS INFORMATION]", ,Y,,Y, ,,, ,Y,No,,No,ADAS,, , ,Y, , , , , ,,MAY-2024, ,MAY-2024,19:45, ,1ebe4334f0f991f,[MAY CONTAIN PERSONALLY IDENTIFIABLE INFORMATION], ,[MAY CONTAIN PERSONALLY IDENTIFIABLE INFORMATION], ,[MAY CONTAIN PERSONALLY IDENTIFIABLE INFORMATION], ,Palmetto, ,FL ,[MAY CONTAIN PERSONALLY IDENTIFIABLE INFORMATION], ,Unknown,Unknown,Unknown,40, ,Unknown, , , , , , ,Y, ,,Unknown,Unknown,Yes,Unknown,Unknown,Unknown, , , , , , , , , , ,Y,Unknown,Yes,Unknown,Unknown,17, , , , , , , , , , , ,Y,Y, ,Y, ,Y,Y, , ,Unknown,,Y,Unknown,,Y,,Y,,Y,"[REDACTED, MAY CONTAIN CONFIDENTIAL BUSINESS INFORMATION]",Y,"[REDACTED, MAY CONTAIN CONFIDENTIAL BUSINESS INFORMATION]",Y
855-7779,2,"Mercedes-Benz USA, LLC",10-Day Update,,,JUN-2024,W1KEG5DB7PF, ,N/A,Mercedes-Benz,AMG EQE 53 4MATIC Sedan, ,2023, ,96c69c2eb832efe,2800, ,Consumer,,Y, ,,Y, ,,Y, ,,Y, ,,, ,Y,No,,No,ADAS,, ,Y,Y, , , , , ,,MAY-2024, ,MAY-2024,14:26, ,05f90519b036c38,[MAY CONTAIN PERSONALLY IDENTIFIABLE INFORMATION], ,[MAY CONTAIN PERSONALLY IDENTIFIABLE INFORMATION], ,[MAY CONTAIN PERSONALLY IDENTIFIABLE INFORMATION], ,Farmingdale, ,NY ,[MAY CONTAIN PERSONALLY IDENTIFIABLE INFORMATION], ,Intersection,Dry,No Unusual Conditions,,Y,Daylight,Y, , , , , , , ,,"Other, see Narrative",Moderate,Unknown,Unknown,Unknown,Unknown, , , , , , , , , , ,Y,"Other, see Narrative",Yes,Yes,Unknown,50, ,Y,Y,Y, ,Y, , , , ,Y, , , ,Y,Y,Y, , , ,Unknown,,Y,Yes,,Y,,Y,,Y,"Unknown, see Narrative", ,"855-7779-1: 
The driver of the subject MY2023 AMG EQE 53 4MATIC sedan initially contacted the MBUSA Customer Assistance Center on May 23, 2024 and alleges he was driving alone in the vehicle on [XXX] in Farmingdale, New York at 50 miles per hour with ""driver assistance (Lane-Keeping Assist and Distronic)"" activated. The vehicle was traveling straight and approaching an intersection with a left turn lane when the vehicle allegedly sounded an audible warning beep, then initiated a left turn, struck a median and came to rest on the vehicle's driver's side. The driver stated all curtain airbags deployed and alleged the following injuries: concussion, cuts, and minor brain bleed. MBUSA has initiated an investigation of the alleged incident.
In accordance with the requirements of the SGO, MBUSA is submitting this 1-day incident report. This report is based entirely on the customer's description and allegations. MBUSA has not confirmed or verified this account or any of its allegations.
6/3/2024 Update to 855-7779-1:
The driver of the subject vehicle provided video footage from a following vehicle, and additional information that clarified the location of the incident as ""south on [XXX]"" as opposed to [XXX] as originally reported. The driver also alleges that he heard ""multiple audible alert tones (Beeping very fast)"" immediately before the incident. 
MBUSA has requested the current vehicle location and is continuing its investigation of the alleged incident.",
13781-7810,1,"Tesla, Inc.",5-Day,,,MAY-2024,5YJ3E1EAXLF, ,N/A,Tesla,Model 3, ,2020, ,dc10a357eb3f38b,57472, ,Consumer,"[REDACTED, MAY CONTAIN CONFIDENTIAL BUSINESS INFORMATION]", ,Y,"[REDACTED, MAY CONTAIN CONFIDENTIAL BUSINESS INFORMATION]", ,Y,"[REDACTED, MAY CONTAIN CONFIDENTIAL BUSINESS INFORMATION]", ,Y,,Y, ,,, ,Y,No,,No,ADAS,, , ,Y, , , , , ,,MAY-2024, ,MAY-2024,22:36, ,c8d02782f3ff12d,[MAY CONTAIN PERSONALLY IDENTIFIABLE INFORMATION], ,[MAY CONTAIN PERSONALLY IDENTIFIABLE INFORMATION], ,[MAY CONTAIN PERSONALLY IDENTIFIABLE INFORMATION], ,San Antonio, ,TX ,[MAY CONTAIN PERSONALLY IDENTIFIABLE INFORMATION], ,Street,Dry,No Unusual Conditions,40, ,Daylight,Y, , , , , , , ,,Passenger Car,Unknown,Yes,Crossing into Opposing Lane,Unknown,Unknown, ,Y,Y, , ,Y, , , , , ,Proceeding Straight,Yes,Unknown,Unknown,22, , , , , , ,Y, ,Y,Y, , ,Y, ,Y, ,Y,Y, , ,Unknown,,Y,Unknown,,Y,,Y,,Y,"[REDACTED, MAY CONTAIN CONFIDENTIAL BUSINESS INFORMATION]",Y,"[REDACTED, MAY CONTAIN CONFIDENTIAL BUSINESS INFORMATION]",Y
10561-7760,2,APTIV,10-Day Update,,,MAY-2024,,Y,,Ford,Mach E, ,,Y, ,,Y,Consumer,BlueCruise, , ,,Y, ,,Y, ,Ford Motor Company; Mobileye Vision Technologies, , ,,,Y, ,Unknown,,No,ADAS,, , , , , , ,Y,Y,NHTSA PE Opening Resume,,Y,MAY-2024,,Y, ,,Y,,Y,,Y,,Y,UNK,,Y,Unknown,Unknown,Unknown,,Y,Unknown, , , , , , ,Y, ,,Unknown,Fatality,Yes,Stopped,Unknown,Unknown, , , , , , , , , , ,Y,Unknown,Unknown,Unknown,Unknown,,Y, , , , , , , , , , ,Y, , , , , , , ,Y,Unknown,,Y,No,,Y,,Y,,Y,"Unknown, see Narrative", ,"For the 10 day update, Aptiv has no additional information. 
NHTSA recently opened a Preliminary Evaluation PE24-012 into incidents involving Fords BlueCruise system which was prompted by two Standing General Order (SGO) reports submitted by Ford.  Aptiv learned of the opening of PE24-012 through media coverage.  Aptiv does not have independent knowledge of the underlying incidents beyond the information contained in NHTSAs Opening Resume for PE24-012.  While Aptiv does not believe it has received notice as defined in the SGO, following a conversation with NHTSA on May 21, 2024, it is supplying this report for purposes of transparency and consistent with the spirit of the SGO.  
 
This report relates to the same incidents as those addressed by the following Report IDs:  33175-7402, 502-7268, and 502-7426.",
669-7747,2,Hyundai Motor America,10-Day Update,,,MAY-2024,5NTJEDDF7RH, ,N/A,Hyundai,Santa Cruz, ,2024, ,b130ac57cce0d78,,Y,"Other, see Narrative",,Y, ,,Y, ,,Y, ,, ,Y,,, ,Y,No,,No,ADAS,Hyundai Motor America, , , , , , , ,Y,Employee Accident Report,MAY-2024, ,MAY-2024,09:45, ,323d81864ea0347,,Y,,Y,[MAY CONTAIN PERSONALLY IDENTIFIABLE INFORMATION], ,Addison, ,WI ,,Y,Highway / Freeway,Dry,Traffic Incident,,Y,Daylight,Y, , , , , , , ,,"Other, see Narrative",Unknown,Unknown,Unknown,Unknown,Unknown, , , , , , , , , , ,Y,Proceeding Straight,Unknown,Yes,Unknown,,Y, , , ,Y, , , ,Y, , , , , , , , ,Y, , ,Unknown,,Y,Yes,,Y,,Y,,Y,Yes, ,"A Hyundai Motor America associate was operating a 2024 Santa Cruz employee lease vehicle with the vehicle's Highway Drive Assist (""HDA""), Adaptive Cruise Control (""ACC""), and Lane Following Assist (""LFA"") features engaged while driving on [XXX] near [XXX] in Addison, Wisconsin.  At some point during operation, an adjacent vehicle started to impede on the associate's lane of travel.  The driver manually performed an evasive maneuver and lost control of the vehicle.  The vehicle first struck a median, which caused the vehicle to go into a spin.  The vehicle then struck a barrier and was subsequently struck by a heavy-duty truck.  NASO is in process of reaching out to the associate for additional information.
*************************************
2024.05.29 Update: No new information provided. Per email sent on May 20, 2024 by Joe Teitelman, the original incident report is being submitted under separate cover with a request for confidential treatment.",
13781-7801,1,"Tesla, Inc.",5-Day,,,MAY-2024,5YJYGDEE4LF, ,N/A,Tesla,Model Y, ,2020, ,8070719ecfa9fb9,86807, ,Consumer,"[REDACTED, MAY CONTAIN CONFIDENTIAL BUSINESS INFORMATION]", ,Y,"[REDACTED, MAY CONTAIN CONFIDENTIAL BUSINESS INFORMATION]", ,Y,"[REDACTED, MAY CONTAIN CONFIDENTIAL BUSINESS INFORMATION]", ,Y,,Y, ,,, ,Y,No,,No,ADAS,, , ,Y, , , , , ,,MAY-2024, ,MAY-2024,02:26, ,5055b73ed18d050,[MAY CONTAIN PERSONALLY IDENTIFIABLE INFORMATION], ,[MAY CONTAIN PERSONALLY IDENTIFIABLE INFORMATION], ,[MAY CONTAIN PERSONALLY IDENTIFIABLE INFORMATION], ,Brazil, ,IN ,[MAY CONTAIN PERSONALLY IDENTIFIABLE INFORMATION], ,Highway / Freeway,Dry,No Unusual Conditions,55, ,Dark - Lighted,Y, , , , , , , ,,Animal,Unknown,Yes,NM Crossing Roadway,,, , , , , , , , , , , ,Unknown,Yes,Unknown,Unknown,63, , , ,Y, , ,Y, , ,Y, , ,Y, ,Y, ,Y,Y, , ,Unknown,,Y,Unknown,,Y,,Y,,Y,"[REDACTED, MAY CONTAIN CONFIDENTIAL BUSINESS INFORMATION]",Y,"[REDACTED, MAY CONTAIN CONFIDENTIAL BUSINESS INFORMATION]",Y
13781-7800,1,"Tesla, Inc.",5-Day,,,MAY-2024,5YJ3E1EC0MF, ,N/A,Tesla,Model 3, ,2021, ,515639ec5649fd8,84552, ,Consumer,"[REDACTED, MAY CONTAIN CONFIDENTIAL BUSINESS INFORMATION]", ,Y,"[REDACTED, MAY CONTAIN CONFIDENTIAL BUSINESS INFORMATION]", ,Y,"[REDACTED, MAY CONTAIN CONFIDENTIAL BUSINESS INFORMATION]", ,Y,,Y, ,,, ,Y,No,,No,ADAS,, , ,Y, , , , , ,,MAY-2024, ,MAY-2024,09:30, ,91132ecfd006a2a,[MAY CONTAIN PERSONALLY IDENTIFIABLE INFORMATION], ,[MAY CONTAIN PERSONALLY IDENTIFIABLE INFORMATION], ,[MAY CONTAIN PERSONALLY IDENTIFIABLE INFORMATION], ,Owings, ,MD ,[MAY CONTAIN PERSONALLY IDENTIFIABLE INFORMATION], ,Street,Dry,No Unusual Conditions,55, ,Dawn / Dusk, , , ,Y, , , , ,,Van,Unknown,Yes,Changing Lanes,Unknown,Unknown,Y,Y, , , , , , , , , ,Proceeding Straight,Yes,Unknown,Unknown,89, ,Y,Y,Y, , ,Y,Y,Y,Y, , ,Y, ,Y, ,Y,Y, , ,Unknown,,Y,Unknown,,Y,,Y,,Y,"[REDACTED, MAY CONTAIN CONFIDENTIAL BUSINESS INFORMATION]",Y,"[REDACTED, MAY CONTAIN CONFIDENTIAL BUSINESS INFORMATION]",Y
13781-7798,1,"Tesla, Inc.",5-Day,,,MAY-2024,7SAYGDEF4PF, ,N/A,Tesla,Model Y, ,2023, ,1c540fb6267c7c5,11298, ,Consumer,"[REDACTED, MAY CONTAIN CONFIDENTIAL BUSINESS INFORMATION]", ,Y,"[REDACTED, MAY CONTAIN CONFIDENTIAL BUSINESS INFORMATION]", ,Y,"[REDACTED, MAY CONTAIN CONFIDENTIAL BUSINESS INFORMATION]", ,Y,,Y, ,,, ,Y,No,,No,ADAS,, , ,Y, , , , , ,,MAY-2024, ,MAY-2024,01:37, ,aeddc1e5bbe1b88,[MAY CONTAIN PERSONALLY IDENTIFIABLE INFORMATION], ,[MAY CONTAIN PERSONALLY IDENTIFIABLE INFORMATION], ,[MAY CONTAIN PERSONALLY IDENTIFIABLE INFORMATION], ,Phoenix, ,AZ ,[MAY CONTAIN PERSONALLY IDENTIFIABLE INFORMATION], ,Unknown,Unknown,Unknown,55, ,Unknown, , , , , , ,Y, ,,Unknown,Unknown,Yes,Unknown,Unknown,Unknown, , , , , , , , , , ,Y,Unknown,Yes,Unknown,Unknown,25, , , , , , , , , , , ,Y,Y, ,Y, , ,Y, , ,Unknown,,Y,Unknown,,Y,,Y,,Y,"[REDACTED, MAY CONTAIN CONFIDENTIAL BUSINESS INFORMATION]",Y,"[REDACTED, MAY CONTAIN CONFIDENTIAL BUSINESS INFORMATION]",Y
13781-7797,1,"Tesla, Inc.",5-Day,,,MAY-2024,7SAYGDEE8PA, ,N/A,Tesla,Model Y, ,2023, ,ea638891804c4e4,19269, ,Consumer,"[REDACTED, MAY CONTAIN CONFIDENTIAL BUSINESS INFORMATION]", ,Y,"[REDACTED, MAY CONTAIN CONFIDENTIAL BUSINESS INFORMATION]", ,Y,"[REDACTED, MAY CONTAIN CONFIDENTIAL BUSINESS INFORMATION]", ,Y,,Y, ,,, ,Y,No,,No,ADAS,, , ,Y, , , , , ,,MAY-2024, ,MAY-2024,20:44, ,b99cdc4dab8e78f,[MAY CONTAIN PERSONALLY IDENTIFIABLE INFORMATION], ,[MAY CONTAIN PERSONALLY IDENTIFIABLE INFORMATION], ,[MAY CONTAIN PERSONALLY IDENTIFIABLE INFORMATION], ,Windermere, ,FL ,[MAY CONTAIN PERSONALLY IDENTIFIABLE INFORMATION], ,Unknown,Unknown,Unknown,30, ,Unknown, , , , , , ,Y, ,,Unknown,Unknown,Yes,Unknown,Unknown,Unknown, , , , , , , , , , ,Y,Unknown,Yes,Unknown,Unknown,11, , , , , , , , , , , ,Y,Y, ,Y, , ,Y, , ,Unknown,,Y,Unknown,,Y,,Y,,Y,"[REDACTED, MAY CONTAIN CONFIDENTIAL BUSINESS INFORMATION]",Y,"[REDACTED, MAY CONTAIN CONFIDENTIAL BUSINESS INFORMATION]",Y
62-7622,2,Honda (American Honda Motor Co.),Update,,,MAY-2024,1HGCV1F33LA, ,n/a,Honda,Accord, ,2020, ,e8019e33de23c4a,70541, ,Consumer,,Y, ,,Y, ,,Y, ,,Y, ,,,Y, ,Unknown,,No,"Unknown, see Narrative",, ,Y, , , , , , ,,JAN-2024, ,MAY-2024,01:45, ,7a8b4b124a91625,,Y,,Y,[MAY CONTAIN PERSONALLY IDENTIFIABLE INFORMATION], ,Rosarito, ,UNK,,Y,Highway / Freeway,Wet,"Other, see Narrative",65, ,Unknown, , , , ,Y, , , ,,Heavy Truck,Serious,Yes,Parked,Unknown,Unknown, , , , , , , , , , ,Y,"Other, see Narrative",Yes,Yes,Unknown,55, , , , , , , , , , , ,Y, , , ,Y, , , , ,No,, ,No,, ,, ,, ,"Unknown, see Narrative", ,"The customer was driving on a freeway in Mexico on a rainy day with Adaptive Cruise Control (ACC) and Lane Keep Assist System (LKAS) engaged, resulting in an accident. He confirmed the accident occurred on 1/[XXX]/24, between 1:45 AM and 2 AM, on [XXX] in Rosarito, Mexico. The customer was driving with the ACC set between 50-55 MPH. He was about to change lanes with the right turn signal on when the LKAS pulled the vehicle to the left. He attempted to correct the steering to the right, but the vehicle hydroplaned, went into a rest stop area, and collided with a semi-truck. The accident resulted in injuries to the customer. It was raining when he was changing lanes on the highway, and the LKAS pulled the steering wheel back. When he pulled the wheel back, the vehicle hydroplaned, causing a collision with a parked semi-truck. All airbags deployed, and he was the only person in the vehicle. He suffered injuries to his head, neck, and hand. His insurance at the time was Statefarm, and he blames the lane assist feature for the incident. The report was updated to correct the time of the incident from 13:45 to 01:45.",
1306-7737,2,Toyota Motor Engineering & Manufacturing,10-Day Update,,,MAY-2024,JTMABACA8PA, ,N/A,Toyota,bZ4X, ,2023, ,170fd80b73f1a2c,10474, ,Consumer,TSS 3.0, , ,Due to multiple ECUs no version can be described, , ,Due to multiple ECUs no version can be described, , ,,Y,Y,,, ,Y,No,,No,ADAS,, ,Y, , ,Y, , , ,,APR-2024, ,MAY-2024,15:09, ,f88817d67c48f6b,,Y,,Y,,Y,,Y,UNK,,Y,Street,Wet,No Unusual Conditions,,Y,Daylight, , ,Y, ,Y, , , ,,Pickup Truck,Unknown,Unknown,Stopped,Unknown,Unknown, , , ,Y, , ,Y, , , , ,Proceeding Straight,No,No,Yes,28, , , ,Y, , ,Y, , ,Y, , ,Y, , ,Y, ,Y, , ,Unknown,Toms River Police Department, ,Yes,,Y,,Y,,Y,"Unknown, see Narrative", ,"On April 15, 2024, Toyota received an allegation related to this crash from the vehicle owner. The owner alleged that she, ""put her car in self drive mode while it was raining, and the vehicle did not detect the big truck and when she went to brake, it pushed into the truck, which slid into another vehicle."" The customer further clarified her allegation to be, ""the Automatic Collision System did not work properly"" and, ""the vehicle misjudged the stop range and the PCS did not alert her, so she rear ended the vehicle in front of her."" The owner stated that after the crash, the Toms Rivers Police Department (New Jersey) responded and stated the vehicle's, ""PCS and Lane Assist we still on."" The owner stated she received knee and wrist injuries, and that the other party was also injured and ""went to the hospital"". Although it was stated that Toms River Police Department responded, the owner did not state the incident location or if the police created a report. 
On May 16, 2024, Toyota completed a vehicle inspection field report related to the crash event and obtained the PCS Freeze Frame Data (PCS FFD) and Event Data Recorder (EDR) indicating that ADAS L2 was engaged in the recorded moments prior to the crash. The PCS FFD recording contains approximately 8 seconds of pre-crash data and images. From the PCS FFD, Toyota observed the following: Dynamic Radar Cruise Control (DRCC) was engaged from the start of the recording through the crash event.  Lane Trace Assist (LTA) was engaged from the start of the recording until approximately 2.2 seconds prior to the crash event. The Pre-Collision System (PCS) Alarm (FCW) activated between 1.2 seconds ad 0.7 seconds prior to the crash event. The system did not provide PCS braking (AEB). Driver brake input did not occur prior to the crash event.",
13781-7786,2,"Tesla, Inc.",Update,,,MAY-2024,5YJ3E1EB7KF, ,N/A,Tesla,Model 3, ,2019, ,3b1bd4023eeec99,,Y,Consumer,"[REDACTED, MAY CONTAIN CONFIDENTIAL BUSINESS INFORMATION]", ,Y,"[REDACTED, MAY CONTAIN CONFIDENTIAL BUSINESS INFORMATION]", ,Y,"[REDACTED, MAY CONTAIN CONFIDENTIAL BUSINESS INFORMATION]", ,Y,,Y, ,,, ,Y,No,,No,ADAS,, ,Y, , , , , , ,,APR-2024, ,MAY-2024,,Y,944e4a3843ac878,,Y,,Y,[MAY CONTAIN PERSONALLY IDENTIFIABLE INFORMATION], ,Willowbrook, ,IL ,[MAY CONTAIN PERSONALLY IDENTIFIABLE INFORMATION], ,Unknown,Unknown,Unknown,,Y,Unknown, , , , , , ,Y, ,,Pole / Tree,Unknown,Yes,,,, , , , , , , , , , , ,Unknown,Yes,Unknown,Unknown,,Y, , ,Y, , ,Y, , ,Y, , , , , ,Y, ,Y, , ,Unknown,,Y,Unknown,,Y,,Y,,Y,"[REDACTED, MAY CONTAIN CONFIDENTIAL BUSINESS INFORMATION]",Y,"[REDACTED, MAY CONTAIN CONFIDENTIAL BUSINESS INFORMATION]",Y