Report ID,Report Version,Reporting Entity,Report Type,Report Month,Report Year,Report Submission Date,VIN,VIN - Unknown,Serial Number,Make,Model,Model - Unknown,Model Year,Model Year - Unknown,Same Vehicle ID,Mileage,Mileage - Unknown,Driver / Operator Type,ADAS/ADS System Version,ADAS/ADS System Version - Unk,ADAS/ADS System Version CBI,ADAS/ADS Hardware Version,ADAS/ADS Hardware Version - Unk,ADAS/ADS Hardware Version CBI,ADAS/ADS Software Version,ADAS/ADS Software Version - Unk,ADAS/ADS Software Version CBI,Other Reporting Entities?,Other Reporting Entities? - Unk,Other Reporting Entities? - NA,Federal Regulatory Exemption?,Other Federal Reg. Exemption,Federal Reg. Exemption - Unk,Federal Reg. Exemption - No,State or Local Permit?,State or Local Permit,ADS Equipped?,Automation System Engaged?,Operating Entity,Operating Entity - Unknown,Source - Complaint/Claim,Source - Telematics,Source - Law Enforcement,Source - Field Report,Source - Testing,Source - Media,Source - Other,Source - Other Text,Incident Date,Incident Date - Unknown,Notice Received Date,Incident Time (24:00),Incident Time - Unknown,Same Incident ID,Latitude,Latitude - Unknown,Longitude,Longitude - Unknown,Address,Address - Unknown,City,City - Unknown,State,Zip Code,Zip Code - Unknown,Roadway Type,Roadway Surface,Roadway Description,Posted Speed Limit (MPH),Posted Speed Limit - Unknown,Lighting,Weather - Clear,Weather - Snow,Weather - Cloudy,Weather - Fog/Smoke,Weather - Rain,Weather - Severe Wind,Weather - Unknown,Weather - Other,Weather - Other Text,Crash With,Highest Injury Severity Alleged,Property Damage?,CP Pre-Crash Movement,CP Any Air Bags Deployed?,CP Was Vehicle Towed?,CP Contact Area - Rear Left,CP Contact Area - Left,CP Contact Area - Front Left,CP Contact Area - Rear,CP Contact Area - Top,CP Contact Area - Front,CP Contact Area - Rear Right,CP Contact Area - Right,CP Contact Area - Front Right,CP Contact Area - Bottom,CP Contact Area - Unknown,SV Pre-Crash Movement,SV Any Air Bags Deployed?,SV Was Vehicle Towed?,SV Were All Passengers Belted?,SV Precrash Speed (MPH),SV Pre-crash Speed - Unknown,SV Contact Area - Rear Left,SV Contact Area - Left,SV Contact Area - Front Left,SV Contact Area - Rear,SV Contact Area - Top,SV Contact Area - Front,SV Contact Area - Rear Right,SV Contact Area - Right,SV Contact Area - Front Right,SV Contact Area - Bottom,SV Contact Area - Unknown,Data Availability - EDR,Data Availability - Police Rpt,Data Availability - Telematics,Data Availability - Complaints,Data Availability - Video,Data Availability - Other,Data Availability - No Data,Data Availability - Unknown,Law Enforcement Investigating?,Investigating Agency,Investigating Agency - Unknown,Rep Ent Or Mfr Investigating?,Investigating Officer Name,Inv. Officer Name - Unknown,Investigating Officer Phone,Inv. Officer Phone - Unknown,Investigating Officer Email,Inv. Officer Email - Unknown,Within ODD?,Within ODD? - CBI,Narrative,Narrative - CBI?
13781-7759,1,"Tesla, Inc.",5-Day,,,MAY-2024,5YJXCBE29HF, ,N/A,Tesla,Model X, ,2017, ,64b32a9704eeaf1,121196, ,Consumer,"[REDACTED, MAY CONTAIN CONFIDENTIAL BUSINESS INFORMATION]", ,Y,"[REDACTED, MAY CONTAIN CONFIDENTIAL BUSINESS INFORMATION]", ,Y,"[REDACTED, MAY CONTAIN CONFIDENTIAL BUSINESS INFORMATION]", ,Y,,Y, ,,, ,Y,No,,No,ADAS,, , , , , , ,Y, ,,MAY-2024, ,MAY-2024,14:40, ,b6d702560c8afd6,[MAY CONTAIN PERSONALLY IDENTIFIABLE INFORMATION], ,[MAY CONTAIN PERSONALLY IDENTIFIABLE INFORMATION], ,[MAY CONTAIN PERSONALLY IDENTIFIABLE INFORMATION], ,Wade, ,NC ,[MAY CONTAIN PERSONALLY IDENTIFIABLE INFORMATION], ,Highway / Freeway,Unknown,Traffic Incident,65, ,Daylight, , , , , , ,Y, ,,"Other, see Narrative",Unknown,Yes,"Other, see Narrative",Unknown,Unknown, , , , , , , , , , ,Y,"Other, see Narrative",Yes,Unknown,Unknown,61, , , , , , , , , , , ,Y, , ,Y, ,Y,Y, , ,Unknown,,Y,Unknown,,Y,,Y,,Y,"[REDACTED, MAY CONTAIN CONFIDENTIAL BUSINESS INFORMATION]",Y,"[REDACTED, MAY CONTAIN CONFIDENTIAL BUSINESS INFORMATION]",Y
13781-7758,1,"Tesla, Inc.",5-Day,,,MAY-2024,7SAYGDEE7PF, ,N/A,Tesla,Model Y, ,2023, ,d42901247314a31,19422, ,Consumer,"[REDACTED, MAY CONTAIN CONFIDENTIAL BUSINESS INFORMATION]",Y,Y,"[REDACTED, MAY CONTAIN CONFIDENTIAL BUSINESS INFORMATION]", ,Y,"[REDACTED, MAY CONTAIN CONFIDENTIAL BUSINESS INFORMATION]",Y,Y,,Y, ,,, ,Y,No,,No,ADAS,, , ,Y, , , , , ,,MAY-2024, ,MAY-2024,02:59, ,148d445c263014a,[MAY CONTAIN PERSONALLY IDENTIFIABLE INFORMATION], ,[MAY CONTAIN PERSONALLY IDENTIFIABLE INFORMATION], ,[MAY CONTAIN PERSONALLY IDENTIFIABLE INFORMATION], ,Strattanville, ,PA ,[MAY CONTAIN PERSONALLY IDENTIFIABLE INFORMATION], ,Highway / Freeway,Wet,No Unusual Conditions,70, ,Dark - Lighted, , ,Y, ,Y, , , ,,Other Fixed Object,Unknown,Yes,,,, , , , , , , , , , , ,Unknown,No,Yes,Unknown,,Y, , ,Y, , ,Y, , ,Y,Y, , , ,Y, ,Y,Y, , ,Unknown,,Y,Unknown,,Y,,Y,,Y,"[REDACTED, MAY CONTAIN CONFIDENTIAL BUSINESS INFORMATION]",Y,"[REDACTED, MAY CONTAIN CONFIDENTIAL BUSINESS INFORMATION]",Y
13781-7757,1,"Tesla, Inc.",5-Day,,,MAY-2024,5YJXCAE2XKF, ,N/A,Tesla,Model X, ,2019, ,ad2a44d660d2be9,89607, ,Consumer,"[REDACTED, MAY CONTAIN CONFIDENTIAL BUSINESS INFORMATION]", ,Y,"[REDACTED, MAY CONTAIN CONFIDENTIAL BUSINESS INFORMATION]", ,Y,"[REDACTED, MAY CONTAIN CONFIDENTIAL BUSINESS INFORMATION]", ,Y,,Y, ,,, ,Y,No,,No,ADAS,, , ,Y, , , , , ,,DEC-2023, ,MAY-2024,01:34, ,38fc7065b723718,[MAY CONTAIN PERSONALLY IDENTIFIABLE INFORMATION], ,[MAY CONTAIN PERSONALLY IDENTIFIABLE INFORMATION], ,[MAY CONTAIN PERSONALLY IDENTIFIABLE INFORMATION], ,Brentwood, ,TN ,[MAY CONTAIN PERSONALLY IDENTIFIABLE INFORMATION], ,Highway / Freeway,Dry,"Other, see Narrative",70, ,Dark - Lighted,Y, , , , , , , ,,Heavy Truck,Unknown,Yes,Entering Traffic,Unknown,Unknown,Y, , ,Y, , ,Y, , , , ,Proceeding Straight,Yes,Unknown,Unknown,39, , , ,Y, , ,Y, , ,Y, , ,Y, ,Y, ,Y,Y, , ,Unknown,,Y,Unknown,,Y,,Y,,Y,"[REDACTED, MAY CONTAIN CONFIDENTIAL BUSINESS INFORMATION]",Y,"[REDACTED, MAY CONTAIN CONFIDENTIAL BUSINESS INFORMATION]",Y
13781-7755,1,"Tesla, Inc.",5-Day,,,MAY-2024,5YJXCAE41JF, ,N/A,Tesla,Model X, ,2018, ,c642fd22ff89dad,38924, ,Consumer,"[REDACTED, MAY CONTAIN CONFIDENTIAL BUSINESS INFORMATION]", ,Y,"[REDACTED, MAY CONTAIN CONFIDENTIAL BUSINESS INFORMATION]", ,Y,"[REDACTED, MAY CONTAIN CONFIDENTIAL BUSINESS INFORMATION]", ,Y,,Y, ,,, ,Y,No,,No,ADAS,, , ,Y, , , , , ,,DEC-2023, ,MAY-2024,22:10, ,4632bbafb366f9c,[MAY CONTAIN PERSONALLY IDENTIFIABLE INFORMATION], ,[MAY CONTAIN PERSONALLY IDENTIFIABLE INFORMATION], ,[MAY CONTAIN PERSONALLY IDENTIFIABLE INFORMATION], ,Lutz, ,FL ,[MAY CONTAIN PERSONALLY IDENTIFIABLE INFORMATION], ,Unknown,Unknown,Unknown,45, ,Unknown, , , , , , ,Y, ,,Unknown,Unknown,Yes,Unknown,Unknown,Unknown, , , , , , , , , , ,Y,Unknown,Yes,Unknown,Unknown,20, , , , , , , , , , , ,Y,Y, ,Y, , ,Y, , ,Unknown,,Y,Unknown,,Y,,Y,,Y,"[REDACTED, MAY CONTAIN CONFIDENTIAL BUSINESS INFORMATION]",Y,"[REDACTED, MAY CONTAIN CONFIDENTIAL BUSINESS INFORMATION]",Y
13781-7753,1,"Tesla, Inc.",5-Day,,,MAY-2024,5YJ3E1EA3JF, ,N/A,Tesla,Model 3, ,2018, ,4689342891a1a17,112910, ,Consumer,"[REDACTED, MAY CONTAIN CONFIDENTIAL BUSINESS INFORMATION]", ,Y,"[REDACTED, MAY CONTAIN CONFIDENTIAL BUSINESS INFORMATION]", ,Y,"[REDACTED, MAY CONTAIN CONFIDENTIAL BUSINESS INFORMATION]", ,Y,,Y, ,,, ,Y,No,,No,ADAS,, , ,Y, , , , , ,,MAY-2024, ,MAY-2024,21:22, ,7d0f26c712db6e4,[MAY CONTAIN PERSONALLY IDENTIFIABLE INFORMATION], ,[MAY CONTAIN PERSONALLY IDENTIFIABLE INFORMATION], ,[MAY CONTAIN PERSONALLY IDENTIFIABLE INFORMATION], ,Bonsal, ,NC ,[MAY CONTAIN PERSONALLY IDENTIFIABLE INFORMATION], ,Highway / Freeway,Unknown,Unknown,70, ,Unknown, , , , , , ,Y, ,,Unknown,Unknown,Yes,Unknown,Unknown,Unknown, , , , , , , , , , ,Y,Unknown,Yes,Unknown,Unknown,22, , , , , , , , , , , ,Y,Y, ,Y, , ,Y, , ,Unknown,,Y,Unknown,,Y,,Y,,Y,"[REDACTED, MAY CONTAIN CONFIDENTIAL BUSINESS INFORMATION]",Y,"[REDACTED, MAY CONTAIN CONFIDENTIAL BUSINESS INFORMATION]",Y
13781-7752,1,"Tesla, Inc.",5-Day,,,MAY-2024,7SAYGDEF5PF, ,N/A,Tesla,Model Y, ,2023, ,055b14f84211883,45960, ,Consumer,"[REDACTED, MAY CONTAIN CONFIDENTIAL BUSINESS INFORMATION]", ,Y,"[REDACTED, MAY CONTAIN CONFIDENTIAL BUSINESS INFORMATION]", ,Y,"[REDACTED, MAY CONTAIN CONFIDENTIAL BUSINESS INFORMATION]", ,Y,,Y, ,,, ,Y,No,,No,ADAS,, , ,Y, , , , , ,,MAY-2024, ,MAY-2024,03:51, ,9703e7a1227c87a,[MAY CONTAIN PERSONALLY IDENTIFIABLE INFORMATION], ,[MAY CONTAIN PERSONALLY IDENTIFIABLE INFORMATION], ,[MAY CONTAIN PERSONALLY IDENTIFIABLE INFORMATION], ,Washington, ,DC ,[MAY CONTAIN PERSONALLY IDENTIFIABLE INFORMATION], ,Highway / Freeway,Dry,Unknown,55, ,Dark - Lighted,Y, , , , , , , ,,Unknown,Unknown,Yes,Unknown,Unknown,Unknown, , , , , , , , , , ,Y,Unknown,No,Yes,Unknown,52, , , , , , , , , , , ,Y,Y, ,Y, ,Y,Y, , ,Unknown,,Y,Unknown,,Y,,Y,,Y,"[REDACTED, MAY CONTAIN CONFIDENTIAL BUSINESS INFORMATION]",Y,"[REDACTED, MAY CONTAIN CONFIDENTIAL BUSINESS INFORMATION]",Y
13781-7751,1,"Tesla, Inc.",5-Day,,,MAY-2024,7SAYGDEF3NF, ,N/A,Tesla,Model Y, ,2022, ,e1d85f447ba35e4,25200, ,Consumer,"[REDACTED, MAY CONTAIN CONFIDENTIAL BUSINESS INFORMATION]", ,Y,"[REDACTED, MAY CONTAIN CONFIDENTIAL BUSINESS INFORMATION]", ,Y,"[REDACTED, MAY CONTAIN CONFIDENTIAL BUSINESS INFORMATION]", ,Y,,Y, ,,, ,Y,No,,No,ADAS,, , ,Y, , , , , ,,MAY-2024, ,MAY-2024,01:28, ,359483b2d77a21d,[MAY CONTAIN PERSONALLY IDENTIFIABLE INFORMATION], ,[MAY CONTAIN PERSONALLY IDENTIFIABLE INFORMATION], ,[MAY CONTAIN PERSONALLY IDENTIFIABLE INFORMATION], ,Springlake, ,TX ,[MAY CONTAIN PERSONALLY IDENTIFIABLE INFORMATION], ,Highway / Freeway,Dry,Unknown,75, ,Daylight,Y, , , , , , , ,,Unknown,Unknown,Yes,Unknown,Unknown,Unknown, , , , , , , , , , ,Y,Unknown,Yes,Unknown,Unknown,79, , , , , , , , , , , ,Y,Y, ,Y, ,Y,Y, , ,Unknown,,Y,Unknown,,Y,,Y,,Y,"[REDACTED, MAY CONTAIN CONFIDENTIAL BUSINESS INFORMATION]",Y,"[REDACTED, MAY CONTAIN CONFIDENTIAL BUSINESS INFORMATION]",Y
669-7747,1,Hyundai Motor America,1-Day,,,MAY-2024,5NTJEDDF7RH, ,N/A,Hyundai,Santa Cruz, ,2024, ,b130ac57cce0d78,,Y,"Other, see Narrative",,Y, ,,Y, ,,Y, ,, ,Y,,, ,Y,No,,No,ADAS,Hyundai Motor America, , , , , , , ,Y,Employee Accident Report,MAY-2024, ,MAY-2024,09:45, ,323d81864ea0347,,Y,,Y,[MAY CONTAIN PERSONALLY IDENTIFIABLE INFORMATION], ,Addison, ,WI ,,Y,Highway / Freeway,Dry,Traffic Incident,,Y,Daylight,Y, , , , , , , ,,"Other, see Narrative",Unknown,Unknown,Unknown,Unknown,Unknown, , , , , , , , , , ,Y,Proceeding Straight,Unknown,Yes,Unknown,,Y, , , ,Y, , , ,Y, , , , , , , , ,Y, , ,Unknown,,Y,Yes,,Y,,Y,,Y,Yes, ,"A Hyundai Motor America associate was operating a 2024 Santa Cruz employee lease vehicle with the vehicle's Highway Drive Assist (""HDA""), Adaptive Cruise Control (""ACC""), and Lane Following Assist (""LFA"") features engaged while driving on [XXX] near [XXX] in Addison, Wisconsin.  At some point during operation, an adjacent vehicle started to impede on the associate's lane of travel.  The driver manually performed an evasive maneuver and lost control of the vehicle.  The vehicle first struck a median, which caused the vehicle to go into a spin.  The vehicle then struck a barrier and was subsequently struck by a heavy-duty truck.  NASO is in process of reaching out to the associate for additional information.",
1306-7737,1,Toyota Motor Engineering & Manufacturing,1-Day,,,MAY-2024,JTMABACA8PA, ,N/A,Toyota,bZ4X, ,2023, ,170fd80b73f1a2c,10474, ,Consumer,TSS 3.0, , ,Due to multiple ECUs no version can be described, , ,Due to multiple ECUs no version can be described, , ,,Y,Y,,, ,Y,No,,No,ADAS,, ,Y, , ,Y, , , ,,APR-2024, ,MAY-2024,14:09, ,f88817d67c48f6b,,Y,,Y,,Y,,Y,UNK,,Y,Street,Wet,No Unusual Conditions,,Y,Daylight, , ,Y, ,Y, , , ,,Pickup Truck,Unknown,Unknown,Stopped,Unknown,Unknown, , , ,Y, , ,Y, , , , ,Proceeding Straight,No,No,Yes,28, , , ,Y, , ,Y, , ,Y, , ,Y, , ,Y, ,Y, , ,Unknown,Toms River Police Department, ,Yes,,Y,,Y,,Y,"Unknown, see Narrative", ,"On April 15, 2024, Toyota received an allegation related to this crash from the vehicle owner. The owner alleged that the car stated the she, ""put her car in self drive mode while it was raining, and the vehicle did not detect the big truck and when she went to brake, it pushed into the truck, which slid into another vehicle."" The customer further clarified her allegation to be, ""the Automatic Collision System did not work properly"" and, ""the vehicle misjudged the stop range and the PCS did not alert her, so she rear ended the vehicle in front of her."" The owner stated that after the crash, the Toms Rivers Police Department (New Jersey) responded and stated the vehicle's, ""PCS and Lane Assist we still on."" The owner stated she received knee and wrist injuries, and that the other party was also injured and ""went to the hospital"". Although it was stated that Toms River Police Department responded, the owner did not state the incident location or if the police created a report. 
On May 16, 2024, Toyota completed a vehicle inspection field report related to the crash event and obtained the PCS Freeze Frame Data (PCS FFD) and Event Data Recorder (EDR) indicating that ADAS L2 was engaged in the recorded moments prior to the crash. The PCS FFD recording contains approximately 8 seconds of pre-crash data and images. From the PCS FFD, Toyota observed the following: Dynamic Radar Cruise Control (DRCC) was engaged from the start of the recording through the crash event.  Lane Trace Assist (LTA) was engaged from the start of the recording until approximately 2.2 seconds prior to the crash event. Driver brake input did not occur prior to the crash event.",
13781-7736,1,"Tesla, Inc.",5-Day,,,MAY-2024,5YJ3E1EA1JF, ,N/A,Tesla,Model 3, ,2018, ,33bbaab1c549f25,115358, ,Consumer,"[REDACTED, MAY CONTAIN CONFIDENTIAL BUSINESS INFORMATION]", ,Y,"[REDACTED, MAY CONTAIN CONFIDENTIAL BUSINESS INFORMATION]", ,Y,"[REDACTED, MAY CONTAIN CONFIDENTIAL BUSINESS INFORMATION]", ,Y,,Y, ,,, ,Y,No,,No,ADAS,, , ,Y, , , , , ,,MAY-2024, ,MAY-2024,21:24, ,45727c4f5f33d6e,[MAY CONTAIN PERSONALLY IDENTIFIABLE INFORMATION], ,[MAY CONTAIN PERSONALLY IDENTIFIABLE INFORMATION], ,[MAY CONTAIN PERSONALLY IDENTIFIABLE INFORMATION], ,Dallas, ,TX ,[MAY CONTAIN PERSONALLY IDENTIFIABLE INFORMATION], ,Highway / Freeway,Unknown,Unknown,65, ,Unknown, , , , , , ,Y, ,,Unknown,Unknown,Yes,Unknown,Unknown,Unknown, , , , , , , , , , ,Y,Unknown,Yes,Unknown,Unknown,43, , , , , , , , , , , ,Y,Y, ,Y, , ,Y, , ,Unknown,,Y,Unknown,,Y,,Y,,Y,"[REDACTED, MAY CONTAIN CONFIDENTIAL BUSINESS INFORMATION]",Y,"[REDACTED, MAY CONTAIN CONFIDENTIAL BUSINESS INFORMATION]",Y
13781-7738,1,"Tesla, Inc.",5-Day,,,MAY-2024,7SAYGDEE3PF, ,N/A,Tesla,Model Y, ,2023, ,cae66bd4f335f5b,19622, ,Consumer,"[REDACTED, MAY CONTAIN CONFIDENTIAL BUSINESS INFORMATION]", ,Y,"[REDACTED, MAY CONTAIN CONFIDENTIAL BUSINESS INFORMATION]", ,Y,"[REDACTED, MAY CONTAIN CONFIDENTIAL BUSINESS INFORMATION]", ,Y,,Y, ,,, ,Y,No,,No,ADAS,, , ,Y, , , , , ,,MAY-2024, ,MAY-2024,18:48, ,1e4ec38c59a6d6e,[MAY CONTAIN PERSONALLY IDENTIFIABLE INFORMATION], ,[MAY CONTAIN PERSONALLY IDENTIFIABLE INFORMATION], ,[MAY CONTAIN PERSONALLY IDENTIFIABLE INFORMATION], ,Mt Laurel Township, ,NJ ,[MAY CONTAIN PERSONALLY IDENTIFIABLE INFORMATION], ,Highway / Freeway,Dry,Unknown,65, ,Daylight, , ,Y, , , , , ,,Unknown,Unknown,Yes,Unknown,Unknown,Unknown, , , , , , , , , , ,Y,Unknown,Yes,Unknown,Unknown,26, , , , , , , , , , , ,Y,Y, ,Y, ,Y,Y, , ,Unknown,,Y,Unknown,,Y,,Y,,Y,"[REDACTED, MAY CONTAIN CONFIDENTIAL BUSINESS INFORMATION]",Y,"[REDACTED, MAY CONTAIN CONFIDENTIAL BUSINESS INFORMATION]",Y
13781-7739,1,"Tesla, Inc.",5-Day,,,MAY-2024,5YJSA1E55NF, ,N/A,Tesla,Model S, ,2022, ,4b9492166bc8d0e,47396, ,Consumer,"[REDACTED, MAY CONTAIN CONFIDENTIAL BUSINESS INFORMATION]", ,Y,"[REDACTED, MAY CONTAIN CONFIDENTIAL BUSINESS INFORMATION]", ,Y,"[REDACTED, MAY CONTAIN CONFIDENTIAL BUSINESS INFORMATION]", ,Y,,Y, ,,, ,Y,No,,No,ADAS,, , ,Y, , , , , ,,MAY-2024, ,MAY-2024,08:57, ,0a06c110596fb66,[MAY CONTAIN PERSONALLY IDENTIFIABLE INFORMATION], ,[MAY CONTAIN PERSONALLY IDENTIFIABLE INFORMATION], ,[MAY CONTAIN PERSONALLY IDENTIFIABLE INFORMATION], ,Seneca, ,MO ,[MAY CONTAIN PERSONALLY IDENTIFIABLE INFORMATION], ,Unknown,Unknown,Unknown,65, ,Unknown, , , , , , ,Y, ,,Unknown,Unknown,Unknown,Unknown,Unknown,Unknown, , , , , , , , , , ,Y,Unknown,Yes,Unknown,Unknown,27, , , , , , , , , , , ,Y,Y, ,Y, , ,Y, , ,Unknown,,Y,Unknown,,Y,,Y,,Y,"[REDACTED, MAY CONTAIN CONFIDENTIAL BUSINESS INFORMATION]",Y,"[REDACTED, MAY CONTAIN CONFIDENTIAL BUSINESS INFORMATION]",Y
13781-7742,1,"Tesla, Inc.",5-Day,,,MAY-2024,5YJ3E1EA6LF, ,N/A,Tesla,Model 3, ,2020, ,9f87951738393c9,82134, ,Consumer,"[REDACTED, MAY CONTAIN CONFIDENTIAL BUSINESS INFORMATION]", ,Y,"[REDACTED, MAY CONTAIN CONFIDENTIAL BUSINESS INFORMATION]", ,Y,"[REDACTED, MAY CONTAIN CONFIDENTIAL BUSINESS INFORMATION]", ,Y,,Y, ,,, ,Y,No,,No,ADAS,, , ,Y, , , , , ,,MAY-2024, ,MAY-2024,09:19, ,a39b6d8a7831408,[MAY CONTAIN PERSONALLY IDENTIFIABLE INFORMATION], ,[MAY CONTAIN PERSONALLY IDENTIFIABLE INFORMATION], ,[MAY CONTAIN PERSONALLY IDENTIFIABLE INFORMATION], ,Houston, ,TX ,[MAY CONTAIN PERSONALLY IDENTIFIABLE INFORMATION], ,Highway / Freeway,Unknown,Unknown,60, ,Dark - Lighted, , ,Y, , , , , ,,Unknown,Unknown,Yes,Unknown,Unknown,Unknown, , , , , , , , , , ,Y,Unknown,Yes,Unknown,Unknown,72, , , , , , , , , , , ,Y,Y, ,Y, ,Y,Y, , ,Unknown,,Y,Unknown,,Y,,Y,,Y,"[REDACTED, MAY CONTAIN CONFIDENTIAL BUSINESS INFORMATION]",Y,"[REDACTED, MAY CONTAIN CONFIDENTIAL BUSINESS INFORMATION]",Y
13781-7744,1,"Tesla, Inc.",5-Day,,,MAY-2024,5YJ3E1EB0NF, ,N/A,Tesla,Model 3, ,2022, ,bc224b604d60c09,9092, ,Consumer,"[REDACTED, MAY CONTAIN CONFIDENTIAL BUSINESS INFORMATION]", ,Y,"[REDACTED, MAY CONTAIN CONFIDENTIAL BUSINESS INFORMATION]", ,Y,"[REDACTED, MAY CONTAIN CONFIDENTIAL BUSINESS INFORMATION]", ,Y,,Y, ,,, ,Y,No,,No,ADAS,, , ,Y, , , , , ,,MAY-2024, ,MAY-2024,18:18, ,0375df8e41bb136,[MAY CONTAIN PERSONALLY IDENTIFIABLE INFORMATION], ,[MAY CONTAIN PERSONALLY IDENTIFIABLE INFORMATION], ,[MAY CONTAIN PERSONALLY IDENTIFIABLE INFORMATION], ,North Augusta, ,SC ,[MAY CONTAIN PERSONALLY IDENTIFIABLE INFORMATION], ,Street,Dry,Unknown,50, ,Daylight,Y, , , , , , , ,,Passenger Car,Unknown,Yes,Proceeding Straight,Yes,Unknown, , , , , , , , , , ,Y,Making Left Turn,Yes,Unknown,Unknown,11, , , , , , , , , , , ,Y,Y, ,Y, ,Y,Y, , ,Unknown,,Y,Unknown,,Y,,Y,,Y,"[REDACTED, MAY CONTAIN CONFIDENTIAL BUSINESS INFORMATION]",Y,"[REDACTED, MAY CONTAIN CONFIDENTIAL BUSINESS INFORMATION]",Y
13781-7567,3,"Tesla, Inc.",Update,,,MAY-2024,5YJSA1E51NF, ,N/A,Tesla,Model S, ,2022, ,c86a0e56bfc1f1a,,Y,Consumer,"[REDACTED, MAY CONTAIN CONFIDENTIAL BUSINESS INFORMATION]", ,Y,"[REDACTED, MAY CONTAIN CONFIDENTIAL BUSINESS INFORMATION]", ,Y,"[REDACTED, MAY CONTAIN CONFIDENTIAL BUSINESS INFORMATION]", ,Y,,Y, ,,, ,Y,No,,No,ADAS,, , , , , , ,Y,Y,NHTSA,APR-2024, ,APR-2024,15:45, ,d64f2f7824d7f5f,[MAY CONTAIN PERSONALLY IDENTIFIABLE INFORMATION], ,[MAY CONTAIN PERSONALLY IDENTIFIABLE INFORMATION], ,[MAY CONTAIN PERSONALLY IDENTIFIABLE INFORMATION], ,Snohomish, ,WA ,[MAY CONTAIN PERSONALLY IDENTIFIABLE INFORMATION], ,Highway / Freeway,Dry,No Unusual Conditions,55, ,Daylight,Y, , , , , , , ,,Motorcycle,Fatality,Yes,Proceeding Straight,Not Applicable,Yes,Y, , ,Y, , ,Y, , , , ,Proceeding Straight,No,Yes,Unknown,10, , , ,Y, , ,Y, , ,Y, , , , , , ,Y,Y, , ,Yes,Washington State Patrol, ,Unknown,[MAY CONTAIN PERSONALLY IDENTIFIABLE INFORMATION], ,,Y,[MAY CONTAIN PERSONALLY IDENTIFIABLE INFORMATION], ,"[REDACTED, MAY CONTAIN CONFIDENTIAL BUSINESS INFORMATION]",Y,"[REDACTED, MAY CONTAIN CONFIDENTIAL BUSINESS INFORMATION]",Y
945-7588,2,"Nissan North America, Inc.",Update,,,MAY-2024,JN1BF0BA0PM, ,N/A,Nissan,Ariya, ,2023, ,0b30f3c08db1ac0,15000, ,Consumer,PROPILOT ASSIST 2.0, , ,,Y, ,,Y, ,,Y, ,,,Y, ,Unknown,,No,ADAS,, ,Y,Y, , , , , ,,APR-2024, ,APR-2024,17:40, ,3d99e3452eb41a2,[MAY CONTAIN PERSONALLY IDENTIFIABLE INFORMATION], ,[MAY CONTAIN PERSONALLY IDENTIFIABLE INFORMATION], ,,Y,,Y,MA ,,Y,Highway / Freeway,Unknown,Unknown,,Y,Daylight, , , , , , ,Y, ,,Passenger Car,No Injuries Reported,Unknown,Stopped,Unknown,Unknown, , , , , , , , , , ,Y,Unknown,Yes,Yes,Yes,50, , , , , , , , , , , ,Y, , ,Y,Y, , , , ,Unknown,,Y,Yes,,Y,,Y,,Y,"Unknown, see Narrative", ,"The information contained in this report is based on Nissan's notification via telematics that a vehicle equipped with Pro Pilot Assist 2.0 was involved in an incident involving an air bag deployment, as well as Nissan's understanding of the allegations received during Claimant's discussions with Nissan's Consumer Affairs representatives on 4/24/2024. The system was active within 30 seconds of the incident. The deployment took place on [XXX] between [XXX] and [XXX].
Nissan is currently examining its ability to provide additional details that may be protected by consumer privacy laws.
On 4/24/2024, the Claimant orally stated that the vehicle did not stop when the customer pressed the brake. The Claimant also stated that the ""self-driving"" mode did not stop the vehicle. The vehicle was towed to a Nissan dealership.
Nissan is gathering additional information and will supplement with the monthly report
On 5/2/2024, Claimant stated vehicle was in ""auto pilot"" drive in stop and go traffic. Claimant stated traffic slowed down and the vehicle in front stopped and Claimant's vehicle did not slow down.  Claimant stated the screen blinked red.
Claimant stated Claimant stepped on brake as far down as possible and vehicle would not stop. Claimant was going maybe 50 mph and had a collision with the vehicle in front.
ProPilot 2.0 and ProPilot 1.0 were active within 30 seconds prior to the incident.
A police report was filed by the MA State Police. It is unclear if there is an active law enforcement investigation for this incident.
The vehicle inspection is scheduled for 5/15/2024. Nissan will submit an updated report pending the inspection completion.",