Report ID,Report Version,Reporting Entity,Report Type,Report Month,Report Year,Report Submission Date,VIN,VIN - Unknown,Serial Number,Make,Model,Model - Unknown,Model Year,Model Year - Unknown,Same Vehicle ID,Mileage,Mileage - Unknown,Driver / Operator Type,ADAS/ADS System Version,ADAS/ADS System Version - Unk,ADAS/ADS System Version CBI,ADAS/ADS Hardware Version,ADAS/ADS Hardware Version - Unk,ADAS/ADS Hardware Version CBI,ADAS/ADS Software Version,ADAS/ADS Software Version - Unk,ADAS/ADS Software Version CBI,Other Reporting Entities?,Other Reporting Entities? - Unk,Other Reporting Entities? - NA,Federal Regulatory Exemption?,Other Federal Reg. Exemption,Federal Reg. Exemption - Unk,Federal Reg. Exemption - No,State or Local Permit?,State or Local Permit,ADS Equipped?,Automation System Engaged?,Operating Entity,Operating Entity - Unknown,Source - Complaint/Claim,Source - Telematics,Source - Law Enforcement,Source - Field Report,Source - Testing,Source - Media,Source - Other,Source - Other Text,Incident Date,Incident Date - Unknown,Notice Received Date,Incident Time (24:00),Incident Time - Unknown,Same Incident ID,Latitude,Latitude - Unknown,Longitude,Longitude - Unknown,Address,Address - Unknown,City,City - Unknown,State,Zip Code,Zip Code - Unknown,Roadway Type,Roadway Surface,Roadway Description,Posted Speed Limit (MPH),Posted Speed Limit - Unknown,Lighting,Weather - Clear,Weather - Snow,Weather - Cloudy,Weather - Fog/Smoke,Weather - Rain,Weather - Severe Wind,Weather - Unknown,Weather - Other,Weather - Other Text,Crash With,Highest Injury Severity Alleged,Property Damage?,CP Pre-Crash Movement,CP Any Air Bags Deployed?,CP Was Vehicle Towed?,CP Contact Area - Rear Left,CP Contact Area - Left,CP Contact Area - Front Left,CP Contact Area - Rear,CP Contact Area - Top,CP Contact Area - Front,CP Contact Area - Rear Right,CP Contact Area - Right,CP Contact Area - Front Right,CP Contact Area - Bottom,CP Contact Area - Unknown,SV Pre-Crash Movement,SV Any Air Bags Deployed?,SV Was Vehicle Towed?,SV Were All Passengers Belted?,SV Precrash Speed (MPH),SV Pre-crash Speed - Unknown,SV Contact Area - Rear Left,SV Contact Area - Left,SV Contact Area - Front Left,SV Contact Area - Rear,SV Contact Area - Top,SV Contact Area - Front,SV Contact Area - Rear Right,SV Contact Area - Right,SV Contact Area - Front Right,SV Contact Area - Bottom,SV Contact Area - Unknown,Data Availability - EDR,Data Availability - Police Rpt,Data Availability - Telematics,Data Availability - Complaints,Data Availability - Video,Data Availability - Other,Data Availability - No Data,Data Availability - Unknown,Law Enforcement Investigating?,Investigating Agency,Investigating Agency - Unknown,Rep Ent Or Mfr Investigating?,Investigating Officer Name,Inv. Officer Name - Unknown,Investigating Officer Phone,Inv. Officer Phone - Unknown,Investigating Officer Email,Inv. Officer Email - Unknown,Within ODD?,Within ODD? - CBI,Narrative,Narrative - CBI?
1243-7274,2,"Subaru of America, Inc.",Update,,,MAY-2024,4S4BTALC7R3, ,N/A,Subaru,Outback, ,2024, ,35fd836e73a81cf,2229, ,Consumer,"[REDACTED, MAY CONTAIN CONFIDENTIAL BUSINESS INFORMATION]", ,Y,,Y, ,,Y, ,, ,Y,,, ,Y,No,,No,ADAS,, ,Y, , , , , , ,,MAR-2024, ,MAR-2024,13:45, ,00363b910ec53c3,[MAY CONTAIN PERSONALLY IDENTIFIABLE INFORMATION], ,[MAY CONTAIN PERSONALLY IDENTIFIABLE INFORMATION], ,[MAY CONTAIN PERSONALLY IDENTIFIABLE INFORMATION], ,Westfield, ,NY ,[MAY CONTAIN PERSONALLY IDENTIFIABLE INFORMATION], ,Highway / Freeway,Dry,No Unusual Conditions,65, ,Daylight,Y, , , , , , , ,,Other Fixed Object,No Injuries Reported,Yes,,,, , , , , , , , , , , ,Proceeding Straight,Yes,Yes,Yes,62, ,Y,Y,Y, , , , , , , , ,Y,Y,Y, , , , , ,Unknown,,Y,Yes,,Y,,Y,,Y,"[REDACTED, MAY CONTAIN CONFIDENTIAL BUSINESS INFORMATION]",Y,"According to the customer's statement, the subject vehicle was travelling westbound on [XXX], towing a trailer, with Adaptive Cruise Control (ACC) and Lane Centering (LCF) engaged. The customer stated that he was viewing the passenger side mirror and, upon returning his eyes forward, realized that the vehicle was in close proximity to a guard rail. The customer further stated that while trying to avoid a crash, the vehicle rolled onto the left side before returning to an upright position. The customer reported the vehicle was towed from the scene. The customer alleged that there was no warning sounded as the vehicle approached the guard rail.
According to the Police Accident Report, the vehicle operator (customer) reported that the trailer had moved onto the rumble strip and the operator lost control of the vehicle. The subject vehicle struck a guardrail on the passenger side and the vehicle and trailer overturned onto the driver's side while trying to correct.
Subaru inspected the subject vehicle on 4/09/2024.  [REDACTED, MAY CONTAIN CONFIDENTIAL BUSINESS INFORMATION]
Subaru determined that there was no abnormality with the ADAS systems. Either through steering input by the driver, or outside wind forces on the vehicle and trailer, the vehicle was forced across the right-hand solid white lane line. The vehicle twice provided visual and audible warnings and the customer acknowledged contact with the rumble strips outside of the roadway lane marker but took no corrective action prior to impact with the guardrail. Further, the vehicle owner's manual states that the system will not operate correctly if a trailer or another vehicle is being towed and that the ACC and LKA should not be used in these situations.",Y
13781-7668,1,"Tesla, Inc.",5-Day,,,MAY-2024,5YJ3E1EA1PF, ,N/A,Tesla,Model 3, ,2023, ,999610c99bf1481,53644, ,Consumer,"[REDACTED, MAY CONTAIN CONFIDENTIAL BUSINESS INFORMATION]", ,Y,"[REDACTED, MAY CONTAIN CONFIDENTIAL BUSINESS INFORMATION]", ,Y,"[REDACTED, MAY CONTAIN CONFIDENTIAL BUSINESS INFORMATION]", ,Y,,Y, ,,, ,Y,No,,No,ADAS,, , ,Y, , , , , ,,MAY-2024, ,MAY-2024,21:19, ,906a03244eb2749,[MAY CONTAIN PERSONALLY IDENTIFIABLE INFORMATION], ,[MAY CONTAIN PERSONALLY IDENTIFIABLE INFORMATION], ,[MAY CONTAIN PERSONALLY IDENTIFIABLE INFORMATION], ,Chicago, ,IL ,[MAY CONTAIN PERSONALLY IDENTIFIABLE INFORMATION], ,Unknown,Unknown,Unknown,20, ,Unknown, , , , , , ,Y, ,,Unknown,Unknown,Yes,Unknown,Unknown,Unknown, , , , , , , , , , ,Y,Unknown,Yes,Unknown,Unknown,11, , , , , , , , , , , ,Y,Y, ,Y, , ,Y, , ,Unknown,,Y,Unknown,,Y,,Y,,Y,"[REDACTED, MAY CONTAIN CONFIDENTIAL BUSINESS INFORMATION]",Y,"[REDACTED, MAY CONTAIN CONFIDENTIAL BUSINESS INFORMATION]",Y
13781-7670,1,"Tesla, Inc.",5-Day,,,MAY-2024,7SAXCAE55RF, ,N/A,Tesla,Model X, ,2024, ,214f68c47916923,767, ,Consumer,"[REDACTED, MAY CONTAIN CONFIDENTIAL BUSINESS INFORMATION]", ,Y,"[REDACTED, MAY CONTAIN CONFIDENTIAL BUSINESS INFORMATION]", ,Y,"[REDACTED, MAY CONTAIN CONFIDENTIAL BUSINESS INFORMATION]", ,Y,,Y, ,,, ,Y,No,,No,ADAS,, , ,Y, , , , , ,,MAY-2024, ,MAY-2024,15:36, ,8fd76182bf3dfae,[MAY CONTAIN PERSONALLY IDENTIFIABLE INFORMATION], ,[MAY CONTAIN PERSONALLY IDENTIFIABLE INFORMATION], ,[MAY CONTAIN PERSONALLY IDENTIFIABLE INFORMATION], ,Rosenberg, ,TX ,[MAY CONTAIN PERSONALLY IDENTIFIABLE INFORMATION], ,Intersection,Dry,No Unusual Conditions,40, ,Daylight, , ,Y, , , , , ,,First Responder Vehicle,Unknown,Yes,"Other, see Narrative",Unknown,Unknown, , ,Y, , ,Y, , ,Y, , ,Making Left Turn,Yes,Unknown,Unknown,14, , , ,Y, , ,Y, ,Y,Y, , ,Y, ,Y, ,Y,Y, , ,Unknown,,Y,Unknown,,Y,,Y,,Y,"[REDACTED, MAY CONTAIN CONFIDENTIAL BUSINESS INFORMATION]",Y,"[REDACTED, MAY CONTAIN CONFIDENTIAL BUSINESS INFORMATION]",Y
13781-7667,1,"Tesla, Inc.",5-Day,,,MAY-2024,5YJSA1E22JF, ,N/A,Tesla,Model S, ,2018, ,6042cf10fdb78a1,43335, ,Consumer,"[REDACTED, MAY CONTAIN CONFIDENTIAL BUSINESS INFORMATION]", ,Y,"[REDACTED, MAY CONTAIN CONFIDENTIAL BUSINESS INFORMATION]", ,Y,"[REDACTED, MAY CONTAIN CONFIDENTIAL BUSINESS INFORMATION]", ,Y,,Y, ,,, ,Y,No,,No,ADAS,, , , , , , , ,Y,Internal engineering review,APR-2024, ,MAY-2024,06:42, ,23e20b04e0014a8,[MAY CONTAIN PERSONALLY IDENTIFIABLE INFORMATION], ,[MAY CONTAIN PERSONALLY IDENTIFIABLE INFORMATION], ,[MAY CONTAIN PERSONALLY IDENTIFIABLE INFORMATION], ,Chantilly, ,VA ,[MAY CONTAIN PERSONALLY IDENTIFIABLE INFORMATION], ,Unknown,Unknown,Unknown,,Y,Unknown, , , , , , ,Y, ,,Unknown,Unknown,Yes,Unknown,Unknown,Unknown, , , , , , , , , , ,Y,Unknown,Yes,Unknown,Unknown,55, , , , , , , , , , , ,Y,Y, ,Y, , ,Y, , ,Unknown,,Y,Unknown,,Y,,Y,,Y,"[REDACTED, MAY CONTAIN CONFIDENTIAL BUSINESS INFORMATION]",Y,"[REDACTED, MAY CONTAIN CONFIDENTIAL BUSINESS INFORMATION]",Y
33175-7613,2,Mobileye Vision Technologies,10-Day Update,,,MAY-2024,,Y,,Ford,Mustang Mach-E SUV, ,,Y, ,,Y,Consumer,Ford Blue Cruise Platform, , ,Aptiv ECU + Mobileye EyeQ4 Chip, , ,Mobileye EyeQ4 SW Version, , ,Ford Motor Company, , ,,,Y, ,Unknown,,No,ADAS,, , , , , , ,Y, ,,MAR-2024, ,MAY-2024,03:20, , ,,Y,,Y,[MAY CONTAIN PERSONALLY IDENTIFIABLE INFORMATION], ,Philadelphia, ,PA ,,Y,Highway / Freeway,Dry,Unknown,,Y,Dark - Unknown Lighting,Y, , , , , , , ,,Passenger Car,Fatality,Unknown,Stopped,Unknown,Unknown, , , , , , , , , , ,Y,Unknown,Unknown,Unknown,Unknown,,Y, , , , , , , , , , ,Y, , , , , , , ,Y,Yes,National Transportation Safety Board, ,Unknown,,Y,,Y,,Y,"Unknown, see Narrative", ,Reporter learned of the incident based on the following articles:1)[XXX]2)[XXX]3)[XXX] Reporter believes that Reporter's product is a component of the Ford vehicle involved in the incident. Reporter reached out to Ford requiring the nature of the incident. Reporter does not possess any additional information nor does it have access to data from the Ford vehicle.,
13781-7654,1,"Tesla, Inc.",5-Day,,,MAY-2024,5YJ3E1EA5PF, ,N/A,Tesla,Model 3, ,2023, ,b55ef28c078f2e8,15078, ,Consumer,"[REDACTED, MAY CONTAIN CONFIDENTIAL BUSINESS INFORMATION]", ,Y,"[REDACTED, MAY CONTAIN CONFIDENTIAL BUSINESS INFORMATION]", ,Y,"[REDACTED, MAY CONTAIN CONFIDENTIAL BUSINESS INFORMATION]", ,Y,,Y, ,,, ,Y,No,,No,ADAS,, , ,Y, , , , , ,,MAY-2024, ,MAY-2024,04:07, ,32771536345d264,[MAY CONTAIN PERSONALLY IDENTIFIABLE INFORMATION], ,[MAY CONTAIN PERSONALLY IDENTIFIABLE INFORMATION], ,[MAY CONTAIN PERSONALLY IDENTIFIABLE INFORMATION], ,Goldenrod, ,FL ,[MAY CONTAIN PERSONALLY IDENTIFIABLE INFORMATION], ,Street,Dry,Unknown,40, ,Dark - Lighted,Y, , , , , , , ,,Van,Unknown,Yes,Unknown,Yes,Unknown, , , , , , , , , , ,Y,Proceeding Straight,Yes,Unknown,Unknown,16, , , , , , , , , , , ,Y,Y, ,Y, ,Y,Y, , ,Unknown,,Y,Unknown,,Y,,Y,,Y,"[REDACTED, MAY CONTAIN CONFIDENTIAL BUSINESS INFORMATION]",Y,"[REDACTED, MAY CONTAIN CONFIDENTIAL BUSINESS INFORMATION]",Y
13781-7651,1,"Tesla, Inc.",5-Day,,,MAY-2024,7SAYGDEE2PF, ,N/A,Tesla,Model Y, ,2023, ,2d73076b03f6e7a,8679, ,Consumer,"[REDACTED, MAY CONTAIN CONFIDENTIAL BUSINESS INFORMATION]", ,Y,"[REDACTED, MAY CONTAIN CONFIDENTIAL BUSINESS INFORMATION]", ,Y,"[REDACTED, MAY CONTAIN CONFIDENTIAL BUSINESS INFORMATION]", ,Y,,Y, ,,, ,Y,No,,No,ADAS,, , ,Y, , , , , ,,MAY-2024, ,MAY-2024,19:26, ,79d85ac468a8a52,[MAY CONTAIN PERSONALLY IDENTIFIABLE INFORMATION], ,[MAY CONTAIN PERSONALLY IDENTIFIABLE INFORMATION], ,[MAY CONTAIN PERSONALLY IDENTIFIABLE INFORMATION], ,White Hills, ,AZ ,[MAY CONTAIN PERSONALLY IDENTIFIABLE INFORMATION], ,Highway / Freeway,Dry,Unknown,65, ,Daylight,Y, , , , , , , ,,Unknown,Unknown,Yes,Unknown,Unknown,Unknown, , , , , , , , , , ,Y,Unknown,Yes,Unknown,Unknown,40, , , , , , , , , , , ,Y,Y, ,Y, ,Y,Y, , ,Unknown,,Y,Unknown,,Y,,Y,,Y,"[REDACTED, MAY CONTAIN CONFIDENTIAL BUSINESS INFORMATION]",Y,"[REDACTED, MAY CONTAIN CONFIDENTIAL BUSINESS INFORMATION]",Y
13781-7628,1,"Tesla, Inc.",5-Day,,,MAY-2024,5YJ3E1EB6LF, ,N/A,Tesla,Model 3, ,2020, ,d9893febfe16067,28160, ,Consumer,"[REDACTED, MAY CONTAIN CONFIDENTIAL BUSINESS INFORMATION]", ,Y,"[REDACTED, MAY CONTAIN CONFIDENTIAL BUSINESS INFORMATION]", ,Y,"[REDACTED, MAY CONTAIN CONFIDENTIAL BUSINESS INFORMATION]", ,Y,,Y, ,,, ,Y,No,,No,ADAS,, , ,Y, , , , , ,,APR-2024, ,MAY-2024,06:51, ,941567ebe3e24de,[MAY CONTAIN PERSONALLY IDENTIFIABLE INFORMATION], ,[MAY CONTAIN PERSONALLY IDENTIFIABLE INFORMATION], ,[MAY CONTAIN PERSONALLY IDENTIFIABLE INFORMATION], ,Chicago, ,IL ,[MAY CONTAIN PERSONALLY IDENTIFIABLE INFORMATION], ,Highway / Freeway,Wet,Unknown,55, ,Dark - Lighted, , ,Y, ,Y, , , ,,Unknown,Unknown,Yes,Unknown,Unknown,Unknown, , , , , , , , , , ,Y,Proceeding Straight,Yes,Unknown,Unknown,,Y, , , , , , , , , , ,Y,Y, ,Y, ,Y,Y, , ,Unknown,,Y,Unknown,,Y,,Y,,Y,"[REDACTED, MAY CONTAIN CONFIDENTIAL BUSINESS INFORMATION]",Y,"[REDACTED, MAY CONTAIN CONFIDENTIAL BUSINESS INFORMATION]",Y
62-7622,1,Honda (American Honda Motor Co.),1-Day,,,MAY-2024,1HGCV1F33LA, ,n/a,Honda,Accord, ,2020, ,e8019e33de23c4a,70541, ,Consumer,,Y, ,,Y, ,,Y, ,,Y, ,,,Y, ,Unknown,,No,"Unknown, see Narrative",, ,Y, , , , , , ,,JAN-2024, ,MAY-2024,13:45, ,7a8b4b124a91625,,Y,,Y,[MAY CONTAIN PERSONALLY IDENTIFIABLE INFORMATION], ,Rosarito, ,UNK,,Y,Highway / Freeway,Wet,"Other, see Narrative",65, ,Unknown, , , , ,Y, , , ,,Heavy Truck,Serious,Yes,Parked,Unknown,Unknown, , , , , , , , , , ,Y,"Other, see Narrative",Yes,Yes,Unknown,55, , , , , , , , , , , ,Y, , , ,Y, , , , ,No,, ,No,, ,, ,, ,"Unknown, see Narrative", ,"The customer was driving on a freeway in Mexico on a rainy day with his Adaptive Cruise Control (ACC) and Lane Keep Assist System (LKAS) engaged resulting in the accident. He confirmed the date of the accident on 1/[XXX]/24, between 1:45 AM to 2 AM, on [XXX] in Rosarito, Mexico. Customer was driving, using the ACC, which was set somewhere between 50-55 MPH. Customer was about to change lanes, had right turn signal on, but the LKAS started to pull the vehicle to the left. Customer attempted to correct steering by pulling him to the right, but then suddenly the hydroplaned, and he went into a rest stop area, and collided with semi-truck. The customer stated the accident resulted in some injuries to him. The customer also stated that it was raining when he was changing lanes on the highway. The customer stated that when doing so, the vehicle's lane assist pulled the steering wheel back. The customer stated that he pulled the wheel back and this caused the vehicle to hydroplane resulting in the customer's vehicle colliding into a parked semi-truck. The customer stated that all the airbags deployed, and he was the only person in the vehicle at the time. The customer also explained that he suffered injuries from the crash on his head, neck and hand areas. Customer stated that his insurance at the time of the incident was Statefarm and that he blames the lane assist feature for the incident.",
13781-7614,1,"Tesla, Inc.",5-Day,,,MAY-2024,7SAYGDEE8PF, ,N/A,Tesla,Model Y, ,2023, ,48e21c4a2f16a26,169095, ,Consumer,"[REDACTED, MAY CONTAIN CONFIDENTIAL BUSINESS INFORMATION]", ,Y,"[REDACTED, MAY CONTAIN CONFIDENTIAL BUSINESS INFORMATION]", ,Y,"[REDACTED, MAY CONTAIN CONFIDENTIAL BUSINESS INFORMATION]", ,Y,,Y, ,,, ,Y,No,,No,ADAS,, , ,Y, , , , , ,,APR-2024, ,APR-2024,06:17, ,466af6223148fd3,[MAY CONTAIN PERSONALLY IDENTIFIABLE INFORMATION], ,[MAY CONTAIN PERSONALLY IDENTIFIABLE INFORMATION], ,[MAY CONTAIN PERSONALLY IDENTIFIABLE INFORMATION], ,Holliston, ,MA ,[MAY CONTAIN PERSONALLY IDENTIFIABLE INFORMATION], ,Street,Dry,Unknown,25, ,Dark - Lighted,Y, , , , , , , ,,Unknown,Unknown,Yes,Unknown,Unknown,Unknown, , , , , , , , , , ,Y,Unknown,Yes,Unknown,Unknown,40, , , , , , , , , , , ,Y,Y, ,Y, ,Y,Y, , ,Unknown,,Y,Unknown,,Y,,Y,,Y,"[REDACTED, MAY CONTAIN CONFIDENTIAL BUSINESS INFORMATION]",Y,"[REDACTED, MAY CONTAIN CONFIDENTIAL BUSINESS INFORMATION]",Y
13781-7616,1,"Tesla, Inc.",5-Day,,,MAY-2024,5YJ3E1EB2KF, ,N/A,Tesla,Model 3, ,2019, ,d40c888fb48be31,848307, ,Consumer,"[REDACTED, MAY CONTAIN CONFIDENTIAL BUSINESS INFORMATION]", ,Y,"[REDACTED, MAY CONTAIN CONFIDENTIAL BUSINESS INFORMATION]", ,Y,"[REDACTED, MAY CONTAIN CONFIDENTIAL BUSINESS INFORMATION]", ,Y,,Y, ,,, ,Y,No,,No,ADAS,, , ,Y, , , , , ,,APR-2024, ,APR-2024,19:01, ,db05f7f5c3e3c6e,[MAY CONTAIN PERSONALLY IDENTIFIABLE INFORMATION], ,[MAY CONTAIN PERSONALLY IDENTIFIABLE INFORMATION], ,[MAY CONTAIN PERSONALLY IDENTIFIABLE INFORMATION], ,Brodhead, ,WI ,[MAY CONTAIN PERSONALLY IDENTIFIABLE INFORMATION], ,Highway / Freeway,Dry,Unknown,55, ,Daylight,Y, , , , , , , ,,Pickup Truck,Unknown,Yes,Entering Traffic,Unknown,Unknown,Y,Y,Y, , , , , , , , ,Proceeding Straight,Yes,Unknown,Unknown,48, , , , , , ,Y,Y,Y,Y, , ,Y, ,Y, ,Y,Y, , ,Unknown,,Y,Unknown,,Y,,Y,,Y,"[REDACTED, MAY CONTAIN CONFIDENTIAL BUSINESS INFORMATION]",Y,"[REDACTED, MAY CONTAIN CONFIDENTIAL BUSINESS INFORMATION]",Y
13781-7619,1,"Tesla, Inc.",5-Day,,,MAY-2024,7SAXCBE55PF, ,N/A,Tesla,Model X, ,2023, ,9a7f0e013c07a76,7085, ,Consumer,"[REDACTED, MAY CONTAIN CONFIDENTIAL BUSINESS INFORMATION]", ,Y,"[REDACTED, MAY CONTAIN CONFIDENTIAL BUSINESS INFORMATION]", ,Y,"[REDACTED, MAY CONTAIN CONFIDENTIAL BUSINESS INFORMATION]", ,Y,,Y, ,,, ,Y,No,,No,ADAS,, , ,Y, , , , , ,,APR-2024, ,APR-2024,21:34, ,8de7e314ac4c7ac,[MAY CONTAIN PERSONALLY IDENTIFIABLE INFORMATION], ,[MAY CONTAIN PERSONALLY IDENTIFIABLE INFORMATION], ,[MAY CONTAIN PERSONALLY IDENTIFIABLE INFORMATION], ,Great Falls, ,VA ,[MAY CONTAIN PERSONALLY IDENTIFIABLE INFORMATION], ,Street,Unknown,Unknown,25, ,Daylight,Y, , , , , , , ,,Unknown,Unknown,Yes,Unknown,Unknown,Unknown, , , , , , , , , , ,Y,Unknown,Yes,Unknown,Unknown,43, , , , , , , , , , , ,Y,Y, ,Y, ,Y,Y, , ,Unknown,,Y,Unknown,,Y,,Y,,Y,"[REDACTED, MAY CONTAIN CONFIDENTIAL BUSINESS INFORMATION]",Y,"[REDACTED, MAY CONTAIN CONFIDENTIAL BUSINESS INFORMATION]",Y
13781-7618,1,"Tesla, Inc.",5-Day,,,MAY-2024,5YJ3E1EB3JF, ,N/A,Tesla,Model 3, ,2018, ,eca8d346248e67e,30750, ,Consumer,"[REDACTED, MAY CONTAIN CONFIDENTIAL BUSINESS INFORMATION]", ,Y,"[REDACTED, MAY CONTAIN CONFIDENTIAL BUSINESS INFORMATION]", ,Y,"[REDACTED, MAY CONTAIN CONFIDENTIAL BUSINESS INFORMATION]", ,Y,,Y, ,,, ,Y,No,,No,ADAS,, , ,Y, , , , , ,,APR-2024, ,APR-2024,22:40, ,0905c27fe7c70ca,[MAY CONTAIN PERSONALLY IDENTIFIABLE INFORMATION], ,[MAY CONTAIN PERSONALLY IDENTIFIABLE INFORMATION], ,[MAY CONTAIN PERSONALLY IDENTIFIABLE INFORMATION], ,Noxapater, ,MS ,[MAY CONTAIN PERSONALLY IDENTIFIABLE INFORMATION], ,Highway / Freeway,Dry,No Unusual Conditions,65, ,Daylight, , ,Y, , , , , ,,Pickup Truck,Unknown,Yes,Proceeding Straight,Unknown,Unknown, , , ,Y, , ,Y,Y, , , ,Proceeding Straight,Yes,Unknown,Unknown,42, , , , , , ,Y, , ,Y, , ,Y, ,Y, ,Y,Y, , ,Unknown,,Y,Unknown,,Y,,Y,,Y,"[REDACTED, MAY CONTAIN CONFIDENTIAL BUSINESS INFORMATION]",Y,"[REDACTED, MAY CONTAIN CONFIDENTIAL BUSINESS INFORMATION]",Y
33175-7613,1,Mobileye Vision Technologies,1-Day,,,MAY-2024,,Y,,Ford,Mustang Mach-E SUV, ,,Y, ,,Y,Consumer,Ford Blue Cruise Platform, , ,Aptiv ECU + Mobileye EyeQ4 Chip, , ,Mobileye EyeQ4 SW Version, , ,Ford Motor Company, , ,,,Y, ,Unknown,,No,ADAS,, , , , , , ,Y, ,,,Y,MAY-2024,,Y, ,,Y,,Y,,Y,,Y,PA ,,Y,Highway / Freeway,Unknown,Unknown,,Y,Dark - Unknown Lighting, , , , , , ,Y, ,,Unknown,Fatality,Unknown,Stopped,Unknown,Unknown, , , , , , , , , , ,Y,Unknown,Unknown,Unknown,Unknown,,Y, , , , , , , , , , ,Y, , , , , , , ,Y,Yes,National Transportation Safety Board, ,Unknown,,Y,,Y,,Y,"Unknown, see Narrative", ,Reporter learned of the incident based on the following article: [XXX]Reporter believes that Reporters product is a component of the Ford vehicle involved in the incident.,
13781-7567,2,"Tesla, Inc.",10-Day Update,,,MAY-2024,5YJSA1E51NF, ,N/A,Tesla,Model S, ,2022, ,c86a0e56bfc1f1a,,Y,Consumer,"[REDACTED, MAY CONTAIN CONFIDENTIAL BUSINESS INFORMATION]",Y,Y,"[REDACTED, MAY CONTAIN CONFIDENTIAL BUSINESS INFORMATION]", ,Y,"[REDACTED, MAY CONTAIN CONFIDENTIAL BUSINESS INFORMATION]",Y,Y,,Y, ,,, ,Y,No,,No,"Unknown, see Narrative",, , , , , , ,Y,Y,NHTSA,APR-2024, ,APR-2024,15:45, ,d64f2f7824d7f5f,,Y,,Y,[MAY CONTAIN PERSONALLY IDENTIFIABLE INFORMATION], ,Snohomish, ,WA ,,Y,Highway / Freeway,Unknown,Unknown,,Y,Unknown, , , , , , ,Y, ,,Motorcycle,Fatality,Yes,Unknown,Unknown,Unknown, , , , , , , , , , ,Y,Unknown,Unknown,Unknown,Unknown,,Y, , , , , , , , , , ,Y, , , , , , , ,Y,Yes,Washington State Patrol, ,Unknown,[MAY CONTAIN PERSONALLY IDENTIFIABLE INFORMATION], ,,Y,[MAY CONTAIN PERSONALLY IDENTIFIABLE INFORMATION], ,"[REDACTED, MAY CONTAIN CONFIDENTIAL BUSINESS INFORMATION]",Y,"[REDACTED, MAY CONTAIN CONFIDENTIAL BUSINESS INFORMATION]",Y