Report ID,Report Version,Reporting Entity,Report Type,Report Month,Report Year,Report Submission Date,VIN,VIN - Unknown,Serial Number,Make,Model,Model - Unknown,Model Year,Model Year - Unknown,Same Vehicle ID,Mileage,Mileage - Unknown,Driver / Operator Type,ADAS/ADS System Version,ADAS/ADS System Version - Unk,ADAS/ADS System Version CBI,ADAS/ADS Hardware Version,ADAS/ADS Hardware Version - Unk,ADAS/ADS Hardware Version CBI,ADAS/ADS Software Version,ADAS/ADS Software Version - Unk,ADAS/ADS Software Version CBI,Other Reporting Entities?,Other Reporting Entities? - Unk,Other Reporting Entities? - NA,Federal Regulatory Exemption?,Other Federal Reg. Exemption,Federal Reg. Exemption - Unk,Federal Reg. Exemption - No,State or Local Permit?,State or Local Permit,ADS Equipped?,Automation System Engaged?,Operating Entity,Operating Entity - Unknown,Source - Complaint/Claim,Source - Telematics,Source - Law Enforcement,Source - Field Report,Source - Testing,Source - Media,Source - Other,Source - Other Text,Incident Date,Incident Date - Unknown,Notice Received Date,Incident Time (24:00),Incident Time - Unknown,Same Incident ID,Latitude,Latitude - Unknown,Longitude,Longitude - Unknown,Address,Address - Unknown,City,City - Unknown,State,Zip Code,Zip Code - Unknown,Roadway Type,Roadway Surface,Roadway Description,Posted Speed Limit (MPH),Posted Speed Limit - Unknown,Lighting,Weather - Clear,Weather - Snow,Weather - Cloudy,Weather - Fog/Smoke,Weather - Rain,Weather - Severe Wind,Weather - Unknown,Weather - Other,Weather - Other Text,Crash With,Highest Injury Severity Alleged,Property Damage?,CP Pre-Crash Movement,CP Any Air Bags Deployed?,CP Was Vehicle Towed?,CP Contact Area - Rear Left,CP Contact Area - Left,CP Contact Area - Front Left,CP Contact Area - Rear,CP Contact Area - Top,CP Contact Area - Front,CP Contact Area - Rear Right,CP Contact Area - Right,CP Contact Area - Front Right,CP Contact Area - Bottom,CP Contact Area - Unknown,SV Pre-Crash Movement,SV Any Air Bags Deployed?,SV Was Vehicle Towed?,SV Were All Passengers Belted?,SV Precrash Speed (MPH),SV Pre-crash Speed - Unknown,SV Contact Area - Rear Left,SV Contact Area - Left,SV Contact Area - Front Left,SV Contact Area - Rear,SV Contact Area - Top,SV Contact Area - Front,SV Contact Area - Rear Right,SV Contact Area - Right,SV Contact Area - Front Right,SV Contact Area - Bottom,SV Contact Area - Unknown,Data Availability - EDR,Data Availability - Police Rpt,Data Availability - Telematics,Data Availability - Complaints,Data Availability - Video,Data Availability - Other,Data Availability - No Data,Data Availability - Unknown,Law Enforcement Investigating?,Investigating Agency,Investigating Agency - Unknown,Rep Ent Or Mfr Investigating?,Investigating Officer Name,Inv. Officer Name - Unknown,Investigating Officer Phone,Inv. Officer Phone - Unknown,Investigating Officer Email,Inv. Officer Email - Unknown,Within ODD?,Within ODD? - CBI,Narrative,Narrative - CBI?
540-7451,2,"General Motors, LLC",Update,,,MAY-2024,1GYS4RKL6MR, ,N/A,Cadillac,Escalade, ,2021, ,ba7d4b93e674f98,71920, ,Consumer,Level 2, , ,,Y, ,,Y, ,, ,Y,,, ,Y,No,,No,ADAS,, , ,Y, , , , ,Y,OnStar call,APR-2024, ,APR-2024,1:03, ,848bcbb5694b024,[MAY CONTAIN PERSONALLY IDENTIFIABLE INFORMATION], ,[MAY CONTAIN PERSONALLY IDENTIFIABLE INFORMATION], ,[MAY CONTAIN PERSONALLY IDENTIFIABLE INFORMATION], ,Denver, ,CO ,[MAY CONTAIN PERSONALLY IDENTIFIABLE INFORMATION], ,Highway / Freeway,Dry,No Unusual Conditions,65, ,Daylight, , ,Y, , , , , ,,Other Fixed Object,No Injuries Reported,Yes,,,, , , , , , , , , , , ,Proceeding Straight,Yes,Yes,Yes,50, , ,Y,Y, , , , , , , , , , ,Y, , ,Y, , ,Unknown,,Y,No,,Y,,Y,,Y,Yes, ,"GM is submitting this report to update the Subject Vehicle ""Was Vehicle Towed"" field from ""Unknown"" to ""Yes"" based on new information in a police report. On  April [XXX], 2024, a 2021 model year Cadillac Escalade was traveling west on [XXX] in Denver, Colorado in the farthest left lane.  According to the OnStar call, the driver claims he reached for a water bottle in the side door while the vehicle was in Super Cruise and then the vehicle crashed into the left median guardrail.  According to vehicle telematics, the driver side and frontal airbags and pretensioner deployed. Super Cruise was engaged and active  for 3 seconds prior to the crash and an override state was recorded  approximately 1.5 seconds prior to the crash.  A subject vehicle speed of approximately 50 mph was recorded at 1.5 seconds prior to impact.",
28349-6820,3,"Lucid USA, Inc.",Update,,,MAY-2024,50EA1GBA5PA, ,N/A,LUCID AIR,GRAND TOURING, ,2023, ,dd6ce3209c07e9d,1824, ,Consumer,"[REDACTED, MAY CONTAIN CONFIDENTIAL BUSINESS INFORMATION]", ,Y,"[REDACTED, MAY CONTAIN CONFIDENTIAL BUSINESS INFORMATION]", ,Y,"[REDACTED, MAY CONTAIN CONFIDENTIAL BUSINESS INFORMATION]", ,Y,,Y, ,,, ,Y,No,,No,ADAS,, , ,Y, , , , , ,,DEC-2023, ,DEC-2023,06:01, ,e99bd9851a415e6,[MAY CONTAIN PERSONALLY IDENTIFIABLE INFORMATION], ,[MAY CONTAIN PERSONALLY IDENTIFIABLE INFORMATION], ,[MAY CONTAIN PERSONALLY IDENTIFIABLE INFORMATION], ,COLUMBIA, ,MD ,,Y,Highway / Freeway,Unknown,Unknown,,Y,Dawn / Dusk, , , ,Y, , , , ,,Unknown,No Injuries Reported,Unknown,Unknown,Unknown,Unknown, , , , , , , , , , ,Y,Proceeding Straight,Yes,Yes,Yes,66, , , ,Y, , ,Y, , ,Y, , , , ,Y, , , , , ,Unknown,,Y,Yes,,Y,,Y,,Y,"[REDACTED, MAY CONTAIN CONFIDENTIAL BUSINESS INFORMATION]",Y,"Following a customer call on Dec [XXX], 2023, Lucid investigated this incident. Pre-crash movement through telematics data shows the Lucid Air proceeding straight with a speed of 66 mph on Dec [XXX], 2023 before the data loss between 6:01:31-6:01:52 PST (time of incident). Initial information indicates that the Lucid Air was towed to [XXX], Elkridge, MD 21075, that only the driver-seatbelt was buckled, and an airbag deployment was confirmed. No injuries were reported at this time. Telematics reveal that Highway Assist, an SAE Level 2 ADAS feature, was active and was disengaged at 6:01:17 PST, 14 seconds prior to the data loss presumed to indicate the accident, via a lateral override on the steering wheel. The telematics data shows that the location of the Lucid Air before the data loss was on the [XXX] from Northbound [XXX] in Columbia, Maryland. The speed of the Lucid Air at impact is 66 mph.",Y
13781-7574,2,"Tesla, Inc.",10-Day Update,,,APR-2024,7SAYGDEE3PF, ,N/A,Tesla,Model Y, ,2023, ,969192c64ba6279,36171, ,In-Vehicle (Commercial / Test),"[REDACTED, MAY CONTAIN CONFIDENTIAL BUSINESS INFORMATION]", ,Y,"[REDACTED, MAY CONTAIN CONFIDENTIAL BUSINESS INFORMATION]", ,Y,"[REDACTED, MAY CONTAIN CONFIDENTIAL BUSINESS INFORMATION]", ,Y,,Y, ,,, ,Y,No,,No,ADAS,Tesla, , , , ,Y,Y, , ,,APR-2024, ,APR-2024,14:01, ,ae204cfacc3157a,[MAY CONTAIN PERSONALLY IDENTIFIABLE INFORMATION], ,[MAY CONTAIN PERSONALLY IDENTIFIABLE INFORMATION], ,[MAY CONTAIN PERSONALLY IDENTIFIABLE INFORMATION], ,Austin, ,TX ,[MAY CONTAIN PERSONALLY IDENTIFIABLE INFORMATION], ,Street,Dry,No Unusual Conditions,35, ,Daylight,Y, , , , , , , ,,Non-Motorist: Pedestrian,No Injuries Reported,Yes,"Other, see Narrative",,, , , , , , , , , , , ,Proceeding Straight,No,No,Yes,23, , ,Y, , , , , , , , , , , , , ,Y,Y, , ,Unknown,,Y,Unknown,,Y,,Y,,Y,"[REDACTED, MAY CONTAIN CONFIDENTIAL BUSINESS INFORMATION]",Y,"[REDACTED, MAY CONTAIN CONFIDENTIAL BUSINESS INFORMATION]",Y
13781-7594,1,"Tesla, Inc.",5-Day,,,APR-2024,7SAXCAE50NF, ,N/A,Tesla,Model X, ,2022, ,bcddb28082ff994,14252, ,Consumer,"[REDACTED, MAY CONTAIN CONFIDENTIAL BUSINESS INFORMATION]", ,Y,"[REDACTED, MAY CONTAIN CONFIDENTIAL BUSINESS INFORMATION]", ,Y,"[REDACTED, MAY CONTAIN CONFIDENTIAL BUSINESS INFORMATION]", ,Y,,Y, ,,, ,Y,No,,No,ADAS,, , ,Y, , , , , ,,APR-2024, ,APR-2024,15:29, ,a268ef3756c961e,[MAY CONTAIN PERSONALLY IDENTIFIABLE INFORMATION], ,[MAY CONTAIN PERSONALLY IDENTIFIABLE INFORMATION], ,[MAY CONTAIN PERSONALLY IDENTIFIABLE INFORMATION], ,Oakland, ,FL ,[MAY CONTAIN PERSONALLY IDENTIFIABLE INFORMATION], ,Highway / Freeway,Dry,Unknown,70, ,Daylight,Y, , , , , , , ,,Unknown,Unknown,Unknown,Unknown,Unknown,Unknown, , , , , , , , , , ,Y,Proceeding Straight,Yes,Unknown,Unknown,25, , , , , , , , , , , ,Y,Y, ,Y, ,Y,Y, , ,Unknown,,Y,Unknown,,Y,,Y,,Y,"[REDACTED, MAY CONTAIN CONFIDENTIAL BUSINESS INFORMATION]",Y,"[REDACTED, MAY CONTAIN CONFIDENTIAL BUSINESS INFORMATION]",Y
13781-7593,1,"Tesla, Inc.",5-Day,,,APR-2024,7SAYGDEE0RA, ,N/A,Tesla,Model Y, ,2024, ,92fab4aa3cb961c,1974, ,Consumer,"[REDACTED, MAY CONTAIN CONFIDENTIAL BUSINESS INFORMATION]", ,Y,"[REDACTED, MAY CONTAIN CONFIDENTIAL BUSINESS INFORMATION]", ,Y,"[REDACTED, MAY CONTAIN CONFIDENTIAL BUSINESS INFORMATION]", ,Y,,Y, ,,, ,Y,No,,No,ADAS,, , ,Y, , , , , ,,APR-2024, ,APR-2024,14:11, ,05946fa3c681ae3,[MAY CONTAIN PERSONALLY IDENTIFIABLE INFORMATION], ,[MAY CONTAIN PERSONALLY IDENTIFIABLE INFORMATION], ,[MAY CONTAIN PERSONALLY IDENTIFIABLE INFORMATION], ,Phoenix, ,AZ ,[MAY CONTAIN PERSONALLY IDENTIFIABLE INFORMATION], ,Highway / Freeway,Dry,Unknown,55, ,Daylight,Y, , , , , , , ,,Unknown,Unknown,Yes,Unknown,Unknown,Unknown, , , , , , , , , , ,Y,Unknown,Yes,Unknown,Unknown,53, , , , , , , , , , , ,Y,Y, ,Y, ,Y,Y, , ,Unknown,,Y,Unknown,,Y,,Y,,Y,"[REDACTED, MAY CONTAIN CONFIDENTIAL BUSINESS INFORMATION]",Y,"[REDACTED, MAY CONTAIN CONFIDENTIAL BUSINESS INFORMATION]",Y
13781-7592,1,"Tesla, Inc.",5-Day,,,APR-2024,5YJSA1E62MF, ,N/A,Tesla,Model S, ,2021, ,76d229d3ad00379,43588, ,Consumer,"[REDACTED, MAY CONTAIN CONFIDENTIAL BUSINESS INFORMATION]", ,Y,"[REDACTED, MAY CONTAIN CONFIDENTIAL BUSINESS INFORMATION]", ,Y,"[REDACTED, MAY CONTAIN CONFIDENTIAL BUSINESS INFORMATION]", ,Y,,Y, ,,, ,Y,No,,No,ADAS,, , ,Y, , , , , ,,APR-2024, ,APR-2024,16:14, ,a56987aa25c955b,[MAY CONTAIN PERSONALLY IDENTIFIABLE INFORMATION], ,[MAY CONTAIN PERSONALLY IDENTIFIABLE INFORMATION], ,[MAY CONTAIN PERSONALLY IDENTIFIABLE INFORMATION], ,Primm, ,NV ,[MAY CONTAIN PERSONALLY IDENTIFIABLE INFORMATION], ,Highway / Freeway,Unknown,Unknown,70, ,Unknown, , , , , , ,Y, ,,Unknown,Unknown,Yes,Unknown,Unknown,Unknown, , , , , , , , , , ,Y,Proceeding Straight,Yes,Unknown,Unknown,81, , , , , , , , , , , ,Y,Y, ,Y, , ,Y, , ,Unknown,,Y,Unknown,,Y,,Y,,Y,"[REDACTED, MAY CONTAIN CONFIDENTIAL BUSINESS INFORMATION]",Y,"[REDACTED, MAY CONTAIN CONFIDENTIAL BUSINESS INFORMATION]",Y
945-7588,1,"Nissan North America, Inc.",5-Day,,,APR-2024,JN1BF0BA0PM, ,N/A,Nissan,Ariya, ,2023, ,0b30f3c08db1ac0,15000, ,Consumer,PROPILOT ASSIST 2.0, , ,,Y, ,,Y, ,,Y, ,,,Y, ,Unknown,,No,ADAS,, ,Y,Y, , , , , ,,APR-2024, ,APR-2024,17:40, ,3d99e3452eb41a2,[MAY CONTAIN PERSONALLY IDENTIFIABLE INFORMATION], ,[MAY CONTAIN PERSONALLY IDENTIFIABLE INFORMATION], ,,Y,,Y,MA ,,Y,Highway / Freeway,Unknown,Unknown,,Y,Daylight, , , , , , ,Y, ,,Unknown,No Injuries Reported,Unknown,Unknown,Unknown,Unknown, , , , , , , , , , ,Y,Unknown,Yes,Yes,Unknown,,Y, , , , , , , , , , ,Y, , ,Y,Y, , , , ,Unknown,,Y,Yes,,Y,,Y,,Y,Yes, ,"The information contained in this report is based on Nissan's notification via telematics that a vehicle equipped with Pro Pilot Assist 2.0 was involved in an incident involving an air bag deployment, as well as Nissan's understanding of the allegations received during Claimant's discussions with Nissan's Consumer Affairs representatives on 4/24/2024. The system was active within 30 seconds of the incident. The deployment took place on [XXX] between [XXX] and [XXX].
Nissan is currently examining its ability to provide additional details that may be protected by consumer privacy laws.
On 4/24/2024, the Claimant orally stated that the vehicle did not stop when the customer pressed the brake. The Claimant also stated that the ""self-driving"" mode did not stop the vehicle. The vehicle was towed to a Nissan dealership.
Nissan is gathering additional information and will supplement with the monthly report.",
13781-7587,1,"Tesla, Inc.",5-Day,,,APR-2024,7SAYGDEE6PA, ,N/A,Tesla,Model Y, ,2023, ,f9ca70d67c6b6af,7880, ,Consumer,"[REDACTED, MAY CONTAIN CONFIDENTIAL BUSINESS INFORMATION]", ,Y,"[REDACTED, MAY CONTAIN CONFIDENTIAL BUSINESS INFORMATION]", ,Y,"[REDACTED, MAY CONTAIN CONFIDENTIAL BUSINESS INFORMATION]", ,Y,,Y, ,,, ,Y,No,,No,ADAS,, , ,Y, , , , , ,,APR-2024, ,APR-2024,15:03, ,c3a06da214f58c5,[MAY CONTAIN PERSONALLY IDENTIFIABLE INFORMATION], ,[MAY CONTAIN PERSONALLY IDENTIFIABLE INFORMATION], ,[MAY CONTAIN PERSONALLY IDENTIFIABLE INFORMATION], ,Roseville, ,MN ,[MAY CONTAIN PERSONALLY IDENTIFIABLE INFORMATION], ,Highway / Freeway,Dry,No Unusual Conditions,60, ,Daylight,Y, , , , , , , ,,Pickup Truck,Unknown,Yes,"Other, see Narrative",Unknown,Unknown, ,Y,Y, , , , , , , , ,Proceeding Straight,Yes,Unknown,Unknown,62, , , , , , , ,Y,Y,Y, , ,Y, ,Y, ,Y,Y, , ,Unknown,,Y,Unknown,,Y,,Y,,Y,"[REDACTED, MAY CONTAIN CONFIDENTIAL BUSINESS INFORMATION]",Y,"[REDACTED, MAY CONTAIN CONFIDENTIAL BUSINESS INFORMATION]",Y
13781-7586,1,"Tesla, Inc.",5-Day,,,APR-2024,7SAYGDEE3PF, ,N/A,Tesla,Model Y, ,2023, ,5fd68d8e3978052,5140, ,Consumer,"[REDACTED, MAY CONTAIN CONFIDENTIAL BUSINESS INFORMATION]", ,Y,"[REDACTED, MAY CONTAIN CONFIDENTIAL BUSINESS INFORMATION]", ,Y,"[REDACTED, MAY CONTAIN CONFIDENTIAL BUSINESS INFORMATION]", ,Y,,Y, ,,, ,Y,No,,No,ADAS,, , ,Y, , , , , ,,APR-2024, ,APR-2024,13:48, ,7f64f8f07a664f1,[MAY CONTAIN PERSONALLY IDENTIFIABLE INFORMATION], ,[MAY CONTAIN PERSONALLY IDENTIFIABLE INFORMATION], ,[MAY CONTAIN PERSONALLY IDENTIFIABLE INFORMATION], ,Bridgewater, ,NJ ,[MAY CONTAIN PERSONALLY IDENTIFIABLE INFORMATION], ,Unknown,Unknown,Unknown,50, ,Unknown, , , , , , ,Y, ,,Unknown,Unknown,Yes,Unknown,Unknown,Unknown, , , , , , , , , , ,Y,Proceeding Straight,Yes,Unknown,Unknown,24, , , , , , , , , , , ,Y,Y, ,Y, , ,Y, , ,Unknown,,Y,Unknown,,Y,,Y,,Y,"[REDACTED, MAY CONTAIN CONFIDENTIAL BUSINESS INFORMATION]",Y,"[REDACTED, MAY CONTAIN CONFIDENTIAL BUSINESS INFORMATION]",Y
13781-7585,1,"Tesla, Inc.",5-Day,,,APR-2024,5YJ3E1EA2PF, ,N/A,Tesla,Model 3, ,2023, ,87d723b313ca0fe,8553, ,Consumer,"[REDACTED, MAY CONTAIN CONFIDENTIAL BUSINESS INFORMATION]", ,Y,"[REDACTED, MAY CONTAIN CONFIDENTIAL BUSINESS INFORMATION]", ,Y,"[REDACTED, MAY CONTAIN CONFIDENTIAL BUSINESS INFORMATION]", ,Y,,Y, ,,, ,Y,No,,No,ADAS,, , ,Y, , , , , ,,APR-2024, ,APR-2024,13:40, ,3a6ba9f1419fafa,[MAY CONTAIN PERSONALLY IDENTIFIABLE INFORMATION], ,[MAY CONTAIN PERSONALLY IDENTIFIABLE INFORMATION], ,[MAY CONTAIN PERSONALLY IDENTIFIABLE INFORMATION], ,Springfield, ,VA ,[MAY CONTAIN PERSONALLY IDENTIFIABLE INFORMATION], ,Street,Dry,Unknown,35, ,Daylight, , ,Y, , , , , ,,Unknown,Unknown,Yes,Unknown,Unknown,Unknown, , , , , , , , , , ,Y,"Other, see Narrative",Yes,Unknown,Unknown,13, , , , , , , , , , , ,Y,Y, ,Y, ,Y,Y, , ,Unknown,,Y,Unknown,,Y,,Y,,Y,"[REDACTED, MAY CONTAIN CONFIDENTIAL BUSINESS INFORMATION]",Y,"[REDACTED, MAY CONTAIN CONFIDENTIAL BUSINESS INFORMATION]",Y
29990-7562,2,"Rivian Automotive, LLC",Update,,,APR-2024,7PDSGABA9PN, ,N/A,Rivian,R1S, ,2023, ,267917ad4026596,15261, ,Consumer,,Y, ,,Y, ,,Y, ,,Y, ,,, ,Y,No,,No,"Unknown, see Narrative",, , ,Y, , , , , ,,APR-2024, ,APR-2024,15:41, ,89a88cca1402d0a,,Y,,Y,,Y,Durham, ,NC ,,Y,Highway / Freeway,Dry,Unknown,,Y,Unknown, , , , , , ,Y, ,,Unknown,Unknown,Unknown,Unknown,Unknown,Unknown, , , , , , , , , , ,Y,Proceeding Straight,Yes,Unknown,"No, see Narrative",50, , , , , , , , , , , ,Y, , , , , , , ,Y,Unknown,,Y,Unknown,,Y,,Y,,Y,Yes, ,"04/26/24 Update: This report was mistakenly filed as a 1-day report but actually fits the criteria of a 5-day report. Any updates will be reported to the agency by May 15, 2024.
While the Rivian was in Highway Assist (HWA), the driver unbuckled the seatbelt, which disengaged HWA.  The Rivian was under the drivers control with HWA disengaged when the crash occurred.",
540-7579,1,"General Motors, LLC",5-Day,,,APR-2024,1GYS4GKL1PR, ,N/A,Cadillac,Escalade, ,2023, ,ac06b3dc03486f6,23851, ,Consumer,Level 2, , ,,Y, ,,Y, ,, ,Y,,, ,Y,No,,No,ADAS,, , ,Y,Y, , , ,Y,OnStar Call,APR-2024, ,APR-2024,17:33, ,778679ce2b2065a,[MAY CONTAIN PERSONALLY IDENTIFIABLE INFORMATION], ,[MAY CONTAIN PERSONALLY IDENTIFIABLE INFORMATION], ,[MAY CONTAIN PERSONALLY IDENTIFIABLE INFORMATION], ,Cleveland, ,OH ,[MAY CONTAIN PERSONALLY IDENTIFIABLE INFORMATION], ,Highway / Freeway,Dry,No Unusual Conditions,60, ,Daylight, , ,Y, , , , , ,,Other Fixed Object,No Injuries Reported,Yes,,,, , , , , , , , , , , ,Lane / Road Departure,Yes,Yes,"No, see Narrative",,Y, , , , , , , , , , ,Y, ,Y,Y, , ,Y, , ,Yes,Cleveland Police Department, ,No,[MAY CONTAIN PERSONALLY IDENTIFIABLE INFORMATION], ,,Y,,Y,Yes, ,"On April [XXX], 2024, a 2023 Escalade was traveling northeast on [XXX] in Cleveland, Ohio with Super Cruise engaged.  According to the OnStar call, the driver claims the vehicle was engaged in Super Cruise mode and disengaged suddenly, causing the vehicle to veer to the left, hitting a cement barrier.  According to a police report, the vehicle then deflected to the right across the highway, impacting the guardrail located on the right shoulder where it came to a rest facing oncoming traffic (180-degree rotation). According to vehicle telematics data, Super Cruise was engaged and active 36 seconds prior to the crash and disabled approximately 13 seconds prior to the crash.  The driver front airbag and pretensioner deployed.  The driver did not have his seat belt buckled.",
502-7426,3,Ford Motor Company,Update,,,APR-2024,3FMTK2SU3NM, ,N/A,Ford,Mach-E, ,2022, ,6ac4b22159ead15,19770, ,Consumer,CoPilot 360 Active2.0, , ,"[REDACTED, MAY CONTAIN CONFIDENTIAL BUSINESS INFORMATION]", ,Y,"[REDACTED, MAY CONTAIN CONFIDENTIAL BUSINESS INFORMATION]", ,Y,,Y, ,,, ,Y,No,,No,ADAS,, , , ,Y, , , , ,,MAR-2024, ,APR-2024,03:20, ,5568200e85fa64f,,Y,,Y,[MAY CONTAIN PERSONALLY IDENTIFIABLE INFORMATION], ,Philadelphia, ,PA ,,Y,Highway / Freeway,Dry,"Other, see Narrative",55, ,"Other, see Narrative",Y, , , , , , , ,,Passenger Car,Fatality,Yes,Stopped,Unknown,Unknown,Y,Y,Y,Y,Y,Y,Y,Y,Y,Y, ,Proceeding Straight,Yes,Yes,Yes,72, ,Y,Y,Y, , ,Y, , ,Y, , ,Y,Y,Y, , , , , ,Yes,Pennsylvania  State Police, ,Yes,[MAY CONTAIN PERSONALLY IDENTIFIABLE INFORMATION], ,,Y,,Y,"Unknown, see Narrative", ,"On April 4, 2024, NTSB asked Ford about an incident involving a Mach-E that occurred in Pennsylvania on March [XXX], 2024. Ford was not previously aware of the incident and was subsequently told that there were two fatalities and that the driver of the Mach-E alleged that BlueCruise was engaged at the time of the incident. A police report obtained by Ford on April 11, 2024 states that the accident occurred in Philadelphia, Pennsylvania on March [XXX], 2024 at 3:20 a.m. in the northbound lanes of [XXX] near mile marker 27.4. The report states that a disabled 2006 Toyota Prius was stopped in the left lane of traffic and that a 2012 Hyundai Elantra had stopped behind the Prius. The report further states that a 2022 Mach-E traveling in the left lane struck the Elantra from behind and that this initial collision pushed the Elantra forward, causing it to strike the Prius. The report states that the driver of the Hyundai and the driver of the Prius (who had exited the vehicle and was classified as a pedestrian) both sustained fatal injuries from the crash.
Based on further investigation, the following reflects Ford's understanding of the responsive facts and circumstances regarding this incident. On Sunday, March [XXX], 2024, about 3:20 a.m. eastern standard time, a 2022 Ford Mustang Mach-E electric-powered sport utility vehicle was traveling northbound in the left lane on [XXX] ([XXX]) in Philadelphia, Pennsylvania. The Mach-E was equipped with advanced driver assistance systems, including those providing partial automation capabilities that Ford refers to as ""BlueCruise"". Vehicle-based data obtained post-crash indicates that the vehicle's 23-year-old driver was using BlueCruise as it approached mile marker 26.8. At this location, [XXX] consisted of six traffic lanes, three each in the north- and southbound directions. The opposing lanes were divided by a concrete median barrier and the posted speed limit was 55 mph. some roadway lighting was present in this section of [XXX]. The Mach-E encountered two passenger vehicles that were stopped in the travel lanes of [XXX]. The Mach-E collided with the rear of the stationary 2012 Hyundai Elantra, which was attended by a 20-year-old driver. The Hyundai then collided with the rear of the stopped 2006 Toyota Prius, attended by a 21-year-old driver. At the time of the crash, the Hyundai driver was exiting the vehicle while the Toyota driver was standing near the front of the Hyundai. As a result of the crash, the drivers of both the Hyundai and Toyota were fatally injured. The Mach-E driver sustained minor injuries. At the time of the crash, the weather was clear and road surface was dry. Ford is informed of a pending police investigation regarding the Mach-E driver's potential impairment.",