Report ID,Report Version,Reporting Entity,Report Type,Report Month,Report Year,Report Submission Date,VIN,VIN - Unknown,Serial Number,Make,Model,Model - Unknown,Model Year,Model Year - Unknown,Same Vehicle ID,Mileage,Mileage - Unknown,Driver / Operator Type,ADAS/ADS System Version,ADAS/ADS System Version - Unk,ADAS/ADS System Version CBI,ADAS/ADS Hardware Version,ADAS/ADS Hardware Version - Unk,ADAS/ADS Hardware Version CBI,ADAS/ADS Software Version,ADAS/ADS Software Version - Unk,ADAS/ADS Software Version CBI,Other Reporting Entities?,Other Reporting Entities? - Unk,Other Reporting Entities? - NA,Federal Regulatory Exemption?,Other Federal Reg. Exemption,Federal Reg. Exemption - Unk,Federal Reg. Exemption - No,State or Local Permit?,State or Local Permit,ADS Equipped?,Automation System Engaged?,Operating Entity,Operating Entity - Unknown,Source - Complaint/Claim,Source - Telematics,Source - Law Enforcement,Source - Field Report,Source - Testing,Source - Media,Source - Other,Source - Other Text,Incident Date,Incident Date - Unknown,Notice Received Date,Incident Time (24:00),Incident Time - Unknown,Same Incident ID,Latitude,Latitude - Unknown,Longitude,Longitude - Unknown,Address,Address - Unknown,City,City - Unknown,State,Zip Code,Zip Code - Unknown,Roadway Type,Roadway Surface,Roadway Description,Posted Speed Limit (MPH),Posted Speed Limit - Unknown,Lighting,Weather - Clear,Weather - Snow,Weather - Cloudy,Weather - Fog/Smoke,Weather - Rain,Weather - Severe Wind,Weather - Unknown,Weather - Other,Weather - Other Text,Crash With,Highest Injury Severity Alleged,Property Damage?,CP Pre-Crash Movement,CP Any Air Bags Deployed?,CP Was Vehicle Towed?,CP Contact Area - Rear Left,CP Contact Area - Left,CP Contact Area - Front Left,CP Contact Area - Rear,CP Contact Area - Top,CP Contact Area - Front,CP Contact Area - Rear Right,CP Contact Area - Right,CP Contact Area - Front Right,CP Contact Area - Bottom,CP Contact Area - Unknown,SV Pre-Crash Movement,SV Any Air Bags Deployed?,SV Was Vehicle Towed?,SV Were All Passengers Belted?,SV Precrash Speed (MPH),SV Pre-crash Speed - Unknown,SV Contact Area - Rear Left,SV Contact Area - Left,SV Contact Area - Front Left,SV Contact Area - Rear,SV Contact Area - Top,SV Contact Area - Front,SV Contact Area - Rear Right,SV Contact Area - Right,SV Contact Area - Front Right,SV Contact Area - Bottom,SV Contact Area - Unknown,Data Availability - EDR,Data Availability - Police Rpt,Data Availability - Telematics,Data Availability - Complaints,Data Availability - Video,Data Availability - Other,Data Availability - No Data,Data Availability - Unknown,Law Enforcement Investigating?,Investigating Agency,Investigating Agency - Unknown,Rep Ent Or Mfr Investigating?,Investigating Officer Name,Inv. Officer Name - Unknown,Investigating Officer Phone,Inv. Officer Phone - Unknown,Investigating Officer Email,Inv. Officer Email - Unknown,Within ODD?,Within ODD? - CBI,Narrative,Narrative - CBI?
502-7268,4,Ford Motor Company,Update,,,APR-2024,3FMTK3R77NM, ,N/A,Ford,Mach-E, ,2022, ,8a7a31c3f6ec5d6,11951, ,Consumer,CoPilot 360 Active 2.0, , ,"[REDACTED, MAY CONTAIN CONFIDENTIAL BUSINESS INFORMATION]", ,Y,"[REDACTED, MAY CONTAIN CONFIDENTIAL BUSINESS INFORMATION]", ,Y,, ,Y,,, ,Y,No,,No,ADAS,, , , , , , ,Y, ,,FEB-2024, ,MAR-2024,21:50, ,594a4ee91cc1b56,,Y,,Y,[MAY CONTAIN PERSONALLY IDENTIFIABLE INFORMATION], ,San Antonio, ,TX ,,Y,Highway / Freeway,Dry,No Unusual Conditions,70, ,Dark - Unknown Lighting,Y, , , , , , , ,,SUV,Fatality,Yes,Stopped,Yes,Yes, , , ,Y, , , , , ,Y, ,Proceeding Straight,Yes,Yes,Yes,70, , , ,Y, ,Y,Y, , ,Y, , ,Y,Y,Y, , ,Y, , ,Yes,San Antonio Police Dept, ,Yes,[MAY CONTAIN PERSONALLY IDENTIFIABLE INFORMATION], ,,Y,,Y,Yes, ,"On March 8, 2024, an individual posted comments in a social media vehicle forum alleging an incident that occurred while he was driving a Ford Mach-E vehicle. The customer stated that he was traveling at 70 MPH and operating the vehicle in hands-free BlueCruise mode. The driver stated that he did not see and the BlueCruise system did not identify an SUV stopped in ""the middle of the freeway"" and that he crashed into the SUV.  On March 8, 2024, Ford obtained a police report regarding this incident which states that the accident occurred on February [XXX], 2024, at approximately 9:50 p.m. and that the driver of the other vehicle (stopped in the middle lane of three lanes with lights off) was pronounced deceased at a hospital that evening. 
Based on further investigation, the following reflects Ford's understanding of the responsive facts and circumstances regarding this incident. On Saturday, February [XXX], 2024, about 9:50 p.m. central standard time, a 2022 Ford Mustang Mach-E electric-powered sport utility vehicle occupied by a 44-year-old driver was traveling east on [XXX] ([XXX]) in San Antonio, Bexar County, Texas, when it collided with the rear of a stationary 1999 Honda CR-V occupied by a 56-year-old driver. The Mach-E was equipped with advanced driver assistance systems, including those providing partial automation capabilities that Ford refers to a s ""BlueCruise"" and data obtained from the vehicle post-crash indicates that the vehicle was being operated in BlueCruise mode prior to the crash. The Mach-E was approaching [XXX] and was in the center lane of the roadway when it encountered the Honda. This section of [XXX] consisted of six traffic lanes, three each in the west- and eastbound directions. The opposing lanes were divided by a concrete median barrier and the posted speed limit was 70 mph. Following the collision, the Honda overturned and came to rest in the left lane. The Mach-E continued to the east and came to rest in the right lane. The weather was clear, and some roadway lighting was present in this section of [XXX]. As a result of the crash, the driver of the Honda was fatally injured, and the Ford driver sustained minor injuries. A witness who had been traveling in the center lane of eastbound [XXX] in front of the Ford reported that she encountered the stopped Honda in the center lane and that the vehicle's tail or hazard lights were not illuminated. The witness changed lanes to the right to avoid striking the vehicle and later, in her rearview mirror, saw another vehicle strike the stopped Honda.",
62-7319,3,Honda (American Honda Motor Co.),Update,,,APR-2024,1HGCV1F53LA, ,N/A,HONDA,ACCORD, ,2020, ,35f7592f8f29540,71918, ,Consumer,ACC/LKAS, , ,,Y, ,,Y, ,, ,Y,,, ,Y,No,,No,ADAS,, , , , , , , ,Y,Fleet Response,MAR-2024, ,MAR-2024,13:25, ,90b0f7119a3b622,,Y,,Y,,Y,Louisville, ,KY ,,Y,Highway / Freeway,Dry,No Unusual Conditions,70, ,Daylight, , , , , , ,Y, ,,Heavy Truck,No Injuries Reported,No,Proceeding Straight,No,No,Y,Y, , , , , , , , , ,Proceeding Straight,No,No,Yes,78, , , , ,Y, , , , , , , , , , , , ,Y, , ,Yes,Louisville Metro Police, ,No,,Y,,Y,,Y,Yes, ,"On [XXX], a Honda Accord equipped with LKAS and ACC was speeding at 78 MPH in a 70 MPH zone. Both systems were actively engaged when the Accord's brakes unexpectedly activated and LKAS jerked the steering, causing a collision with a 10-wheeler. There was no manual disengagement of these systems or known issues before the incident.
Post-crash, there were no injuries, fatalities, or airbag deployments. Neither vehicle required towing. The incident, involving an American Honda associate in a company vehicle, was reported to Fleet Response and then to Honda's Product Regulatory Office for review.
This is an update to REPORT ID 62-7319-2, correcting the vehicle status as repaired. The vehicle has been repaired and returned to the driver. No new media sources were used in this update.",
13781-7574,1,"Tesla, Inc.",1-Day,,,APR-2024,7SAYGDEE3PF, ,N/A,Tesla,Model Y, ,2023, ,969192c64ba6279,36171, ,In-Vehicle (Commercial / Test),"[REDACTED, MAY CONTAIN CONFIDENTIAL BUSINESS INFORMATION]", ,Y,"[REDACTED, MAY CONTAIN CONFIDENTIAL BUSINESS INFORMATION]", ,Y,"[REDACTED, MAY CONTAIN CONFIDENTIAL BUSINESS INFORMATION]", ,Y,,Y, ,,, ,Y,No,,No,ADAS,Tesla, , , , ,Y,Y, , ,,APR-2024, ,APR-2024,14:01, ,ae204cfacc3157a,[MAY CONTAIN PERSONALLY IDENTIFIABLE INFORMATION], ,[MAY CONTAIN PERSONALLY IDENTIFIABLE INFORMATION], ,[MAY CONTAIN PERSONALLY IDENTIFIABLE INFORMATION], ,Austin, ,TX ,[MAY CONTAIN PERSONALLY IDENTIFIABLE INFORMATION], ,Street,Dry,No Unusual Conditions,35, ,Daylight,Y, , , , , , , ,,Non-Motorist: Pedestrian,No Injuries Reported,Yes,"Other, see Narrative",,, , , , , , , , , , , ,Proceeding Straight,No,No,Yes,23, , ,Y, , , , , , , , , , , , , ,Y,Y, , ,Unknown,,Y,Unknown,,Y,,Y,,Y,"[REDACTED, MAY CONTAIN CONFIDENTIAL BUSINESS INFORMATION]",Y,"[REDACTED, MAY CONTAIN CONFIDENTIAL BUSINESS INFORMATION]",Y
13781-7572,1,"Tesla, Inc.",5-Day,,,APR-2024,7SAYGDEE4PA, ,N/A,Tesla,Model Y, ,2023, ,92f0f619d725384,9662, ,Consumer,"[REDACTED, MAY CONTAIN CONFIDENTIAL BUSINESS INFORMATION]", ,Y,"[REDACTED, MAY CONTAIN CONFIDENTIAL BUSINESS INFORMATION]", ,Y,"[REDACTED, MAY CONTAIN CONFIDENTIAL BUSINESS INFORMATION]", ,Y,,Y, ,,, ,Y,No,,No,ADAS,, , ,Y, , , , , ,,APR-2024, ,APR-2024,14:53, ,ecd64db6925b56f,[MAY CONTAIN PERSONALLY IDENTIFIABLE INFORMATION], ,[MAY CONTAIN PERSONALLY IDENTIFIABLE INFORMATION], ,[MAY CONTAIN PERSONALLY IDENTIFIABLE INFORMATION], ,Plano, ,TX ,[MAY CONTAIN PERSONALLY IDENTIFIABLE INFORMATION], ,Highway / Freeway,Dry,Unknown,70, ,Daylight, , ,Y, , , , , ,,Unknown,Unknown,Yes,Unknown,Unknown,Unknown, , , , , , , , , , ,Y,Proceeding Straight,Unknown,Yes,Unknown,1, , , , , , , , , , , ,Y, , ,Y, ,Y,Y, , ,Unknown,,Y,Unknown,,Y,,Y,,Y,"[REDACTED, MAY CONTAIN CONFIDENTIAL BUSINESS INFORMATION]",Y,"[REDACTED, MAY CONTAIN CONFIDENTIAL BUSINESS INFORMATION]",Y
13781-7570,1,"Tesla, Inc.",5-Day,,,APR-2024,7SAYGDEE7PA, ,N/A,Tesla,Model Y, ,2023, ,dab72d7952f6f25,19372, ,Consumer,"[REDACTED, MAY CONTAIN CONFIDENTIAL BUSINESS INFORMATION]", ,Y,"[REDACTED, MAY CONTAIN CONFIDENTIAL BUSINESS INFORMATION]", ,Y,"[REDACTED, MAY CONTAIN CONFIDENTIAL BUSINESS INFORMATION]", ,Y,,Y, ,,, ,Y,No,,No,ADAS,, , ,Y, , , , , ,,APR-2024, ,APR-2024,13:16, ,a3013bb793ace5b,[MAY CONTAIN PERSONALLY IDENTIFIABLE INFORMATION], ,[MAY CONTAIN PERSONALLY IDENTIFIABLE INFORMATION], ,[MAY CONTAIN PERSONALLY IDENTIFIABLE INFORMATION], ,Melissa, ,TX ,[MAY CONTAIN PERSONALLY IDENTIFIABLE INFORMATION], ,Intersection,Dry,No Unusual Conditions,55, ,Daylight, , ,Y, , , , , ,,SUV,Unknown,Yes,Making Left Turn,Unknown,Unknown, , ,Y, , ,Y, , ,Y, , ,"Other, see Narrative",Yes,Unknown,Unknown,27, , , , , , , ,Y,Y, , , ,Y, ,Y, ,Y,Y, , ,Unknown,,Y,Unknown,,Y,,Y,,Y,"[REDACTED, MAY CONTAIN CONFIDENTIAL BUSINESS INFORMATION]",Y,"[REDACTED, MAY CONTAIN CONFIDENTIAL BUSINESS INFORMATION]",Y
13781-7567,1,"Tesla, Inc.",1-Day,,,APR-2024,5YJSA1E51NF, ,N/A,Tesla,Model S, ,2022, ,c86a0e56bfc1f1a,,Y,Consumer,"[REDACTED, MAY CONTAIN CONFIDENTIAL BUSINESS INFORMATION]",Y,Y,"[REDACTED, MAY CONTAIN CONFIDENTIAL BUSINESS INFORMATION]", ,Y,"[REDACTED, MAY CONTAIN CONFIDENTIAL BUSINESS INFORMATION]",Y,Y,,Y, ,,, ,Y,No,,No,"Unknown, see Narrative",, , , , , , ,Y,Y,NHTSA,APR-2024, ,APR-2024,15:45, ,d64f2f7824d7f5f,,Y,,Y,[MAY CONTAIN PERSONALLY IDENTIFIABLE INFORMATION], ,Snohomish, ,WA ,,Y,Highway / Freeway,Unknown,Unknown,,Y,Unknown, , , , , , ,Y, ,,Motorcycle,Fatality,Yes,Unknown,Unknown,Unknown, , , , , , , , , , ,Y,Unknown,Unknown,Unknown,Unknown,,Y, , , , , , , , , , ,Y, , , , , , , ,Y,Yes,Washington State Patrol, ,Unknown,[MAY CONTAIN PERSONALLY IDENTIFIABLE INFORMATION], ,,Y,[MAY CONTAIN PERSONALLY IDENTIFIABLE INFORMATION], ,"[REDACTED, MAY CONTAIN CONFIDENTIAL BUSINESS INFORMATION]",Y,"[REDACTED, MAY CONTAIN CONFIDENTIAL BUSINESS INFORMATION]",Y
13781-7566,1,"Tesla, Inc.",5-Day,,,APR-2024,7SAYGDEE5PA, ,N/A,Tesla,Model Y, ,2023, ,874ad7408b0197d,2397, ,Consumer,"[REDACTED, MAY CONTAIN CONFIDENTIAL BUSINESS INFORMATION]", ,Y,"[REDACTED, MAY CONTAIN CONFIDENTIAL BUSINESS INFORMATION]", ,Y,"[REDACTED, MAY CONTAIN CONFIDENTIAL BUSINESS INFORMATION]", ,Y,,Y, ,,, ,Y,No,,No,ADAS,, , ,Y, , , , , ,,APR-2024, ,APR-2024,12:40, ,53fbfbdbfdebe2b,[MAY CONTAIN PERSONALLY IDENTIFIABLE INFORMATION], ,[MAY CONTAIN PERSONALLY IDENTIFIABLE INFORMATION], ,[MAY CONTAIN PERSONALLY IDENTIFIABLE INFORMATION], ,Lakewood Ranch, ,FL ,[MAY CONTAIN PERSONALLY IDENTIFIABLE INFORMATION], ,Rural Road,Dry,Unknown,60, ,Daylight,Y, , , , , , , ,,Unknown,Unknown,Yes,Unknown,Unknown,Unknown, , , , , , , , , , ,Y,Proceeding Straight,Yes,Unknown,Unknown,48, , , , , , , , , , , ,Y,Y, ,Y, ,Y,Y, , ,Unknown,,Y,Unknown,,Y,,Y,,Y,"[REDACTED, MAY CONTAIN CONFIDENTIAL BUSINESS INFORMATION]",Y,"[REDACTED, MAY CONTAIN CONFIDENTIAL BUSINESS INFORMATION]",Y
13781-7564,1,"Tesla, Inc.",5-Day,,,APR-2024,5YJYGAEE6MF, ,N/A,Tesla,Model Y, ,2021, ,c5f09f95691569a,73460, ,Consumer,"[REDACTED, MAY CONTAIN CONFIDENTIAL BUSINESS INFORMATION]", ,Y,"[REDACTED, MAY CONTAIN CONFIDENTIAL BUSINESS INFORMATION]", ,Y,"[REDACTED, MAY CONTAIN CONFIDENTIAL BUSINESS INFORMATION]", ,Y,,Y, ,,, ,Y,No,,No,ADAS,, , ,Y, , , , , ,,APR-2024, ,APR-2024,14:51, ,e548477da9e6b54,[MAY CONTAIN PERSONALLY IDENTIFIABLE INFORMATION], ,[MAY CONTAIN PERSONALLY IDENTIFIABLE INFORMATION], ,[MAY CONTAIN PERSONALLY IDENTIFIABLE INFORMATION], ,Liberty Township, ,PA ,[MAY CONTAIN PERSONALLY IDENTIFIABLE INFORMATION], ,Highway / Freeway,Wet,No Unusual Conditions,70, ,Daylight, , ,Y, ,Y, , , ,,"Other, see Narrative",Unknown,Yes,Unknown,Unknown,Unknown, , , , , , , , , , ,Y,Proceeding Straight,Yes,Unknown,Unknown,,Y,Y, , ,Y, , ,Y, , ,Y, ,Y, ,Y, ,Y,Y, , ,Unknown,,Y,Unknown,,Y,,Y,,Y,"[REDACTED, MAY CONTAIN CONFIDENTIAL BUSINESS INFORMATION]",Y,"[REDACTED, MAY CONTAIN CONFIDENTIAL BUSINESS INFORMATION]",Y
29990-7562,1,"Rivian Automotive, LLC",1-Day,,,APR-2024,7PDSGABA9PN, ,N/A,Rivian,R1S, ,2023, ,267917ad4026596,15261, ,Consumer,,Y, ,,Y, ,,Y, ,,Y, ,,, ,Y,No,,No,"Unknown, see Narrative",, , ,Y, , , , , ,,APR-2024, ,APR-2024,15:41, ,89a88cca1402d0a,,Y,,Y,,Y,Durham, ,NC ,,Y,Highway / Freeway,Dry,Unknown,,Y,Unknown, , , , , , ,Y, ,,Unknown,Unknown,Unknown,Unknown,Unknown,Unknown, , , , , , , , , , ,Y,Proceeding Straight,Yes,Unknown,"No, see Narrative",50, , , , , , , , , , , ,Y, , , , , , , ,Y,Unknown,,Y,Unknown,,Y,,Y,,Y,Yes, ,"While the Rivian was in Highway Assist (HWA), the driver unbuckled the seatbelt, which disengaged HWA.  The Rivian was under the drivers control with HWA disengaged when the crash occurred.",
13781-7561,1,"Tesla, Inc.",5-Day,,,APR-2024,5YJ3E1EA7LF, ,N/A,Tesla,Model 3, ,2020, ,c536380cfa75e98,89241, ,Consumer,"[REDACTED, MAY CONTAIN CONFIDENTIAL BUSINESS INFORMATION]", ,Y,"[REDACTED, MAY CONTAIN CONFIDENTIAL BUSINESS INFORMATION]", ,Y,"[REDACTED, MAY CONTAIN CONFIDENTIAL BUSINESS INFORMATION]", ,Y,,Y, ,,, ,Y,No,,No,ADAS,, , ,Y, , , , , ,,APR-2024, ,APR-2024,08:36, ,6e1ce89ecc45cf1,[MAY CONTAIN PERSONALLY IDENTIFIABLE INFORMATION], ,[MAY CONTAIN PERSONALLY IDENTIFIABLE INFORMATION], ,[MAY CONTAIN PERSONALLY IDENTIFIABLE INFORMATION], ,Houston, ,TX ,[MAY CONTAIN PERSONALLY IDENTIFIABLE INFORMATION], ,Street,Dry,Unknown,35, ,Dark - Lighted,Y, , , , , , , ,,Unknown,Unknown,Yes,Unknown,Unknown,Unknown, , , , , , , , , , ,Y,Proceeding Straight,Yes,Unknown,Unknown,29, , , , , , , , , , , ,Y,Y, ,Y, ,Y,Y, , ,Unknown,,Y,Unknown,,Y,,Y,,Y,"[REDACTED, MAY CONTAIN CONFIDENTIAL BUSINESS INFORMATION]",Y,"[REDACTED, MAY CONTAIN CONFIDENTIAL BUSINESS INFORMATION]",Y
13781-7560,1,"Tesla, Inc.",5-Day,,,APR-2024,5YJ3E1EA9MF, ,N/A,Tesla,Model 3, ,2021, ,900a21b6e880583,40809, ,Consumer,"[REDACTED, MAY CONTAIN CONFIDENTIAL BUSINESS INFORMATION]", ,Y,"[REDACTED, MAY CONTAIN CONFIDENTIAL BUSINESS INFORMATION]", ,Y,"[REDACTED, MAY CONTAIN CONFIDENTIAL BUSINESS INFORMATION]", ,Y,,Y, ,,, ,Y,No,,No,ADAS,, , ,Y, , , , , ,,APR-2024, ,APR-2024,23:03, ,74cf59b29feb056,[MAY CONTAIN PERSONALLY IDENTIFIABLE INFORMATION], ,[MAY CONTAIN PERSONALLY IDENTIFIABLE INFORMATION], ,[MAY CONTAIN PERSONALLY IDENTIFIABLE INFORMATION], ,Joplin, ,MO ,[MAY CONTAIN PERSONALLY IDENTIFIABLE INFORMATION], ,Street,Dry,Unknown,35, ,Daylight,Y, , , , , , , ,,Unknown,Unknown,Yes,Unknown,Unknown,Unknown, , , , , , , , , , ,Y,Proceeding Straight,Yes,Unknown,Unknown,17, , , , , , , , , , , ,Y,Y, ,Y, ,Y,Y, , ,Unknown,,Y,Unknown,,Y,,Y,,Y,"[REDACTED, MAY CONTAIN CONFIDENTIAL BUSINESS INFORMATION]",Y,"[REDACTED, MAY CONTAIN CONFIDENTIAL BUSINESS INFORMATION]",Y
13781-7559,1,"Tesla, Inc.",5-Day,,,APR-2024,5YJ3E1EA2PF, ,N/A,Tesla,Model 3, ,2023, ,e2839f79d634928,13665, ,Consumer,"[REDACTED, MAY CONTAIN CONFIDENTIAL BUSINESS INFORMATION]", ,Y,"[REDACTED, MAY CONTAIN CONFIDENTIAL BUSINESS INFORMATION]", ,Y,"[REDACTED, MAY CONTAIN CONFIDENTIAL BUSINESS INFORMATION]", ,Y,,Y, ,,, ,Y,No,,No,ADAS,, , ,Y, , , , , ,,APR-2024, ,APR-2024,21:34, ,ca4f0e7d11723c8,[MAY CONTAIN PERSONALLY IDENTIFIABLE INFORMATION], ,[MAY CONTAIN PERSONALLY IDENTIFIABLE INFORMATION], ,[MAY CONTAIN PERSONALLY IDENTIFIABLE INFORMATION], ,North Brunswick Township, ,NJ ,[MAY CONTAIN PERSONALLY IDENTIFIABLE INFORMATION], ,Intersection,Dry,No Unusual Conditions,50, ,Daylight, , ,Y, , , , , ,,Passenger Car,Unknown,Yes,Making U-Turn,Yes,Unknown, , , , , , ,Y,Y,Y, , ,Proceeding Straight,Yes,Unknown,Unknown,42, , , ,Y, , ,Y, , ,Y, , ,Y, ,Y, ,Y,Y, , ,Unknown,,Y,Unknown,,Y,,Y,,Y,"[REDACTED, MAY CONTAIN CONFIDENTIAL BUSINESS INFORMATION]",Y,"[REDACTED, MAY CONTAIN CONFIDENTIAL BUSINESS INFORMATION]",Y
13781-7557,1,"Tesla, Inc.",5-Day,,,APR-2024,7SAYGDEF4PF, ,N/A,Tesla,Model Y, ,2023, ,3dcf47c7abe7296,35754, ,Consumer,"[REDACTED, MAY CONTAIN CONFIDENTIAL BUSINESS INFORMATION]", ,Y,"[REDACTED, MAY CONTAIN CONFIDENTIAL BUSINESS INFORMATION]", ,Y,"[REDACTED, MAY CONTAIN CONFIDENTIAL BUSINESS INFORMATION]", ,Y,,Y, ,,, ,Y,No,,No,ADAS,, , ,Y, , , , , ,,APR-2024, ,APR-2024,17:29, ,fcc4271cfaaed9a,[MAY CONTAIN PERSONALLY IDENTIFIABLE INFORMATION], ,[MAY CONTAIN PERSONALLY IDENTIFIABLE INFORMATION], ,[MAY CONTAIN PERSONALLY IDENTIFIABLE INFORMATION], ,Indianapolis, ,IN ,[MAY CONTAIN PERSONALLY IDENTIFIABLE INFORMATION], ,Intersection,Dry,No Unusual Conditions,40, ,Daylight, , ,Y, , , , , ,,Passenger Car,Unknown,Yes,Proceeding Straight,Yes,Unknown, , ,Y, , ,Y, , ,Y, , ,"Other, see Narrative",Yes,Unknown,Unknown,14, , , , , , , ,Y,Y, , , ,Y, ,Y, ,Y,Y, , ,Unknown,,Y,Unknown,,Y,,Y,,Y,"[REDACTED, MAY CONTAIN CONFIDENTIAL BUSINESS INFORMATION]",Y,"[REDACTED, MAY CONTAIN CONFIDENTIAL BUSINESS INFORMATION]",Y
13781-7556,1,"Tesla, Inc.",5-Day,,,APR-2024,7SAYGDEE7RA, ,N/A,Tesla,Model Y, ,2024, ,63e2caab9f4b65b,3326, ,Consumer,"[REDACTED, MAY CONTAIN CONFIDENTIAL BUSINESS INFORMATION]", ,Y,"[REDACTED, MAY CONTAIN CONFIDENTIAL BUSINESS INFORMATION]", ,Y,"[REDACTED, MAY CONTAIN CONFIDENTIAL BUSINESS INFORMATION]", ,Y,,Y, ,,, ,Y,No,,No,ADAS,, , ,Y, , , , , ,,APR-2024, ,APR-2024,03:58, ,1aaa72b692dcd37,[MAY CONTAIN PERSONALLY IDENTIFIABLE INFORMATION], ,[MAY CONTAIN PERSONALLY IDENTIFIABLE INFORMATION], ,[MAY CONTAIN PERSONALLY IDENTIFIABLE INFORMATION], ,Wheat Ridge, ,CO ,[MAY CONTAIN PERSONALLY IDENTIFIABLE INFORMATION], ,Highway / Freeway,Dry,No Unusual Conditions,65, ,Dark - Not Lighted,Y, , , , , , , ,,Passenger Car,Unknown,Yes,Stopped,Unknown,Unknown,Y, , ,Y, , ,Y, , , , ,Proceeding Straight,Yes,Unknown,Unknown,59, , , ,Y, , ,Y, , ,Y, , ,Y, ,Y, ,Y,Y, , ,Unknown,,Y,Unknown,,Y,,Y,,Y,"[REDACTED, MAY CONTAIN CONFIDENTIAL BUSINESS INFORMATION]",Y,"[REDACTED, MAY CONTAIN CONFIDENTIAL BUSINESS INFORMATION]",Y
13781-7555,1,"Tesla, Inc.",5-Day,,,APR-2024,7SAYGDEE8RF, ,N/A,Tesla,Model Y, ,2024, ,854fead837915b0,2911, ,Consumer,"[REDACTED, MAY CONTAIN CONFIDENTIAL BUSINESS INFORMATION]", ,Y,"[REDACTED, MAY CONTAIN CONFIDENTIAL BUSINESS INFORMATION]", ,Y,"[REDACTED, MAY CONTAIN CONFIDENTIAL BUSINESS INFORMATION]", ,Y,,Y, ,,, ,Y,No,,No,ADAS,, , ,Y, , , , , ,,APR-2024, ,APR-2024,23:21, ,25c63108c6de2f0,[MAY CONTAIN PERSONALLY IDENTIFIABLE INFORMATION], ,[MAY CONTAIN PERSONALLY IDENTIFIABLE INFORMATION], ,[MAY CONTAIN PERSONALLY IDENTIFIABLE INFORMATION], ,Port Richey, ,FL ,[MAY CONTAIN PERSONALLY IDENTIFIABLE INFORMATION], ,Unknown,Unknown,Unknown,30, ,Unknown, , , , , , ,Y, ,,Unknown,Unknown,Yes,Unknown,Unknown,Unknown, , , , , , , , , , ,Y,Proceeding Straight,Yes,Unknown,Unknown,87, , , , , , , , , , , ,Y,Y, ,Y, , ,Y, , ,Unknown,,Y,Unknown,,Y,,Y,,Y,"[REDACTED, MAY CONTAIN CONFIDENTIAL BUSINESS INFORMATION]",Y,"[REDACTED, MAY CONTAIN CONFIDENTIAL BUSINESS INFORMATION]",Y
13781-7553,1,"Tesla, Inc.",5-Day,,,APR-2024,5YJYGDEF8LF, ,N/A,Tesla,Model Y, ,2020, ,2b219839f9b5199,47980, ,Consumer,"[REDACTED, MAY CONTAIN CONFIDENTIAL BUSINESS INFORMATION]", ,Y,"[REDACTED, MAY CONTAIN CONFIDENTIAL BUSINESS INFORMATION]", ,Y,"[REDACTED, MAY CONTAIN CONFIDENTIAL BUSINESS INFORMATION]", ,Y,,Y, ,,, ,Y,No,,No,ADAS,, , ,Y, , , , , ,,APR-2024, ,APR-2024,00:47, ,6f342a6e6505215,[MAY CONTAIN PERSONALLY IDENTIFIABLE INFORMATION], ,[MAY CONTAIN PERSONALLY IDENTIFIABLE INFORMATION], ,[MAY CONTAIN PERSONALLY IDENTIFIABLE INFORMATION], ,Las Vegas, ,NV ,[MAY CONTAIN PERSONALLY IDENTIFIABLE INFORMATION], ,Intersection,Dry,No Unusual Conditions,45, ,Daylight,Y, , , , , , , ,,SUV,Unknown,Yes,Proceeding Straight,Yes,Unknown,Y,Y, , , , , , , , , ,Proceeding Straight,Yes,Unknown,Unknown,25, , , ,Y, , ,Y, , ,Y, , ,Y, ,Y, ,Y,Y, , ,Unknown,,Y,Unknown,,Y,,Y,,Y,"[REDACTED, MAY CONTAIN CONFIDENTIAL BUSINESS INFORMATION]",Y,"[REDACTED, MAY CONTAIN CONFIDENTIAL BUSINESS INFORMATION]",Y
13781-7554,1,"Tesla, Inc.",5-Day,,,APR-2024,7SAYGDEE6PA, ,N/A,Tesla,Model Y, ,2023, ,acb7d6e8de2ed3c,23607, ,Consumer,"[REDACTED, MAY CONTAIN CONFIDENTIAL BUSINESS INFORMATION]", ,Y,"[REDACTED, MAY CONTAIN CONFIDENTIAL BUSINESS INFORMATION]", ,Y,"[REDACTED, MAY CONTAIN CONFIDENTIAL BUSINESS INFORMATION]", ,Y,,Y, ,,, ,Y,No,,No,ADAS,, , ,Y, , , , , ,,APR-2024, ,APR-2024,10:08, ,a808747c53becf4,[MAY CONTAIN PERSONALLY IDENTIFIABLE INFORMATION], ,[MAY CONTAIN PERSONALLY IDENTIFIABLE INFORMATION], ,[MAY CONTAIN PERSONALLY IDENTIFIABLE INFORMATION], ,Ellenwood, ,GA ,[MAY CONTAIN PERSONALLY IDENTIFIABLE INFORMATION], ,Highway / Freeway,Dry,Traffic Incident,65, ,Dark - Not Lighted,Y, , , , , , , ,,SUV,Unknown,Yes,"Other, see Narrative",Yes,Unknown, , , , , , ,Y,Y, , , ,Proceeding Straight,Yes,Unknown,Unknown,38, , , ,Y, , ,Y, , ,Y, , ,Y, ,Y, ,Y,Y, , ,Unknown,,Y,Unknown,,Y,,Y,,Y,"[REDACTED, MAY CONTAIN CONFIDENTIAL BUSINESS INFORMATION]",Y,"[REDACTED, MAY CONTAIN CONFIDENTIAL BUSINESS INFORMATION]",Y