Report ID,Report Version,Reporting Entity,Report Type,Report Month,Report Year,Report Submission Date,VIN,VIN - Unknown,Serial Number,Make,Model,Model - Unknown,Model Year,Model Year - Unknown,Same Vehicle ID,Mileage,Mileage - Unknown,Driver / Operator Type,ADAS/ADS System Version,ADAS/ADS System Version - Unk,ADAS/ADS System Version CBI,ADAS/ADS Hardware Version,ADAS/ADS Hardware Version - Unk,ADAS/ADS Hardware Version CBI,ADAS/ADS Software Version,ADAS/ADS Software Version - Unk,ADAS/ADS Software Version CBI,Other Reporting Entities?,Other Reporting Entities? - Unk,Other Reporting Entities? - NA,Federal Regulatory Exemption?,Other Federal Reg. Exemption,Federal Reg. Exemption - Unk,Federal Reg. Exemption - No,State or Local Permit?,State or Local Permit,ADS Equipped?,Automation System Engaged?,Operating Entity,Operating Entity - Unknown,Source - Complaint/Claim,Source - Telematics,Source - Law Enforcement,Source - Field Report,Source - Testing,Source - Media,Source - Other,Source - Other Text,Incident Date,Incident Date - Unknown,Notice Received Date,Incident Time (24:00),Incident Time - Unknown,Same Incident ID,Latitude,Latitude - Unknown,Longitude,Longitude - Unknown,Address,Address - Unknown,City,City - Unknown,State,Zip Code,Zip Code - Unknown,Roadway Type,Roadway Surface,Roadway Description,Posted Speed Limit (MPH),Posted Speed Limit - Unknown,Lighting,Weather - Clear,Weather - Snow,Weather - Cloudy,Weather - Fog/Smoke,Weather - Rain,Weather - Severe Wind,Weather - Unknown,Weather - Other,Weather - Other Text,Crash With,Highest Injury Severity Alleged,Property Damage?,CP Pre-Crash Movement,CP Any Air Bags Deployed?,CP Was Vehicle Towed?,CP Contact Area - Rear Left,CP Contact Area - Left,CP Contact Area - Front Left,CP Contact Area - Rear,CP Contact Area - Top,CP Contact Area - Front,CP Contact Area - Rear Right,CP Contact Area - Right,CP Contact Area - Front Right,CP Contact Area - Bottom,CP Contact Area - Unknown,SV Pre-Crash Movement,SV Any Air Bags Deployed?,SV Was Vehicle Towed?,SV Were All Passengers Belted?,SV Precrash Speed (MPH),SV Pre-crash Speed - Unknown,SV Contact Area - Rear Left,SV Contact Area - Left,SV Contact Area - Front Left,SV Contact Area - Rear,SV Contact Area - Top,SV Contact Area - Front,SV Contact Area - Rear Right,SV Contact Area - Right,SV Contact Area - Front Right,SV Contact Area - Bottom,SV Contact Area - Unknown,Data Availability - EDR,Data Availability - Police Rpt,Data Availability - Telematics,Data Availability - Complaints,Data Availability - Video,Data Availability - Other,Data Availability - No Data,Data Availability - Unknown,Law Enforcement Investigating?,Investigating Agency,Investigating Agency - Unknown,Rep Ent Or Mfr Investigating?,Investigating Officer Name,Inv. Officer Name - Unknown,Investigating Officer Phone,Inv. Officer Phone - Unknown,Investigating Officer Email,Inv. Officer Email - Unknown,Within ODD?,Within ODD? - CBI,Narrative,Narrative - CBI?
13781-7549,1,"Tesla, Inc.",5-Day,,,APR-2024,7SAYGDEE3PA, ,N/A,Tesla,Model Y, ,2023, ,602761a9b77dd58,12781, ,Consumer,"[REDACTED, MAY CONTAIN CONFIDENTIAL BUSINESS INFORMATION]", ,Y,"[REDACTED, MAY CONTAIN CONFIDENTIAL BUSINESS INFORMATION]", ,Y,"[REDACTED, MAY CONTAIN CONFIDENTIAL BUSINESS INFORMATION]", ,Y,,Y, ,,, ,Y,No,,No,ADAS,, , ,Y, , , , , ,,APR-2024, ,APR-2024,20:50, ,71575b721a0f53f,[MAY CONTAIN PERSONALLY IDENTIFIABLE INFORMATION], ,[MAY CONTAIN PERSONALLY IDENTIFIABLE INFORMATION], ,[MAY CONTAIN PERSONALLY IDENTIFIABLE INFORMATION], ,Missouri City, ,TX ,[MAY CONTAIN PERSONALLY IDENTIFIABLE INFORMATION], ,Unknown,Unknown,Unknown,,Y,Unknown, , , , , , ,Y, ,,Unknown,Unknown,Yes,Unknown,Unknown,Unknown, , , , , , , , , , ,Y,Proceeding Straight,Yes,Unknown,Unknown,32, , , , , , , , , , , ,Y,Y, ,Y, , ,Y, , ,Unknown,,Y,Unknown,,Y,,Y,,Y,"[REDACTED, MAY CONTAIN CONFIDENTIAL BUSINESS INFORMATION]",Y,"[REDACTED, MAY CONTAIN CONFIDENTIAL BUSINESS INFORMATION]",Y
13781-7547,1,"Tesla, Inc.",5-Day,,,APR-2024,5YJ3E1EA7PF, ,N/A,Tesla,Model 3, ,2023, ,f958f8ddd8930b7,11792, ,Consumer,"[REDACTED, MAY CONTAIN CONFIDENTIAL BUSINESS INFORMATION]", ,Y,"[REDACTED, MAY CONTAIN CONFIDENTIAL BUSINESS INFORMATION]", ,Y,"[REDACTED, MAY CONTAIN CONFIDENTIAL BUSINESS INFORMATION]", ,Y,,Y, ,,, ,Y,No,,No,ADAS,, , ,Y, , , , , ,,APR-2024, ,APR-2024,01:06, ,71c457f912f3a2f,[MAY CONTAIN PERSONALLY IDENTIFIABLE INFORMATION], ,[MAY CONTAIN PERSONALLY IDENTIFIABLE INFORMATION], ,[MAY CONTAIN PERSONALLY IDENTIFIABLE INFORMATION], ,North Las Vegas, ,NV ,[MAY CONTAIN PERSONALLY IDENTIFIABLE INFORMATION], ,Intersection,Dry,No Unusual Conditions,,Y,Daylight,Y, , , , , , , ,,Pickup Truck,Unknown,Yes,Proceeding Straight,No,Unknown, , ,Y, , ,Y, , ,Y, , ,"Other, see Narrative",Yes,Unknown,Unknown,18, ,Y,Y, ,Y, , , , , , , ,Y, ,Y, ,Y,Y, , ,Unknown,,Y,Unknown,,Y,,Y,,Y,"[REDACTED, MAY CONTAIN CONFIDENTIAL BUSINESS INFORMATION]",Y,"[REDACTED, MAY CONTAIN CONFIDENTIAL BUSINESS INFORMATION]",Y
502-7268,3,Ford Motor Company,Update,,,APR-2024,3FMTK3R77NM, ,N/A,Ford,Mach-E, ,2022, ,8a7a31c3f6ec5d6,11951, ,Consumer,CoPilot 360 Active 2.0, , ,"[REDACTED, MAY CONTAIN CONFIDENTIAL BUSINESS INFORMATION]", ,Y,"[REDACTED, MAY CONTAIN CONFIDENTIAL BUSINESS INFORMATION]", ,Y,, ,Y,,, ,Y,No,,No,ADAS,, , , , , , ,Y, ,,FEB-2024, ,MAR-2024,21:50, ,594a4ee91cc1b56,,Y,,Y,[MAY CONTAIN PERSONALLY IDENTIFIABLE INFORMATION], ,San Antonio, ,TX ,,Y,Highway / Freeway,Dry,No Unusual Conditions,70, ,Dark - Not Lighted,Y, , , , , , , ,,SUV,Fatality,Yes,Stopped,Yes,Yes, , , ,Y, , , , , ,Y, ,Proceeding Straight,Yes,Yes,Yes,70, , , ,Y, ,Y,Y, , ,Y, , ,Y,Y,Y, , ,Y, , ,Yes,San Antonio Police Dept, ,Yes,[MAY CONTAIN PERSONALLY IDENTIFIABLE INFORMATION], ,,Y,,Y,Yes, ,"On March 8, 2024, an individual posted comments in a social media vehicle forum alleging an incident that occurred while he was driving a Ford Mach-E vehicle. The customer stated he was traveling at 70 MPH and operating in hands-free BlueCruise mode. The driver stated that he did not see and the BlueCruise system did not identify an SUV stopped in the ""middle of the freeway"" and that he crashed into the SUV. A police report obtained on March 9 states that the accident occurred on February [XXX], 2024, at approximately 9:50pm and that the driver of the other vehicle (stopped in the middle lane of three lanes with lights off) was pronounced deceased at a hospital that evening. 
 
Ford has retrieved and provided the agency with preliminary telematic data as required. Ford met with the agency on April 3, 2024 to review this and other information related to this incident. Ford continues to review data and other information associated with the crash. Because this information was obtained through an ongoing NTSB investigation, Ford is unable to disclose further details at this time.",
502-7426,2,Ford Motor Company,10-Day Update,,,APR-2024,3FMTK2SU3NM, ,N/A,Ford,Mach-E, ,2022, ,6ac4b22159ead15,19770, ,Consumer,CoPilot 360 Active2.0, , ,"[REDACTED, MAY CONTAIN CONFIDENTIAL BUSINESS INFORMATION]", ,Y,"[REDACTED, MAY CONTAIN CONFIDENTIAL BUSINESS INFORMATION]", ,Y,,Y, ,,, ,Y,No,,No,ADAS,, , , ,Y, , , , ,,MAR-2024, ,APR-2024,03:20, ,5568200e85fa64f,,Y,,Y,[MAY CONTAIN PERSONALLY IDENTIFIABLE INFORMATION], ,Philadelphia, ,PA ,,Y,Highway / Freeway,Unknown,Unknown,55, ,Unknown, , , , , , ,Y, ,,Passenger Car,Fatality,Yes,Stopped,Unknown,Unknown, , , , , , , , , , ,Y,Proceeding Straight,Yes,Yes,Yes,,Y, , , , , , , , , , ,Y,Y,Y,Y, , , , , ,Yes,Pennsylvania  State Police, ,Yes,[MAY CONTAIN PERSONALLY IDENTIFIABLE INFORMATION], ,,Y,,Y,"Unknown, see Narrative", ,"On April 4, 2024, NTSB asked Ford about an incident involving a Mach-E that occurred in Pennsylvania on March [XXX], 2024. Ford was not previously aware of the incident, and was subsequently told there were two fatalities, and that the driver of the Mach-E alleges that BlueCruise was engaged at the time of the incident.
A police report obtained on April 11, 2024 states that the accident occurred in Philadelphia, Pennsylvania on March [XXX], 2024 at 3:20 a.m. in the northbound lanes of [XXX] near [XXX]. The report states that a disabled 2006 Toyota Prius was stopped in the left lane of traffic and that a 2012 Hyundai Elantra had stopped behind the Prius. The report further states that a 2022 Mach-E traveling in the left lane struck the Elantra from behind and that this initial collision pushed the Elantra forward, causing it to strike the Prius. The report states that the driver of the Hyundai and the driver of the Prius (who had exited the vehicle and was classified as a pedestrian) both sustained fatal injuries from the crash. 
 
Ford is reviewing telematic data, EDR data, and other information associated with the crash and coordinating with the agency as required. Because this information was obtained through an ongoing NTSB investigation, Ford is unable to disclose further details at this time.",
945-7410,2,"Nissan North America, Inc.",Update,,,APR-2024,JN1DF0CD6PM, ,N/A,Nissan,Ariya, ,2023, ,1070cec4a6638a8,,Y,Unknown,ProPilot Assist 2.0, , ,,Y, ,,Y, ,,Y, ,,,Y, ,Unknown,,No,"Unknown, see Narrative",,Y, ,Y, , , , , ,,MAR-2024, ,MAR-2024,18:05, ,eb467aa8498b63a,[MAY CONTAIN PERSONALLY IDENTIFIABLE INFORMATION], ,[MAY CONTAIN PERSONALLY IDENTIFIABLE INFORMATION], ,,Y,,Y,AZ ,,Y,Intersection,Unknown,Unknown,,Y,Daylight, , , , , , ,Y, ,,Unknown,Unknown,Unknown,Unknown,Unknown,Unknown, , , , , , , , , , ,Y,Unknown,Yes,Unknown,Unknown,,Y, , , , , , , , , , ,Y, , ,Y, , , , , ,Unknown,,Y,Yes,,Y,,Y,,Y,"Unknown, see Narrative", ,"The information contained in this report is based solely on Nissan's notification via telematics that a vehicle equipped with Pro Pilot Assist 2.0 was involved in an incident involving an air bag deployment.  The system was not active at the time of the incident, but had been active within the 30 seconds prior to the incident. Preliminary data indicates the vehicle was not on a limited access roadway. The time of the incident was 01:05 UTC (7:05 am Mountain Standard Time). 4/15/2024 Correction: Time of incident was 6:05pm.
Nissan is currently examining its ability to provide additional details that may be protected by consumer privacy laws.
Nissan is gathering additional information and will supplement with the monthly report. Nissan has not been contacted regarding this incident.
4/15/2024 Update:
Nissan's preliminary assessment and 5-day report indicated the vehicle was not on a limited access roadway and that the PPA 2.0 system was not active at the time of the incident, but had been active within 30 seconds of the incident.  
As of April 15th, Nissan has not been contacted regarding this incident. Upon further review of the telematics data however, Nissan has determined that it misinterpreted the status of the PPA 2.0 system when filing its 5-day report. ProPilot Assist 2.0 was not active within 30 seconds of the incident  it was in standby within 30 seconds of the incident.",
1243-7108,2,"Subaru of America, Inc.",Update,,,APR-2024,4S4BTAFCXN3, ,N/A,Subaru,Outback, ,2022, ,fcfc19d848e5da9,24848, ,Consumer,"[REDACTED, MAY CONTAIN CONFIDENTIAL BUSINESS INFORMATION]", ,Y,,Y, ,,Y, ,, ,Y,,, ,Y,No,,No,ADAS,, ,Y, , , , , , ,,FEB-2024, ,FEB-2024,09:57, ,cc6f7f92106966f,[MAY CONTAIN PERSONALLY IDENTIFIABLE INFORMATION], ,[MAY CONTAIN PERSONALLY IDENTIFIABLE INFORMATION], ,[MAY CONTAIN PERSONALLY IDENTIFIABLE INFORMATION], ,Oxford, ,AL ,[MAY CONTAIN PERSONALLY IDENTIFIABLE INFORMATION], ,Rural Road,Wet,"Other, see Narrative",35, ,Daylight, , ,Y, ,Y, , , ,,Other Fixed Object,Minor,Yes,,,, , , , , , , , , , , ,Proceeding Straight,No,Yes,Yes,45, , , , , , ,Y, , ,Y,Y, ,Y, ,Y, , , , , ,Unknown,,Y,Yes,,Y,,Y,,Y,"[REDACTED, MAY CONTAIN CONFIDENTIAL BUSINESS INFORMATION]",Y,"The subject vehicle was travelling northbound on [XXX] at a stated speed of 45 MPH with Adaptive Cruise Control(ACC) and Lane Centering (LCF) engaged. The customer stated that she had been driving for 10 hours and that it was raining heavily, with low visibility. The vehicle left the roadway at a rail crossing and came to rest parallel with the railroad tracks with the RH side of the vehicle centered within the tracks. The impact with the tracks deflated all four tires and caused damage to the right front bumper cover. There was also damage reported to certain suspension and steering components and the vehicle undercarriage. There were no airbags deployed and the vehicle was towed from the scene. The customer reported minor injuries and was not provided, nor sought immediate medical attention. During a follow-up conversation, the customer indicated that she came upon a road that turned left and,  because of the heavy rain she did not see the curve.
Subaru inspected the subject vehicle on 3/12/2024. Prior to the inspection, the customer provided a diagram of the scene, indicating that the vehicle had actually been travelling in an east-bound direction and that it was a right-hand turn, not left-hand as originally stated. A site visit indicated that the roadway was a country lane with no lane markings. The curve was a sharp (90-degree) turn to the right signposted with an arrow identifying the direction in which to turn. Though there were no previous signs to indicate the approaching turn, there was a Truck Crossing (W11-10) sign 0.3 miles before the turn to alert motorists in advance of locations where unexpected entries into the roadway, which included a recommended speed of 25 MPH.
[REDACTED, MAY CONTAIN CONFIDENTIAL BUSINESS INFORMATION]
Based on the inspection, the data acquired and the customer's narrative, Subaru determined that the customer was likely using the ACC, but not LCF, on a roadway with no markings, during a period of heavy rain and low visibility, at a speed that exceeded the posted and recommended speed limits. The customer failed to notice the approaching sharp turn to the right and did not apply the brakes in time to appropriately slow the vehicle to a speed that would allow it to safely navigate the turn. As a result, the customer lost control of the vehicle, which left the roadway and came to rest on the railroad tracks.",Y
1243-7252,3,"Subaru of America, Inc.",Update,,,APR-2024,4S4BTGPD0M3, ,N/A,Subaru,Outback, ,2021, ,c973901c0e51230,25718, ,Consumer,"[REDACTED, MAY CONTAIN CONFIDENTIAL BUSINESS INFORMATION]", ,Y,,Y, ,,Y, ,, ,Y,,, ,Y,No,,No,ADAS,, ,Y, , , , , , ,,FEB-2024, ,MAR-2024,09:40, ,934233e20498578,[MAY CONTAIN PERSONALLY IDENTIFIABLE INFORMATION], ,[MAY CONTAIN PERSONALLY IDENTIFIABLE INFORMATION], ,[MAY CONTAIN PERSONALLY IDENTIFIABLE INFORMATION], ,Richfield Springs, ,NY ,[MAY CONTAIN PERSONALLY IDENTIFIABLE INFORMATION], ,Rural Road,Snow / Slush / Ice,"Other, see Narrative",,Y,Daylight, ,Y,Y, , , , , ,,"Other, see Narrative",Moderate,Unknown,"Other, see Narrative",Not Applicable,Not Applicable, , , , , , , , , , ,Y,Proceeding Straight,Yes,Yes,Yes,30, , , , , , , , , , ,Y, ,Y, ,Y, , , , , ,Unknown,,Y,Yes,,Y,,Y,,Y,"[REDACTED, MAY CONTAIN CONFIDENTIAL BUSINESS INFORMATION]",Y,"According to the customer's report, the subject vehicle was travelling on [XXX] in Richfield Springs, NY at 9:05AM on Thursday, February [XXX], 2024 heading toward [XXX] (eastbound) at a maximum speed of 20-30 MPH. The customer described the weather conditions as snowing lightly and the road conditions as being covered with freshly fallen snow. The customer stated that the vehicle spun out of control and went into a ditch resulting in deployment of the side airbags and damage to the underside. The customer was transported to the hospital, allegedly suffering a fractured vertebrae and a contusion and cut to her head and was sent home wearing a brace. The subject vehicle was towed from the scene.
[REDACTED, MAY CONTAIN CONFIDENTIAL BUSINESS INFORMATION] The ""ditch"" is a gulley between the road surface and an open hay field.
Subaru inspected the subject vehicle on 3/19/2024. A review [REDACTED, MAY CONTAIN CONFIDENTIAL BUSINESS INFORMATION] concluded that there were no system cancel codes recorded during this ignition cycle, indicating that ACC was not engaged. LC was also therefore not engaged.
[REDACTED, MAY CONTAIN CONFIDENTIAL BUSINESS INFORMATION] The crash was to the right side of the roadway.
Based on the vehicle inspection and the data acquired, Subaru determined that ADAS had not been engaged during the ignition cycle identified in the crash data. The customer apparently lost control of the vehicle, likely due to the snow-covered road surface. The incident was made more severe due to pedal misapplication by the driver.",Y
1243-7279,3,"Subaru of America, Inc.",Update,,,APR-2024,4S4BTANC6L3, ,N/A,Subaru,Outback, ,2020, ,97960a09254512e,48320, ,Consumer,"[REDACTED, MAY CONTAIN CONFIDENTIAL BUSINESS INFORMATION]", ,Y,,Y, ,,Y, ,, ,Y,,, ,Y,No,,No,ADAS,, ,Y, , , , , , ,,MAR-2024, ,MAR-2024,15:41, ,5309d9f337e9e86,[MAY CONTAIN PERSONALLY IDENTIFIABLE INFORMATION], ,[MAY CONTAIN PERSONALLY IDENTIFIABLE INFORMATION], ,[MAY CONTAIN PERSONALLY IDENTIFIABLE INFORMATION], ,Victoria, ,TX ,[MAY CONTAIN PERSONALLY IDENTIFIABLE INFORMATION], ,Intersection,Dry,No Unusual Conditions,35, ,Daylight,Y, , , , , , , ,,SUV,Minor,Yes,Making Left Turn,Unknown,Unknown, , ,Y, , ,Y, , ,Y, , ,Proceeding Straight,No,Yes,Yes,50, , , ,Y, , , , , , , , ,Y, ,Y, , , , , ,Unknown,,Y,Yes,,Y,,Y,,Y,"[REDACTED, MAY CONTAIN CONFIDENTIAL BUSINESS INFORMATION]",Y,"According to the customer's statements, the vehicle was proceeding through a metered intersection at a stated speed of 40 to 50 MPH with Adaptive Cruise Control (ACC) and Lane Centering (LCF) engaged when it was struck in the left front fender and wheel area by an SUV making a left-hand turn from an opposing lane of traffic. There was no airbag deployment. A front passenger was transported to the hospital with what the customer stated to be minor soft tissue injuries. The vehicle was towed from the scene. Telematics data confirmed the location of the incident and indicated that there were no MIL/Warning or DTCs transmitted prior to the accident.
Subaru inspected the subject vehicle on 4/10/2024. [REDACTED, MAY CONTAIN CONFIDENTIAL BUSINESS INFORMATION]
Based on the inspection and the data acquired, Subaru determined that there were no abnormalities with the ACC or LCF systems. The ACC had been engaged and appropriately cancelled upon application of the brake pedal. The LCF was not engaged during the affected ignition cycle.",Y
13781-7479,1,"Tesla, Inc.",5-Day,,,APR-2024,5YJ3E1EB6LF, ,N/A,Tesla,Model 3, ,2020, ,d24b8f67de9ffb7,28242, ,Consumer,"[REDACTED, MAY CONTAIN CONFIDENTIAL BUSINESS INFORMATION]", ,Y,"[REDACTED, MAY CONTAIN CONFIDENTIAL BUSINESS INFORMATION]", ,Y,"[REDACTED, MAY CONTAIN CONFIDENTIAL BUSINESS INFORMATION]", ,Y,,Y, ,,, ,Y,No,,No,ADAS,, , ,Y, , , , , ,,APR-2024, ,APR-2024,21:36, ,c47c84c328a8485,[MAY CONTAIN PERSONALLY IDENTIFIABLE INFORMATION], ,[MAY CONTAIN PERSONALLY IDENTIFIABLE INFORMATION], ,[MAY CONTAIN PERSONALLY IDENTIFIABLE INFORMATION], ,Goldsboro, ,NC ,[MAY CONTAIN PERSONALLY IDENTIFIABLE INFORMATION], ,Intersection,Dry,No Unusual Conditions,55, ,Daylight,Y, , , , , , , ,,SUV,Unknown,Yes,Making Left Turn,Unknown,Unknown, , , , , ,Y, ,Y,Y, , ,Proceeding Straight,Yes,Unknown,Unknown,43, , ,Y,Y, , ,Y, , , , , ,Y, ,Y, ,Y,Y, , ,Unknown,,Y,Unknown,,Y,,Y,,Y,"[REDACTED, MAY CONTAIN CONFIDENTIAL BUSINESS INFORMATION]",Y,"[REDACTED, MAY CONTAIN CONFIDENTIAL BUSINESS INFORMATION]",Y
13781-7478,1,"Tesla, Inc.",5-Day,,,APR-2024,7SAYGDEE0PA, ,N/A,Tesla,Model Y, ,2023, ,7724be0e42f89e6,14922, ,Consumer,"[REDACTED, MAY CONTAIN CONFIDENTIAL BUSINESS INFORMATION]", ,Y,"[REDACTED, MAY CONTAIN CONFIDENTIAL BUSINESS INFORMATION]", ,Y,"[REDACTED, MAY CONTAIN CONFIDENTIAL BUSINESS INFORMATION]", ,Y,,Y, ,,, ,Y,No,,No,ADAS,, , ,Y, , , , , ,,APR-2024, ,APR-2024,22:12, ,d1f79f914a3c5bf,[MAY CONTAIN PERSONALLY IDENTIFIABLE INFORMATION], ,[MAY CONTAIN PERSONALLY IDENTIFIABLE INFORMATION], ,[MAY CONTAIN PERSONALLY IDENTIFIABLE INFORMATION], ,Frisco, ,TX ,[MAY CONTAIN PERSONALLY IDENTIFIABLE INFORMATION], ,Street,Dry,No Unusual Conditions,,Y,Daylight,Y, , , , , , , ,,Other Fixed Object,Unknown,Yes,,,, , , , , , , , , , , ,"Other, see Narrative",Yes,Unknown,Unknown,17, , , ,Y, , ,Y, , ,Y,Y, ,Y, ,Y, ,Y,Y, , ,Unknown,,Y,Unknown,,Y,,Y,,Y,"[REDACTED, MAY CONTAIN CONFIDENTIAL BUSINESS INFORMATION]",Y,"[REDACTED, MAY CONTAIN CONFIDENTIAL BUSINESS INFORMATION]",Y
13781-7476,1,"Tesla, Inc.",5-Day,,,APR-2024,5YJ3E1EA1PF, ,N/A,Tesla,Model 3, ,2023, ,37b3e9bb87bd87f,15725, ,Consumer,"[REDACTED, MAY CONTAIN CONFIDENTIAL BUSINESS INFORMATION]", ,Y,"[REDACTED, MAY CONTAIN CONFIDENTIAL BUSINESS INFORMATION]", ,Y,"[REDACTED, MAY CONTAIN CONFIDENTIAL BUSINESS INFORMATION]", ,Y,,Y, ,,, ,Y,No,,No,ADAS,, , ,Y, , , , , ,,APR-2024, ,APR-2024,06:46, ,a2626df74cada6d,[MAY CONTAIN PERSONALLY IDENTIFIABLE INFORMATION], ,[MAY CONTAIN PERSONALLY IDENTIFIABLE INFORMATION], ,[MAY CONTAIN PERSONALLY IDENTIFIABLE INFORMATION], ,Columbus, ,OH ,[MAY CONTAIN PERSONALLY IDENTIFIABLE INFORMATION], ,Intersection,Dry,No Unusual Conditions,35, ,Dark - Lighted,Y, , , , , , , ,,Pickup Truck,Unknown,Yes,Proceeding Straight,Unknown,Unknown, ,Y,Y, , , , , , , , ,Proceeding Straight,Yes,Unknown,Unknown,25, , , ,Y, , ,Y, , ,Y, , ,Y, ,Y, ,Y,Y, , ,Unknown,,Y,Unknown,,Y,,Y,,Y,"[REDACTED, MAY CONTAIN CONFIDENTIAL BUSINESS INFORMATION]",Y,"[REDACTED, MAY CONTAIN CONFIDENTIAL BUSINESS INFORMATION]",Y