Report ID,Report Version,Reporting Entity,Report Type,Report Month,Report Year,Report Submission Date,VIN,VIN - Unknown,Serial Number,Make,Model,Model - Unknown,Model Year,Model Year - Unknown,Same Vehicle ID,Mileage,Mileage - Unknown,Driver / Operator Type,ADAS/ADS System Version,ADAS/ADS System Version - Unk,ADAS/ADS System Version CBI,ADAS/ADS Hardware Version,ADAS/ADS Hardware Version - Unk,ADAS/ADS Hardware Version CBI,ADAS/ADS Software Version,ADAS/ADS Software Version - Unk,ADAS/ADS Software Version CBI,Other Reporting Entities?,Other Reporting Entities? - Unk,Other Reporting Entities? - NA,Federal Regulatory Exemption?,Other Federal Reg. Exemption,Federal Reg. Exemption - Unk,Federal Reg. Exemption - No,State or Local Permit?,State or Local Permit,ADS Equipped?,Automation System Engaged?,Operating Entity,Operating Entity - Unknown,Source - Complaint/Claim,Source - Telematics,Source - Law Enforcement,Source - Field Report,Source - Testing,Source - Media,Source - Other,Source - Other Text,Incident Date,Incident Date - Unknown,Notice Received Date,Incident Time (24:00),Incident Time - Unknown,Same Incident ID,Latitude,Latitude - Unknown,Longitude,Longitude - Unknown,Address,Address - Unknown,City,City - Unknown,State,Zip Code,Zip Code - Unknown,Roadway Type,Roadway Surface,Roadway Description,Posted Speed Limit (MPH),Posted Speed Limit - Unknown,Lighting,Weather - Clear,Weather - Snow,Weather - Cloudy,Weather - Fog/Smoke,Weather - Rain,Weather - Severe Wind,Weather - Unknown,Weather - Other,Weather - Other Text,Crash With,Highest Injury Severity Alleged,Property Damage?,CP Pre-Crash Movement,CP Any Air Bags Deployed?,CP Was Vehicle Towed?,CP Contact Area - Rear Left,CP Contact Area - Left,CP Contact Area - Front Left,CP Contact Area - Rear,CP Contact Area - Top,CP Contact Area - Front,CP Contact Area - Rear Right,CP Contact Area - Right,CP Contact Area - Front Right,CP Contact Area - Bottom,CP Contact Area - Unknown,SV Pre-Crash Movement,SV Any Air Bags Deployed?,SV Was Vehicle Towed?,SV Were All Passengers Belted?,SV Precrash Speed (MPH),SV Pre-crash Speed - Unknown,SV Contact Area - Rear Left,SV Contact Area - Left,SV Contact Area - Front Left,SV Contact Area - Rear,SV Contact Area - Top,SV Contact Area - Front,SV Contact Area - Rear Right,SV Contact Area - Right,SV Contact Area - Front Right,SV Contact Area - Bottom,SV Contact Area - Unknown,Data Availability - EDR,Data Availability - Police Rpt,Data Availability - Telematics,Data Availability - Complaints,Data Availability - Video,Data Availability - Other,Data Availability - No Data,Data Availability - Unknown,Law Enforcement Investigating?,Investigating Agency,Investigating Agency - Unknown,Rep Ent Or Mfr Investigating?,Investigating Officer Name,Inv. Officer Name - Unknown,Investigating Officer Phone,Inv. Officer Phone - Unknown,Investigating Officer Email,Inv. Officer Email - Unknown,Within ODD?,Within ODD? - CBI,Narrative,Narrative - CBI?
13781-7474,1,"Tesla, Inc.",5-Day,,,APR-2024,7SAYGDEEXRA, ,N/A,Tesla,Model Y, ,2024, ,f8a941ff95706a5,701, ,Consumer,"[REDACTED, MAY CONTAIN CONFIDENTIAL BUSINESS INFORMATION]", ,Y,"[REDACTED, MAY CONTAIN CONFIDENTIAL BUSINESS INFORMATION]", ,Y,"[REDACTED, MAY CONTAIN CONFIDENTIAL BUSINESS INFORMATION]", ,Y,,Y, ,,, ,Y,No,,No,ADAS,, , ,Y, , , , , ,,APR-2024, ,APR-2024,22:13, ,a462f139804751d,[MAY CONTAIN PERSONALLY IDENTIFIABLE INFORMATION], ,[MAY CONTAIN PERSONALLY IDENTIFIABLE INFORMATION], ,[MAY CONTAIN PERSONALLY IDENTIFIABLE INFORMATION], ,Las Vegas, ,NV ,[MAY CONTAIN PERSONALLY IDENTIFIABLE INFORMATION], ,Unknown,Unknown,Unknown,,Y,Unknown, , , , , , ,Y, ,,Unknown,Unknown,Yes,Unknown,Unknown,Unknown, , , , , , , , , , ,Y,Proceeding Straight,Yes,Unknown,Unknown,35, , , , , , , , , , , ,Y,Y, ,Y, , ,Y, , ,Unknown,,Y,Unknown,,Y,,Y,,Y,"[REDACTED, MAY CONTAIN CONFIDENTIAL BUSINESS INFORMATION]",Y,"[REDACTED, MAY CONTAIN CONFIDENTIAL BUSINESS INFORMATION]",Y
62-7319,2,Honda (American Honda Motor Co.),Update,,,APR-2024,1HGCV1F53LA, ,N/A,HONDA,ACCORD, ,2020, ,35f7592f8f29540,71918, ,Consumer,ACC/LKAS, , ,,Y, ,,Y, ,, ,Y,,, ,Y,No,,No,ADAS,, , , , , , , ,Y,Fleet Response,MAR-2024, ,MAR-2024,13:25, ,90b0f7119a3b622,,Y,,Y,,Y,Louisville, ,KY ,,Y,Highway / Freeway,Dry,No Unusual Conditions,70, ,Daylight, , , , , , ,Y, ,,Heavy Truck,No Injuries Reported,No,Proceeding Straight,No,No,Y,Y, , , , , , , , , ,Proceeding Straight,No,No,Yes,78, , , , ,Y, , , , , , , , , , , , ,Y, , ,Yes,Louisville Metro Police, ,No,,Y,,Y,,Y,Yes, ,"On [XXX], a Honda Accord (Vehicle 1) equipped with Lane Keeping Assist System (LKAS) and Adaptive Cruise Control (ACC) was traveling at a speed of 78 MPH in a 70 MPH zone. As it moved parallel to Vehicle 2, a 10-wheeler, the Accord's brake system unexpectedly activated, while simultaneously, the LKAS caused the steering wheel to jerk, redirecting the vehicle to the right. This incident led to a collision with Vehicle 2, specifically impacting the lug nut, resulting in the partial detachment of the Accord's rear bumper.
Throughout this event, both the ACC and LKAS were actively engaged, providing automated speed control and lane assistance. There was no manual disengagement of these systems by the driver prior to the incident, nor were there any known issues with the systems that might have led to their malfunction.
Following the crash, it was reported that there were no injuries or fatalities. There was also no airbag deployment from either vehicle. Neither vehicle needed to be towed and the driver of Vehicle 1 was able to drive to his destination. The following day, Vehicle 1 was considered a total loss. The incident was immediately reported by the driver of Vehicle 1 as he is an associate of American Honda who was driving a company vehicle. The incident was reported to Fleet Response, a company vehicle program. Fleet Response then communicated the details of the incident to American Honda's Product Regulatory Office for further investigation and action.
This narrative does not serve as an update to a previously submitted report, thus no REPORT ID is provided. No external media sources have been referenced for this account.",
13781-7472,1,"Tesla, Inc.",5-Day,,,APR-2024,5YJ3E1EA8PF, ,N/A,Tesla,Model 3, ,2023, ,e114a1d0b43c0b9,8389, ,Consumer,"[REDACTED, MAY CONTAIN CONFIDENTIAL BUSINESS INFORMATION]", ,Y,"[REDACTED, MAY CONTAIN CONFIDENTIAL BUSINESS INFORMATION]", ,Y,"[REDACTED, MAY CONTAIN CONFIDENTIAL BUSINESS INFORMATION]", ,Y,,Y, ,,, ,Y,No,,No,ADAS,, , ,Y, , , , , ,,APR-2024, ,APR-2024,22:52, ,4dbf5b5cf7780e1,[MAY CONTAIN PERSONALLY IDENTIFIABLE INFORMATION], ,[MAY CONTAIN PERSONALLY IDENTIFIABLE INFORMATION], ,[MAY CONTAIN PERSONALLY IDENTIFIABLE INFORMATION], ,Powell, ,TN ,[MAY CONTAIN PERSONALLY IDENTIFIABLE INFORMATION], ,Intersection,Dry,Unknown,40, ,Daylight, , ,Y, , , , , ,,Unknown,Unknown,Yes,Unknown,Unknown,Unknown, , , , , , , , , , ,Y,"Other, see Narrative",Yes,Unknown,Unknown,11, , , , , , , , , , , ,Y,Y, ,Y, ,Y,Y, , ,Unknown,,Y,Unknown,,Y,,Y,,Y,"[REDACTED, MAY CONTAIN CONFIDENTIAL BUSINESS INFORMATION]",Y,"[REDACTED, MAY CONTAIN CONFIDENTIAL BUSINESS INFORMATION]",Y
540-7446,1,"General Motors, LLC",5-Day,,,APR-2024,1GKS1DKL1RR, ,N/A,GMC,Yukon, ,2024, ,9094a99094308a8,12404, ,Consumer,Level 2, , ,,Y, ,,Y, ,, ,Y,,, ,Y,No,,No,ADAS,, , ,Y, , , , ,Y,OnStar call,APR-2024, ,APR-2024,05:30, ,821b600d42a22e6,[MAY CONTAIN PERSONALLY IDENTIFIABLE INFORMATION], ,[MAY CONTAIN PERSONALLY IDENTIFIABLE INFORMATION], ,[MAY CONTAIN PERSONALLY IDENTIFIABLE INFORMATION], ,Broussard, ,LA ,[MAY CONTAIN PERSONALLY IDENTIFIABLE INFORMATION], ,Highway / Freeway,Dry,No Unusual Conditions,55, ,Daylight,Y, , , , , , , ,,"Other, see Narrative",No Injuries Reported,Yes,"Other, see Narrative",Not Applicable,Not Applicable, , , , , , , , , , ,Y,Changing Lanes,Yes,Unknown,Yes,60, , , , , , , , , , , ,Y, , ,Y, , ,Y, , ,Unknown,,Y,No,,Y,,Y,,Y,Yes, ,"On April [XXX], 2024, a 2024 Yukon Denali was traveling southeast in the right lane on [XXX] in Broussard, LA with Super Cruise engaged.  According to the OnStar call, the driver reported being involved in a vehicle rollover.  Vehicle telematics data indicates this occurred at approximately 5:30 (local time), shortly after the vehicle entered the left (exit, turnaround) lane.  Both front airbags, roof rail airbags, and pretensioners were deployed.  Super Cruise was engaged and active 22 seconds prior to the crash, at which time Super Cruise entered a degraded escalation as the vehicle came to the end of the mapped roadway.  At that time, vehicle notifications directed the driver to take control of the vehicle.  Telematics data indicates the driver took control of the steering wheel at 21 seconds prior to crash.  In the 8 seconds prior to the crash, telematics data shows three lane changes to the left.  The vehicle was travelling at approximately 65 mph at the time of the incident.",
540-7305,2,"General Motors, LLC",Update,,,APR-2024,1GTUUHEL8PZ, ,N/A,GMC,Sierra 1500, ,2023, ,675e8848dd75f29,18653, ,Consumer,Level 2, , ,,Y, ,,Y, ,, ,Y,,, ,Y,No,,No,ADAS,, , ,Y, , , , ,Y,OnStar call,MAR-2024, ,MAR-2024,13:19, ,83d0dfe05d5b33e,[MAY CONTAIN PERSONALLY IDENTIFIABLE INFORMATION], ,[MAY CONTAIN PERSONALLY IDENTIFIABLE INFORMATION], ,[MAY CONTAIN PERSONALLY IDENTIFIABLE INFORMATION], ,Newport, ,MI ,[MAY CONTAIN PERSONALLY IDENTIFIABLE INFORMATION], ,Street,Dry,No Unusual Conditions,70, ,Daylight, , , , , , , ,Y,partly cloudy,Heavy Truck,No Injuries Reported,Yes,Stopped,Unknown,Unknown, , , , , , , , , , ,Y,Proceeding Straight,Yes,Yes,Yes,61, , , ,Y, , , , , , , , , , ,Y, , ,Y, , ,Unknown,,Y,No,,Y,,Y,,Y,Yes, ,"GM is submitting this report to update the ""Highest Injury Severity Alleged"" field, subject vehicle ""Was Vehicle Towed?"" field and to identify the non-subject vehicle type in the narrative since the previous submission (540-7305-1) on March 15, 2024.   On the afternoon of March [XXX], 2024, a 2023 model year GMC Sierra 1500 Crew Cab was travelling northwest on [XXX] in Newport, Michigan with Super Cruise engaged.  According to the OnStar call, the driver claims to have been tired and closed his eyes for a second and then hit a arrow notification trailer of a stationary road patching dump truck.  Telematics data indicates an impact to the driver side front corner at 1:19:31 PM EST.  Telematics data also indicates the driver and passenger front and side airbags and seat belt pretensioners deployed.  Super Cruise was active 91 seconds prior to crash and was disabled approximately 1 second prior to crash.  The last recorded vehicle speed was 61 mph at five seconds prior to impact.",
13781-7197,4,"Tesla, Inc.",Update,,,APR-2024,,Y,,Unknown,,Y,,Y, ,,Y,Unknown,,Y, ,,Y, ,,Y, ,,Y, ,,,Y, ,Unknown,,No,"Unknown, see Narrative",,Y, , , , , ,Y,Y,e-mail request for data,NOV-2023, ,FEB-2024,,Y, ,,Y,,Y,[MAY CONTAIN PERSONALLY IDENTIFIABLE INFORMATION], ,Onamia, ,MN ,,Y,Highway / Freeway,Unknown,Unknown,,Y,Unknown, , , , , , ,Y, ,,Non-Motorist: Pedestrian,Fatality,Unknown,Unknown,,, , , , , , , , , , , ,Unknown,Unknown,Unknown,Unknown,,Y, , , , , , , , , , ,Y, , , , , ,Y, , ,Yes,Mille Lacs County Sheriff, ,Unknown,,Y,,Y,,Y,"Unknown, see Narrative", ,"Summary: Information provided as an update to 13781-7197-2. Based on a determination by local law enforcement as part of their investigation, this incident did not involve the original vehicle of interest, and there is no information, indication or continued allegation relating to the operation of an ADAS-equipped vehicle of any make. Tesla requests removal of this report and its count from the SGO reporting. Source: Media.",
13781-7456,1,"Tesla, Inc.",5-Day,,,APR-2024,7SAXCBE51NF, ,N/A,Tesla,Model X, ,2022, ,4b3e483e09ed897,16903, ,Consumer,"[REDACTED, MAY CONTAIN CONFIDENTIAL BUSINESS INFORMATION]", ,Y,"[REDACTED, MAY CONTAIN CONFIDENTIAL BUSINESS INFORMATION]", ,Y,"[REDACTED, MAY CONTAIN CONFIDENTIAL BUSINESS INFORMATION]", ,Y,,Y, ,,, ,Y,No,,No,ADAS,, , ,Y, , , , , ,,APR-2024, ,APR-2024,12:17, ,e571c23328df7d0,[MAY CONTAIN PERSONALLY IDENTIFIABLE INFORMATION], ,[MAY CONTAIN PERSONALLY IDENTIFIABLE INFORMATION], ,[MAY CONTAIN PERSONALLY IDENTIFIABLE INFORMATION], ,Montgomery, ,AL ,[MAY CONTAIN PERSONALLY IDENTIFIABLE INFORMATION], ,Highway / Freeway,Dry,Unknown,55, ,Daylight, , ,Y, , , , , ,,Unknown,Unknown,Yes,Unknown,Unknown,Unknown, , , , , , , , , , ,Y,Proceeding Straight,Yes,Unknown,Unknown,55, , , , , , , , , , , ,Y,Y, ,Y, ,Y,Y, , ,Unknown,,Y,Unknown,,Y,,Y,,Y,"[REDACTED, MAY CONTAIN CONFIDENTIAL BUSINESS INFORMATION]",Y,"[REDACTED, MAY CONTAIN CONFIDENTIAL BUSINESS INFORMATION]",Y
13781-7455,1,"Tesla, Inc.",5-Day,,,APR-2024,5YJ3E1EA4PF, ,N/A,Tesla,Model 3, ,2023, ,baac0be36bc7974,27008, ,Consumer,"[REDACTED, MAY CONTAIN CONFIDENTIAL BUSINESS INFORMATION]", ,Y,"[REDACTED, MAY CONTAIN CONFIDENTIAL BUSINESS INFORMATION]", ,Y,"[REDACTED, MAY CONTAIN CONFIDENTIAL BUSINESS INFORMATION]", ,Y,,Y, ,,, ,Y,No,,No,ADAS,, , ,Y, , , , , ,,APR-2024, ,APR-2024,00:10, ,64f8e352656dda8,[MAY CONTAIN PERSONALLY IDENTIFIABLE INFORMATION], ,[MAY CONTAIN PERSONALLY IDENTIFIABLE INFORMATION], ,[MAY CONTAIN PERSONALLY IDENTIFIABLE INFORMATION], ,Charlotte, ,NC ,[MAY CONTAIN PERSONALLY IDENTIFIABLE INFORMATION], ,Intersection,Dry,No Unusual Conditions,35, ,Dawn / Dusk, , ,Y, , , , , ,,Passenger Car,Unknown,Yes,Proceeding Straight,Unknown,Unknown, , ,Y, , ,Y, , ,Y, , ,"Other, see Narrative",Yes,Unknown,Unknown,0, ,Y,Y,Y, , , , , , , , ,Y, ,Y, ,Y,Y, , ,Unknown,,Y,Unknown,,Y,,Y,,Y,"[REDACTED, MAY CONTAIN CONFIDENTIAL BUSINESS INFORMATION]",Y,"[REDACTED, MAY CONTAIN CONFIDENTIAL BUSINESS INFORMATION]",Y
540-7451,1,"General Motors, LLC",5-Day,,,APR-2024,1GYS4RKL6MR, ,N/A,Cadillac,Escalade, ,2021, ,ba7d4b93e674f98,71920, ,Consumer,Level 2, , ,,Y, ,,Y, ,, ,Y,,, ,Y,No,,No,ADAS,, , ,Y, , , , ,Y,OnStar call,APR-2024, ,APR-2024,1:03, ,848bcbb5694b024,[MAY CONTAIN PERSONALLY IDENTIFIABLE INFORMATION], ,[MAY CONTAIN PERSONALLY IDENTIFIABLE INFORMATION], ,[MAY CONTAIN PERSONALLY IDENTIFIABLE INFORMATION], ,Denver, ,CO ,[MAY CONTAIN PERSONALLY IDENTIFIABLE INFORMATION], ,Highway / Freeway,Dry,No Unusual Conditions,65, ,Daylight, , ,Y, , , , , ,,Other Fixed Object,No Injuries Reported,Yes,,,, , , , , , , , , , , ,Proceeding Straight,Yes,Unknown,Yes,50, , ,Y,Y, , , , , , , , , , ,Y, , ,Y, , ,Unknown,,Y,No,,Y,,Y,,Y,Yes, ,"On  April [XXX], 2024, a 2021 model year Cadillac Escalade was traveling west on [XXX] in Denver, Colorado in the farthest left lane.  According to the OnStar call, the driver claims he reached for a water bottle in the side door while the vehicle was in Super Cruise and then the vehicle crashed into the left median guardrail.  According to vehicle telematics, the driver side and frontal airbags and pretensioner deployed. Super Cruise was engaged and active  for 3 seconds prior to the crash and an override state was recorded  approximately 1.5 seconds prior to the crash.  A subject vehicle speed of approximately 50 mph was recorded at 1.5 seconds prior to impact.",
33175-7402,2,Mobileye Vision Technologies,10-Day Update,,,APR-2024,,Y,,Ford,Mustang Mach-E SUV, ,,Y, ,,Y,Consumer,Ford Blue Cruise Platform, , ,Aptiv ECU + Mobileye EyeQ4 Chip, , ,Mobileye EyeQ4 SW Version, , ,Ford Motor Company, , ,,,Y, ,Unknown,,No,ADAS,, , , , , , ,Y, ,,FEB-2024, ,MAR-2024,21:50, , ,,Y,,Y,,Y,San Antonio, ,TX ,,Y,Highway / Freeway,Unknown,Unknown,,Y,Unknown, , , , , , ,Y, ,,SUV,Fatality,Unknown,Stopped,Unknown,Unknown, , , , , , , , , , ,Y,Unknown,Unknown,Unknown,Unknown,,Y, , , , , , , , , , ,Y, ,Y, , , , , , ,Yes,National Transportaion Safety Board, ,Yes,[MAY CONTAIN PERSONALLY IDENTIFIABLE INFORMATION], ,,Y,,Y,"Unknown, see Narrative", ,"Reporter learned about the crash from the media- 
 [XXX] 
During a project meeting with Ford, the latter advised that the Ford vehicle involved in the crash contains Mobileye EyeQ SoC. 
However the reporter was not provided any information indicating whether reporter's SW was involved in any level.  
Reporter does not know which SW applications are enabled and/or engaged in Ford vehicles, and particularly in the Ford vehicle involved in the accident mentioned in the article.
Reporter does not possess any additional information nor does it have access to data from the Ford vehicle.
April 8th, 2024 update: no additional information to report.",
13781-7437,1,"Tesla, Inc.",5-Day,,,APR-2024,7SAYGDEE1PF, ,N/A,Tesla,Model Y, ,2023, ,25076e254383335,9643, ,Consumer,"[REDACTED, MAY CONTAIN CONFIDENTIAL BUSINESS INFORMATION]", ,Y,"[REDACTED, MAY CONTAIN CONFIDENTIAL BUSINESS INFORMATION]", ,Y,"[REDACTED, MAY CONTAIN CONFIDENTIAL BUSINESS INFORMATION]", ,Y,,Y, ,,, ,Y,No,,No,ADAS,, , ,Y, , , , , ,,MAR-2024, ,APR-2024,12:56, ,9d7270ececf2383,[MAY CONTAIN PERSONALLY IDENTIFIABLE INFORMATION], ,[MAY CONTAIN PERSONALLY IDENTIFIABLE INFORMATION], ,[MAY CONTAIN PERSONALLY IDENTIFIABLE INFORMATION], ,Dix Hills, ,NY ,[MAY CONTAIN PERSONALLY IDENTIFIABLE INFORMATION], ,Unknown,Unknown,Unknown,,Y,Unknown, , , , , , ,Y, ,,Unknown,Unknown,Yes,Unknown,Unknown,Unknown, , , , , , , , , , ,Y,"Other, see Narrative",Yes,Unknown,Unknown,,Y, , , , , , , , , , ,Y,Y, ,Y, , ,Y, , ,Unknown,,Y,Unknown,,Y,,Y,,Y,"[REDACTED, MAY CONTAIN CONFIDENTIAL BUSINESS INFORMATION]",Y,"[REDACTED, MAY CONTAIN CONFIDENTIAL BUSINESS INFORMATION]",Y
13781-7434,1,"Tesla, Inc.",5-Day,,,APR-2024,5YJ3E1EB0MF, ,N/A,Tesla,Model 3, ,2021, ,b509cb23b1cd511,47672, ,Consumer,"[REDACTED, MAY CONTAIN CONFIDENTIAL BUSINESS INFORMATION]", ,Y,"[REDACTED, MAY CONTAIN CONFIDENTIAL BUSINESS INFORMATION]", ,Y,"[REDACTED, MAY CONTAIN CONFIDENTIAL BUSINESS INFORMATION]", ,Y,,Y, ,,, ,Y,No,,No,ADAS,, , ,Y, , , , , ,,MAR-2024, ,APR-2024,01:36, ,45b67aaf4f74619,[MAY CONTAIN PERSONALLY IDENTIFIABLE INFORMATION], ,[MAY CONTAIN PERSONALLY IDENTIFIABLE INFORMATION], ,[MAY CONTAIN PERSONALLY IDENTIFIABLE INFORMATION], ,Miami, ,FL ,[MAY CONTAIN PERSONALLY IDENTIFIABLE INFORMATION], ,Highway / Freeway,Dry,No Unusual Conditions,55, ,Dark - Lighted,Y, , , , , , , ,,Passenger Car,Unknown,Yes,Proceeding Straight,Unknown,Unknown,Y, , ,Y, , ,Y, , , , ,Proceeding Straight,Yes,Unknown,Unknown,22, , , ,Y, , ,Y, , ,Y, , ,Y, ,Y, ,Y,Y, , ,Unknown,,Y,Unknown,,Y,,Y,,Y,"[REDACTED, MAY CONTAIN CONFIDENTIAL BUSINESS INFORMATION]",Y,"[REDACTED, MAY CONTAIN CONFIDENTIAL BUSINESS INFORMATION]",Y
13781-7432,1,"Tesla, Inc.",5-Day,,,APR-2024,7SAYGDEEXPA, ,N/A,Tesla,Model Y, ,2023, ,1f0785eb8c92380,19488, ,Consumer,"[REDACTED, MAY CONTAIN CONFIDENTIAL BUSINESS INFORMATION]", ,Y,"[REDACTED, MAY CONTAIN CONFIDENTIAL BUSINESS INFORMATION]", ,Y,"[REDACTED, MAY CONTAIN CONFIDENTIAL BUSINESS INFORMATION]", ,Y,,Y, ,,, ,Y,No,,No,ADAS,, , ,Y, , , , , ,,MAR-2024, ,APR-2024,19:04, ,6f0cdf600e1764d,[MAY CONTAIN PERSONALLY IDENTIFIABLE INFORMATION], ,[MAY CONTAIN PERSONALLY IDENTIFIABLE INFORMATION], ,[MAY CONTAIN PERSONALLY IDENTIFIABLE INFORMATION], ,Lithia, ,FL ,[MAY CONTAIN PERSONALLY IDENTIFIABLE INFORMATION], ,Intersection,Dry,Unknown,45, ,Daylight,Y, , , , , , , ,,Unknown,Unknown,Yes,Unknown,Unknown,Unknown, , , , , , , , , , ,Y,"Other, see Narrative",Yes,Unknown,Unknown,18, , , , , , , , , , , ,Y,Y, ,Y, ,Y,Y, , ,Unknown,,Y,Unknown,,Y,,Y,,Y,"[REDACTED, MAY CONTAIN CONFIDENTIAL BUSINESS INFORMATION]",Y,"[REDACTED, MAY CONTAIN CONFIDENTIAL BUSINESS INFORMATION]",Y
13781-7431,1,"Tesla, Inc.",5-Day,,,APR-2024,7SAYGAEE1NF, ,N/A,Tesla,Model Y, ,2022, ,81fcd7b7918efda,14932, ,Consumer,"[REDACTED, MAY CONTAIN CONFIDENTIAL BUSINESS INFORMATION]", ,Y,"[REDACTED, MAY CONTAIN CONFIDENTIAL BUSINESS INFORMATION]", ,Y,"[REDACTED, MAY CONTAIN CONFIDENTIAL BUSINESS INFORMATION]", ,Y,,Y, ,,, ,Y,No,,No,ADAS,, , ,Y, , , , , ,,MAR-2024, ,APR-2024,22:09, ,a0b03cbbdd332c5,[MAY CONTAIN PERSONALLY IDENTIFIABLE INFORMATION], ,[MAY CONTAIN PERSONALLY IDENTIFIABLE INFORMATION], ,[MAY CONTAIN PERSONALLY IDENTIFIABLE INFORMATION], ,Bellingham, ,WA ,[MAY CONTAIN PERSONALLY IDENTIFIABLE INFORMATION], ,Highway / Freeway,Dry,Traffic Incident,60, ,Daylight, , ,Y, , , , , ,,Passenger Car,Unknown,Yes,Proceeding Straight,Unknown,Unknown,Y, , ,Y, , ,Y, , , , ,Proceeding Straight,Yes,Unknown,Unknown,19, , , ,Y, , ,Y, , ,Y, , ,Y, ,Y, ,Y,Y, , ,Unknown,,Y,Unknown,,Y,,Y,,Y,"[REDACTED, MAY CONTAIN CONFIDENTIAL BUSINESS INFORMATION]",Y,"[REDACTED, MAY CONTAIN CONFIDENTIAL BUSINESS INFORMATION]",Y
502-7426,1,Ford Motor Company,1-Day,,,APR-2024,3FMTK2SU3NM, ,N/A,Ford,Mach-E, ,2022, ,6ac4b22159ead15,19770, ,Consumer,CoPilot 360 Active2.0, , ,,Y, ,,Y, ,,Y, ,,, ,Y,No,,No,ADAS,, , , ,Y, , , , ,,MAR-2024, ,APR-2024,03:15, ,5568200e85fa64f,,Y,,Y,[MAY CONTAIN PERSONALLY IDENTIFIABLE INFORMATION], ,,Y,PA ,,Y,Highway / Freeway,Unknown,Unknown,,Y,Unknown, , , , , , ,Y, ,,Passenger Car,Fatality,Yes,Unknown,Unknown,Unknown, , , , , , , , , , ,Y,Proceeding Straight,Yes,Unknown,Yes,,Y, , , , , , , , , , ,Y, , ,Y, , , , , ,Yes,Pennsylvania  State Police, ,Yes,,Y,,Y,,Y,"Unknown, see Narrative", ,"On April 4, 2024, NTSB asked Ford about an incident involving a Mach-E that occurred in Pennsylvania on March [XXX], 2024. Ford was not previously aware of the incident, and was subsequently told there were 2 fatalities, and that the driver of the Mach-E alleges that BlueCruise was engaged at the time of the incident.",