Report ID,Report Version,Reporting Entity,Report Type,Report Month,Report Year,Report Submission Date,VIN,VIN - Unknown,Serial Number,Make,Model,Model - Unknown,Model Year,Model Year - Unknown,Same Vehicle ID,Mileage,Mileage - Unknown,Driver / Operator Type,ADAS/ADS System Version,ADAS/ADS System Version - Unk,ADAS/ADS System Version CBI,ADAS/ADS Hardware Version,ADAS/ADS Hardware Version - Unk,ADAS/ADS Hardware Version CBI,ADAS/ADS Software Version,ADAS/ADS Software Version - Unk,ADAS/ADS Software Version CBI,Other Reporting Entities?,Other Reporting Entities? - Unk,Other Reporting Entities? - NA,Federal Regulatory Exemption?,Other Federal Reg. Exemption,Federal Reg. Exemption - Unk,Federal Reg. Exemption - No,State or Local Permit?,State or Local Permit,ADS Equipped?,Automation System Engaged?,Operating Entity,Operating Entity - Unknown,Source - Complaint/Claim,Source - Telematics,Source - Law Enforcement,Source - Field Report,Source - Testing,Source - Media,Source - Other,Source - Other Text,Incident Date,Incident Date - Unknown,Notice Received Date,Incident Time (24:00),Incident Time - Unknown,Same Incident ID,Latitude,Latitude - Unknown,Longitude,Longitude - Unknown,Address,Address - Unknown,City,City - Unknown,State,Zip Code,Zip Code - Unknown,Roadway Type,Roadway Surface,Roadway Description,Posted Speed Limit (MPH),Posted Speed Limit - Unknown,Lighting,Weather - Clear,Weather - Snow,Weather - Cloudy,Weather - Fog/Smoke,Weather - Rain,Weather - Severe Wind,Weather - Unknown,Weather - Other,Weather - Other Text,Crash With,Highest Injury Severity Alleged,Property Damage?,CP Pre-Crash Movement,CP Any Air Bags Deployed?,CP Was Vehicle Towed?,CP Contact Area - Rear Left,CP Contact Area - Left,CP Contact Area - Front Left,CP Contact Area - Rear,CP Contact Area - Top,CP Contact Area - Front,CP Contact Area - Rear Right,CP Contact Area - Right,CP Contact Area - Front Right,CP Contact Area - Bottom,CP Contact Area - Unknown,SV Pre-Crash Movement,SV Any Air Bags Deployed?,SV Was Vehicle Towed?,SV Were All Passengers Belted?,SV Precrash Speed (MPH),SV Pre-crash Speed - Unknown,SV Contact Area - Rear Left,SV Contact Area - Left,SV Contact Area - Front Left,SV Contact Area - Rear,SV Contact Area - Top,SV Contact Area - Front,SV Contact Area - Rear Right,SV Contact Area - Right,SV Contact Area - Front Right,SV Contact Area - Bottom,SV Contact Area - Unknown,Data Availability - EDR,Data Availability - Police Rpt,Data Availability - Telematics,Data Availability - Complaints,Data Availability - Video,Data Availability - Other,Data Availability - No Data,Data Availability - Unknown,Law Enforcement Investigating?,Investigating Agency,Investigating Agency - Unknown,Rep Ent Or Mfr Investigating?,Investigating Officer Name,Inv. Officer Name - Unknown,Investigating Officer Phone,Inv. Officer Phone - Unknown,Investigating Officer Email,Inv. Officer Email - Unknown,Within ODD?,Within ODD? - CBI,Narrative,Narrative - CBI?
13781-7386,1,"Tesla, Inc.",5-Day,,,MAR-2024,5YJ3E1EB2JF, ,N/A,Tesla,Model 3, ,2018, ,3369cf8396a4fff,49326, ,Consumer,"[REDACTED, MAY CONTAIN CONFIDENTIAL BUSINESS INFORMATION]", ,Y,"[REDACTED, MAY CONTAIN CONFIDENTIAL BUSINESS INFORMATION]", ,Y,"[REDACTED, MAY CONTAIN CONFIDENTIAL BUSINESS INFORMATION]", ,Y,,Y, ,,, ,Y,No,,No,ADAS,, , ,Y, , , , , ,,DEC-2023, ,MAR-2024,23:47, ,278ce189a0474da,[MAY CONTAIN PERSONALLY IDENTIFIABLE INFORMATION], ,[MAY CONTAIN PERSONALLY IDENTIFIABLE INFORMATION], ,[MAY CONTAIN PERSONALLY IDENTIFIABLE INFORMATION], ,Atlanta, ,GA ,[MAY CONTAIN PERSONALLY IDENTIFIABLE INFORMATION], ,Unknown,Unknown,Unknown,55, ,Unknown, , , , , , ,Y, ,,Unknown,Unknown,Yes,Unknown,Unknown,Unknown, , , , , , , , , , ,Y,Proceeding Straight,Yes,Unknown,Unknown,11, , , , , , , , , , , ,Y,Y, ,Y, , ,Y, , ,Unknown,,Y,Unknown,,Y,,Y,,Y,"[REDACTED, MAY CONTAIN CONFIDENTIAL BUSINESS INFORMATION]",Y,"[REDACTED, MAY CONTAIN CONFIDENTIAL BUSINESS INFORMATION]",Y
13781-7385,1,"Tesla, Inc.",5-Day,,,MAR-2024,5YJ3E1EC6NF, ,N/A,Tesla,Model 3, ,2022, ,6c1c06ec61eac15,46312, ,Consumer,"[REDACTED, MAY CONTAIN CONFIDENTIAL BUSINESS INFORMATION]", ,Y,"[REDACTED, MAY CONTAIN CONFIDENTIAL BUSINESS INFORMATION]", ,Y,"[REDACTED, MAY CONTAIN CONFIDENTIAL BUSINESS INFORMATION]", ,Y,,Y, ,,, ,Y,No,,No,ADAS,, , ,Y, , , , , ,,DEC-2023, ,MAR-2024,13:46, ,b70ac0342bd0de0,[MAY CONTAIN PERSONALLY IDENTIFIABLE INFORMATION], ,[MAY CONTAIN PERSONALLY IDENTIFIABLE INFORMATION], ,[MAY CONTAIN PERSONALLY IDENTIFIABLE INFORMATION], ,Arlington Heights, ,IL ,[MAY CONTAIN PERSONALLY IDENTIFIABLE INFORMATION], ,Highway / Freeway,Wet,No Unusual Conditions,70, ,Daylight, , ,Y, ,Y, , , ,,Other Fixed Object,Unknown,Yes,,,, , , , , , , , , , , ,Proceeding Straight,Yes,Unknown,Unknown,,Y,Y,Y,Y, , , , , , , , ,Y, ,Y, ,Y,Y, , ,Unknown,,Y,Unknown,,Y,,Y,,Y,"[REDACTED, MAY CONTAIN CONFIDENTIAL BUSINESS INFORMATION]",Y,"[REDACTED, MAY CONTAIN CONFIDENTIAL BUSINESS INFORMATION]",Y
13781-7383,1,"Tesla, Inc.",5-Day,,,MAR-2024,5YJ3E1EA1PF, ,N/A,Tesla,Model 3, ,2023, ,0094ca3a5ceccef,285, ,Consumer,"[REDACTED, MAY CONTAIN CONFIDENTIAL BUSINESS INFORMATION]", ,Y,"[REDACTED, MAY CONTAIN CONFIDENTIAL BUSINESS INFORMATION]", ,Y,"[REDACTED, MAY CONTAIN CONFIDENTIAL BUSINESS INFORMATION]", ,Y,,Y, ,,, ,Y,No,,No,ADAS,, , ,Y, , , , , ,,DEC-2023, ,MAR-2024,19:10, ,a970f6471fcef03,[MAY CONTAIN PERSONALLY IDENTIFIABLE INFORMATION], ,[MAY CONTAIN PERSONALLY IDENTIFIABLE INFORMATION], ,[MAY CONTAIN PERSONALLY IDENTIFIABLE INFORMATION], ,Tampa, ,FL ,[MAY CONTAIN PERSONALLY IDENTIFIABLE INFORMATION], ,Highway / Freeway,Dry,No Unusual Conditions,55, ,Daylight,Y, , , , , , , ,,Other Fixed Object,Unknown,Yes,,,, , , , , , , , , , , ,Proceeding Straight,Yes,Unknown,Unknown,65, ,Y,Y,Y, , , , , , , , ,Y, ,Y, ,Y,Y, , ,Unknown,,Y,Unknown,,Y,,Y,,Y,"[REDACTED, MAY CONTAIN CONFIDENTIAL BUSINESS INFORMATION]",Y,"[REDACTED, MAY CONTAIN CONFIDENTIAL BUSINESS INFORMATION]",Y
13781-7381,1,"Tesla, Inc.",5-Day,,,MAR-2024,5YJ3E1EB7KF, ,N/A,Tesla,Model 3, ,2019, ,4daf1d9b47d7737,46142, ,Consumer,"[REDACTED, MAY CONTAIN CONFIDENTIAL BUSINESS INFORMATION]", ,Y,"[REDACTED, MAY CONTAIN CONFIDENTIAL BUSINESS INFORMATION]", ,Y,"[REDACTED, MAY CONTAIN CONFIDENTIAL BUSINESS INFORMATION]", ,Y,,Y, ,,, ,Y,No,,No,ADAS,, , ,Y, , , , , ,,MAR-2024, ,MAR-2024,19:19, ,1443aa6ff9af76f,[MAY CONTAIN PERSONALLY IDENTIFIABLE INFORMATION], ,[MAY CONTAIN PERSONALLY IDENTIFIABLE INFORMATION], ,[MAY CONTAIN PERSONALLY IDENTIFIABLE INFORMATION], ,Red Mills, ,VA ,[MAY CONTAIN PERSONALLY IDENTIFIABLE INFORMATION], ,Highway / Freeway,Dry,"Other, see Narrative",70, ,Daylight, , ,Y, , , , , ,,Passenger Car,Unknown,Yes,Stopped,Unknown,Unknown,Y, , ,Y, , ,Y, , , , ,Proceeding Straight,Yes,Unknown,Unknown,47, , , ,Y, , ,Y, , ,Y, , ,Y, ,Y, ,Y,Y, , ,Unknown,,Y,Unknown,,Y,,Y,,Y,"[REDACTED, MAY CONTAIN CONFIDENTIAL BUSINESS INFORMATION]",Y,"[REDACTED, MAY CONTAIN CONFIDENTIAL BUSINESS INFORMATION]",Y
1243-7279,2,"Subaru of America, Inc.",10-Day Update,,,MAR-2024,4S4BTANC6L3, ,N/A,Subaru,Outback, ,2020, ,97960a09254512e,48320, ,Consumer,"[REDACTED, MAY CONTAIN CONFIDENTIAL BUSINESS INFORMATION]", ,Y,,Y, ,,Y, ,, ,Y,,, ,Y,No,,No,ADAS,, ,Y, , , , , , ,,MAR-2024, ,MAR-2024,15:41, ,5309d9f337e9e86,[MAY CONTAIN PERSONALLY IDENTIFIABLE INFORMATION], ,[MAY CONTAIN PERSONALLY IDENTIFIABLE INFORMATION], ,[MAY CONTAIN PERSONALLY IDENTIFIABLE INFORMATION], ,Victoria, ,TX ,[MAY CONTAIN PERSONALLY IDENTIFIABLE INFORMATION], ,Intersection,Dry,No Unusual Conditions,35, ,Daylight,Y, , , , , , , ,,SUV,Minor,Yes,Unknown,Unknown,Unknown, , ,Y, , ,Y, , ,Y, , ,Proceeding Straight,No,Yes,Yes,50, , , ,Y, , , , , , , , , , ,Y, , , , , ,Unknown,,Y,Unknown,,Y,,Y,,Y,"[REDACTED, MAY CONTAIN CONFIDENTIAL BUSINESS INFORMATION]",Y,"[REDACTED, MAY CONTAIN CONFIDENTIAL BUSINESS INFORMATION]",Y
13781-7376,1,"Tesla, Inc.",1-Day,,,MAR-2024,5YJ3E1EA5MF, ,N/A,Tesla,Model 3, ,2021, ,54350295fd9752e,16366, ,Consumer,"[REDACTED, MAY CONTAIN CONFIDENTIAL BUSINESS INFORMATION]", ,Y,"[REDACTED, MAY CONTAIN CONFIDENTIAL BUSINESS INFORMATION]", ,Y,"[REDACTED, MAY CONTAIN CONFIDENTIAL BUSINESS INFORMATION]", ,Y,,Y, ,,, ,Y,No,,No,ADAS,, , ,Y, , , , , ,,MAR-2024, ,MAR-2024,16:19, ,642999ef6af435f,[MAY CONTAIN PERSONALLY IDENTIFIABLE INFORMATION], ,[MAY CONTAIN PERSONALLY IDENTIFIABLE INFORMATION], ,[MAY CONTAIN PERSONALLY IDENTIFIABLE INFORMATION], ,Garden City, ,NY ,[MAY CONTAIN PERSONALLY IDENTIFIABLE INFORMATION], ,Intersection,Dry,No Unusual Conditions,30, ,Daylight,Y, , , , , , , ,,SUV,Unknown,Yes,Making Left Turn,Unknown,Unknown, , ,Y, , ,Y, , ,Y, , ,Proceeding Straight,Yes,Unknown,Unknown,32, , , ,Y, , ,Y, , ,Y, , ,Y, ,Y, ,Y,Y, , ,Unknown,,Y,Unknown,,Y,,Y,,Y,"[REDACTED, MAY CONTAIN CONFIDENTIAL BUSINESS INFORMATION]",Y,"[REDACTED, MAY CONTAIN CONFIDENTIAL BUSINESS INFORMATION]",Y
13781-7197,3,"Tesla, Inc.",Update,,,MAR-2024,,Y,,Unknown,,Y,,Y, ,,Y,Unknown,,Y, ,,Y, ,,Y, ,,Y, ,,,Y, ,Unknown,,"Unknown, see Narrative","Unknown, see Narrative",,Y, , , , , ,Y,Y,e-mail request for data,NOV-2023, ,FEB-2024,,Y, ,,Y,,Y,[MAY CONTAIN PERSONALLY IDENTIFIABLE INFORMATION], ,Onamia, ,MN ,,Y,Highway / Freeway,Unknown,Unknown,,Y,Unknown, , , , , , ,Y, ,,Non-Motorist: Pedestrian,Fatality,Unknown,Unknown,,, , , , , , , , , , , ,Unknown,Unknown,Unknown,Unknown,,Y, , , , , , , , , , ,Y, , , , , ,Y, , ,Yes,Mille Lacs County Sheriff, ,Unknown,,Y,,Y,,Y,"Unknown, see Narrative", ,"Summary: Information provided as an update to 13781-7197-2. Based on a determination by local law enforcement as part of their investigation, this incident did not involve the original vehicle of interest, and there is no information, indication or continued allegation relating to the operation of an ADAS-equipped vehicle of any make. Tesla requests removal of this report and its count from the SGO reporting. Source: Media.",
13781-7372,1,"Tesla, Inc.",5-Day,,,MAR-2024,5YJ3E1EB8NF, ,N/A,Tesla,Model 3, ,2022, ,308f4b857677d52,36624, ,Consumer,"[REDACTED, MAY CONTAIN CONFIDENTIAL BUSINESS INFORMATION]", ,Y,"[REDACTED, MAY CONTAIN CONFIDENTIAL BUSINESS INFORMATION]", ,Y,"[REDACTED, MAY CONTAIN CONFIDENTIAL BUSINESS INFORMATION]", ,Y,,Y, ,,, ,Y,No,,No,ADAS,, , ,Y, , , , , ,,MAR-2024, ,MAR-2024,18:21, ,66ebb82ebec22b6,[MAY CONTAIN PERSONALLY IDENTIFIABLE INFORMATION], ,[MAY CONTAIN PERSONALLY IDENTIFIABLE INFORMATION], ,[MAY CONTAIN PERSONALLY IDENTIFIABLE INFORMATION], ,Lockland, ,OH ,[MAY CONTAIN PERSONALLY IDENTIFIABLE INFORMATION], ,Highway / Freeway,Dry,No Unusual Conditions,55, ,Daylight,Y, , , , , , , ,,Pickup Truck,Unknown,Yes,Proceeding Straight,Unknown,Unknown,Y,Y, ,Y, , , , , , , ,Proceeding Straight,Unknown,Yes,Unknown,77, , , , , , , ,Y,Y,Y, , , , ,Y, ,Y,Y, , ,Unknown,,Y,Unknown,,Y,,Y,,Y,"[REDACTED, MAY CONTAIN CONFIDENTIAL BUSINESS INFORMATION]",Y,"[REDACTED, MAY CONTAIN CONFIDENTIAL BUSINESS INFORMATION]",Y
13781-7371,1,"Tesla, Inc.",5-Day,,,MAR-2024,5YJ3E1EB3LF, ,N/A,Tesla,Model 3, ,2020, ,e515f2850d05742,130435, ,Consumer,"[REDACTED, MAY CONTAIN CONFIDENTIAL BUSINESS INFORMATION]", ,Y,"[REDACTED, MAY CONTAIN CONFIDENTIAL BUSINESS INFORMATION]", ,Y,"[REDACTED, MAY CONTAIN CONFIDENTIAL BUSINESS INFORMATION]", ,Y,,Y, ,,, ,Y,No,,No,ADAS,, , ,Y, , , , , ,,MAR-2024, ,MAR-2024,20:22, ,74c407b297e53a2,[MAY CONTAIN PERSONALLY IDENTIFIABLE INFORMATION], ,[MAY CONTAIN PERSONALLY IDENTIFIABLE INFORMATION], ,[MAY CONTAIN PERSONALLY IDENTIFIABLE INFORMATION], ,Wildwood, ,FL ,[MAY CONTAIN PERSONALLY IDENTIFIABLE INFORMATION], ,Intersection,Dry,No Unusual Conditions,55, ,Daylight,Y, , , , , , , ,,"Other, see Narrative",Unknown,Yes,Making Left Turn,Unknown,Unknown,Y,Y, ,Y, , , , , , , ,"Other, see Narrative",Yes,Unknown,Unknown,59, , , ,Y, , ,Y, , ,Y, , ,Y, ,Y, ,Y,Y, , ,Unknown,,Y,Unknown,,Y,,Y,,Y,"[REDACTED, MAY CONTAIN CONFIDENTIAL BUSINESS INFORMATION]",Y,"[REDACTED, MAY CONTAIN CONFIDENTIAL BUSINESS INFORMATION]",Y
13781-7370,1,"Tesla, Inc.",5-Day,,,MAR-2024,5YJ3E1EC0LF, ,N/A,Tesla,Model 3, ,2020, ,030799576233332,46856, ,Consumer,"[REDACTED, MAY CONTAIN CONFIDENTIAL BUSINESS INFORMATION]", ,Y,"[REDACTED, MAY CONTAIN CONFIDENTIAL BUSINESS INFORMATION]", ,Y,"[REDACTED, MAY CONTAIN CONFIDENTIAL BUSINESS INFORMATION]", ,Y,,Y, ,,, ,Y,No,,No,ADAS,, , ,Y, , , , , ,,MAR-2024, ,MAR-2024,23:43, ,e80329d73fcc36b,[MAY CONTAIN PERSONALLY IDENTIFIABLE INFORMATION], ,[MAY CONTAIN PERSONALLY IDENTIFIABLE INFORMATION], ,[MAY CONTAIN PERSONALLY IDENTIFIABLE INFORMATION], ,Tiverton, ,RI ,[MAY CONTAIN PERSONALLY IDENTIFIABLE INFORMATION], ,Rural Road,Dry,No Unusual Conditions,40, ,Dark - Not Lighted,Y, , , , , , , ,,SUV,Unknown,Yes,Traveling Wrong Way,Unknown,Unknown, , ,Y, , ,Y, , ,Y, , ,Proceeding Straight,Yes,Unknown,Unknown,23, , , ,Y, , ,Y, , ,Y, , ,Y, ,Y, ,Y,Y, , ,Unknown,,Y,Unknown,,Y,,Y,,Y,"[REDACTED, MAY CONTAIN CONFIDENTIAL BUSINESS INFORMATION]",Y,"[REDACTED, MAY CONTAIN CONFIDENTIAL BUSINESS INFORMATION]",Y
502-7268,2,Ford Motor Company,10-Day Update,,,MAR-2024,3FMTK3R77NM, ,N/A,Ford,Mach-E, ,2022, ,8a7a31c3f6ec5d6,11951, ,Consumer,CoPilot 360 Active 2.0, , ,"[REDACTED, MAY CONTAIN CONFIDENTIAL BUSINESS INFORMATION]", ,Y,"[REDACTED, MAY CONTAIN CONFIDENTIAL BUSINESS INFORMATION]", ,Y,, ,Y,,, ,Y,No,,No,ADAS,, , , , , , ,Y, ,,FEB-2024, ,MAR-2024,21:50, ,594a4ee91cc1b56,,Y,,Y,[MAY CONTAIN PERSONALLY IDENTIFIABLE INFORMATION], ,San Antonio, ,TX ,,Y,Highway / Freeway,Dry,No Unusual Conditions,70, ,Dark - Not Lighted,Y, , , , , , , ,,SUV,Fatality,Yes,Stopped,Yes,Yes, , , ,Y, , , , , ,Y, ,Proceeding Straight,Yes,Yes,Yes,70, , , ,Y, ,Y,Y, , ,Y, , ,Y,Y,Y, , ,Y, , ,Yes,San Antonio Police Dept, ,Yes,[MAY CONTAIN PERSONALLY IDENTIFIABLE INFORMATION], ,,Y,,Y,Yes, ,"On March 8, 2024, an individual posted comments in a social media vehicle forum alleging an incident that occurred while he was driving a Ford Mach-E vehicle. The customer stated he was traveling at 70 MPH and operating in hands-free BlueCruise mode. The driver stated that he did not see and the BlueCruise system did not identify an SUV stopped in the ""middle of the freeway"" and that he crashed into the SUV. A police report obtained on March 9 states that the accident occurred on February [XXX], 2024, at approximately 9:50pm and that the driver of the other vehicle (stopped in the middle lane of three lanes with lights off) was pronounced deceased at a hospital that evening. 
 
Ford has retrieved and provided the agency with preliminary telematic data as required.",
502-7283,1,Ford Motor Company,5-Day,,,MAR-2024,1FMCU0BZ5MU, ,N/A,Ford,Escape, ,2021, ,e86e88b4d741d24,24042, ,Consumer,CoPilot 360 Assist+, , ,"[REDACTED, MAY CONTAIN CONFIDENTIAL BUSINESS INFORMATION]", ,Y,"[REDACTED, MAY CONTAIN CONFIDENTIAL BUSINESS INFORMATION]", ,Y,, ,Y,,, ,Y,No,,No,ADAS,, ,Y, , , , , , ,,FEB-2024, ,MAR-2024,11:41, ,40e94ffa0a7aa67,,Y,,Y,[MAY CONTAIN PERSONALLY IDENTIFIABLE INFORMATION], ,Libertyville Twp, ,IL ,[MAY CONTAIN PERSONALLY IDENTIFIABLE INFORMATION], ,Highway / Freeway,Dry,No Unusual Conditions,65, ,Daylight,Y, , , , , , , ,,Passenger Car,No Injuries Reported,Yes,Changing Lanes,No,No,Y, , , , , , , , , , ,Proceeding Straight,Yes,Yes,Yes,65, ,Y,Y,Y, , ,Y, ,Y,Y, , , ,Y, , , , , , ,No,, ,No,, ,, ,, ,Yes, ,"The driver of the Escape was traveling east on [XXX] while using ACC/LCA. A BMW in the adjacent lane abruptly cut into the driver's lane, resulting in a collision with the front-right of the Escape. The impact caused the Escape to veer off the roadway and collide with the center median barrier, leading to additional damage on the front and left side of the vehicle. The driver of the BMW fled the scene. No injuries were reported. The airbags on the Escape deployed, and the vehicle was towed from the scene.",
753-6931,4,"Kia America, Inc.",Update,,,MAR-2024,5XYP54GC4PG, ,[MAY CONTAIN PERSONALLY IDENTIFIABLE INFORMATION],KIA,TELLURIDE, ,2023, ,3e6a411d67ace4e,7500, ,Consumer,HDA, , ,"Due to multiple components, no version can be provided", , ,"Due to multiple components, no version can be provided", , ,,Y, ,,, ,Y,No,,No,ADAS,, ,Y, , , , , , ,,DEC-2023, ,JAN-2024,20:00, ,d2b91431230e17e,[MAY CONTAIN PERSONALLY IDENTIFIABLE INFORMATION], ,[MAY CONTAIN PERSONALLY IDENTIFIABLE INFORMATION], ,[MAY CONTAIN PERSONALLY IDENTIFIABLE INFORMATION], ,LAKE CITY, ,FL ,[MAY CONTAIN PERSONALLY IDENTIFIABLE INFORMATION], ,Highway / Freeway,Dry,Unknown,70, ,Unknown, , , , , , ,Y, ,,"Other, see Narrative",Minor,No,"Other, see Narrative",Not Applicable,Not Applicable, , , , , , , , , , ,Y,Proceeding Straight,Yes,Yes,Yes,77, ,Y, ,Y,Y,Y,Y,Y,Y,Y, , ,Y, , ,Y, ,Y, , ,Unknown,,Y,Yes,,Y,,Y,,Y,"Unknown, see Narrative", ,"Customer contacted Kia's Customer Care Center on 1/4/24 to provide details regarding an incident that had occurred on 12/14/23 involving his 2023MY Kia Telluride. Customer reported that while driving, along w/ 3 passengers, on [XXX] in the State of GA, there was a bend in the road & the vehicle didn't make the turn in time & the vehicle ran into wet grass. The customer stated he was unable to recover control of the vehicle once it made contact w/ the wet grass. Customer reported that the vehicle ""hit berms, trees, signs & also began to roll until the vehicle settled to a stop."" The customer reported he was driving 77mph in a 70mph zone. The customer indicated that Highway Driving Assist (HDA) and Smart Cruise Control (SCC) features were engaged 30 seconds before the incident. The airbags deployed & reported minor injuries of ""cuts, scratches, wounds, bumps & bruises"". The customer alleged that the lane departure system didn't work properly & wanted a new vehicle or compensation in order to purchase another vehicle. Kia notes that based on available information, the incident occurred in FL.
The subject Kia Telluride is equipped w/ HDA, Lane Following Assist (LFA) and SCC. HDA is a supplemental system that helps maintain a set distance & speed from the vehicle ahead when driving on a highway & helps keep the vehicle between lanes while driving. HDA may not be able to recognize all traffic situations & may not detect possible collisions due to limitations of the system. LFA is also a supplemental system that helps to detect lane markings and/or vehicles on the road, & assists the driver's steering to help keep the vehicle between lanes. LFA does not operate at all times & it's the responsibility of the driver to safely steer the vehicle & to maintain the vehicle in its lane. Based on the available information, the customer appears to have a misunderstanding of the capabilities of the vehicle's LFA function & appears to have relied on LFA to steer the vehicle.
*1/16/24: Monthly Update
Kia is working w/ ODI engineer, Joe Teitelman to schedule a joint inspection of the subject vehicle in Jacksonville, FL. The owner has consented to the EDR being downloaded which will be done when the vehicle is inspected. At the time of this update, the current proposed date for inspection is set for 1/31/24. Kia has no further information at this time.
*2/15/24: Monthly Update
The joint inspection with ODI engineer Joseph Teitelman occurred on 1/31/24. On 2/12/24, Kia submitted the EDR report w/ a request for confidentiality via NHTSA's SLFTS portal. On 2/14/24, Joseph Teitelman also requested the diagnostic reports from the subject vehicle which was submitted by Kia w/ a CBI request the following day, 2/15/24 via NHTSA SLFTS portal.
*3/15/24: Monthly Update
Kia engineer reviewed the EDR data previously submitted to NHTSA and identified the following: 1) the vehicle's safety restraint systems operated normally & without fault in each impact 2) the SCC system was engaged before the crash, however, the throttle was being pressed by the driver, overriding the system's operation and 3) the EDR does not record any lane assist function operation, however, the steering angles recorded in the data from -3.0 to 0.0 seconds before crash are above the threshold for what the system can provide both for rate of rotation and total angle. As a result, no vehicle or manufacturing concern was identified and the cause of the crash was most likely due to driver error.",