Report ID,Report Version,Reporting Entity,Report Type,Report Month,Report Year,Report Submission Date,VIN,VIN - Unknown,Serial Number,Make,Model,Model - Unknown,Model Year,Model Year - Unknown,Same Vehicle ID,Mileage,Mileage - Unknown,Driver / Operator Type,ADAS/ADS System Version,ADAS/ADS System Version - Unk,ADAS/ADS System Version CBI,ADAS/ADS Hardware Version,ADAS/ADS Hardware Version - Unk,ADAS/ADS Hardware Version CBI,ADAS/ADS Software Version,ADAS/ADS Software Version - Unk,ADAS/ADS Software Version CBI,Other Reporting Entities?,Other Reporting Entities? - Unk,Other Reporting Entities? - NA,Federal Regulatory Exemption?,Other Federal Reg. Exemption,Federal Reg. Exemption - Unk,Federal Reg. Exemption - No,State or Local Permit?,State or Local Permit,ADS Equipped?,Automation System Engaged?,Operating Entity,Operating Entity - Unknown,Source - Complaint/Claim,Source - Telematics,Source - Law Enforcement,Source - Field Report,Source - Testing,Source - Media,Source - Other,Source - Other Text,Incident Date,Incident Date - Unknown,Notice Received Date,Incident Time (24:00),Incident Time - Unknown,Same Incident ID,Latitude,Latitude - Unknown,Longitude,Longitude - Unknown,Address,Address - Unknown,City,City - Unknown,State,Zip Code,Zip Code - Unknown,Roadway Type,Roadway Surface,Roadway Description,Posted Speed Limit (MPH),Posted Speed Limit - Unknown,Lighting,Weather - Clear,Weather - Snow,Weather - Cloudy,Weather - Fog/Smoke,Weather - Rain,Weather - Severe Wind,Weather - Unknown,Weather - Other,Weather - Other Text,Crash With,Highest Injury Severity Alleged,Property Damage?,CP Pre-Crash Movement,CP Any Air Bags Deployed?,CP Was Vehicle Towed?,CP Contact Area - Rear Left,CP Contact Area - Left,CP Contact Area - Front Left,CP Contact Area - Rear,CP Contact Area - Top,CP Contact Area - Front,CP Contact Area - Rear Right,CP Contact Area - Right,CP Contact Area - Front Right,CP Contact Area - Bottom,CP Contact Area - Unknown,SV Pre-Crash Movement,SV Any Air Bags Deployed?,SV Was Vehicle Towed?,SV Were All Passengers Belted?,SV Precrash Speed (MPH),SV Pre-crash Speed - Unknown,SV Contact Area - Rear Left,SV Contact Area - Left,SV Contact Area - Front Left,SV Contact Area - Rear,SV Contact Area - Top,SV Contact Area - Front,SV Contact Area - Rear Right,SV Contact Area - Right,SV Contact Area - Front Right,SV Contact Area - Bottom,SV Contact Area - Unknown,Data Availability - EDR,Data Availability - Police Rpt,Data Availability - Telematics,Data Availability - Complaints,Data Availability - Video,Data Availability - Other,Data Availability - No Data,Data Availability - Unknown,Law Enforcement Investigating?,Investigating Agency,Investigating Agency - Unknown,Rep Ent Or Mfr Investigating?,Investigating Officer Name,Inv. Officer Name - Unknown,Investigating Officer Phone,Inv. Officer Phone - Unknown,Investigating Officer Email,Inv. Officer Email - Unknown,Within ODD?,Within ODD? - CBI,Narrative,Narrative - CBI?
753-7087,2,"Kia America, Inc.",Update,,,MAR-2024,5XXG64J2XNG, ,[MAY CONTAIN PERSONALLY IDENTIFIABLE INFORMATION],KIA,K5, ,2022, ,2defac2e339e2e1,32000, ,Consumer,HDA, , ,"Due to multiple components, no version can be provided", , ,"Due to multiple components, no version can be provided", , ,,Y, ,,,Y, ,No,,No,ADAS,, ,Y, , , , , , ,,OCT-2023, ,FEB-2024,22:30, ,e59a15746951989,,Y,,Y,[MAY CONTAIN PERSONALLY IDENTIFIABLE INFORMATION], ,BRICK TOWNSHIP, ,NJ ,[MAY CONTAIN PERSONALLY IDENTIFIABLE INFORMATION], ,Highway / Freeway,Wet,"Other, see Narrative",70, ,Dark - Lighted, , , , ,Y, , , ,,"Other, see Narrative",No Injuries Reported,No,Changing Lanes,Unknown,Unknown, , , , , , , , , , ,Y,Proceeding Straight,No,Yes,Yes,75, , , , , , , , , , , ,Y, , , ,Y, , , , ,Unknown,,Y,Yes,,Y,,Y,,Y,"Unknown, see Narrative", ,"Customer contacted Kia's Customer Care Center on February 6, 2024 to provide details regarding an incident that had occurred on October [XXX], 2023 involving his 2022MY Kia K5. Customer reported that while driving northbound on the [XXX], between [XXX] and [XXX], a vehicle merged into the customer's lane. Customer ""slammed on the brakes,"" ""hydroplaned,"" and rear ended the other vehicle. The vehicle was towed, but there were no injuries alleged. Customer alleged that the vehicle's airbags did not deploy and requested payment or replacement of the vehicle.
The subject Kia K5 is equipped with Highway Driving Assist (HDA) and Smart Cruise Control (SCC). HDA is a supplemental system that helps maintain a set distance and speed from the vehicle ahead when driving on a highway and helps keep the vehicle between lanes while driving. HDA may not be able to recognize all traffic situations and may not detect possible collisions due to limitations of the system.
Customer indicated that HDA was on at the time of the accident or in the 30 seconds immediately prior to the accident. However, customer also indicated that the SCC was not in the same timeframe. One of the requirements for HDA to be activated is that SCC must already be activated. Kia's Customer Care Center has attempted to contact the customer to request clarification, but the customer has not responded.
Despite no allegation about a defect or malfunction in the HDA, Kia is reporting this incident out of an abundance of caution based on the information currently available.
*3/15/2024: Monthly Update*
Following submission of the report to NHTSA, customer requested that Kia Customer Care assist her with her insurance company.  Customer specifically stated ""I know my airbags didn't deploy but that doesn't concern me. I'm really just seeing what you guys can do to help me with my insurance."" Kia advised customer of options for handling. No further information provided regarding HDA.  As previously indicated, customer did not identify a failure or malfunction with HDA. No further contact from customer.",
753-6768,5,"Kia America, Inc.",Update,,,MAR-2024,5XXG64J27RG, ,[MAY CONTAIN PERSONALLY IDENTIFIABLE INFORMATION],KIA,K5, ,2024, ,4ce7b2fa13cd731,2824, ,Consumer,HDA, , ,"Due to multiple components, no version can be provided", , ,"Due to multiple components, no version can be provided", , ,,Y, ,,, ,Y,No,,No,"Unknown, see Narrative",, ,Y, , , , , , ,,NOV-2023, ,DEC-2023,07:40, ,b8a3a73b39baa16,,Y,,Y,[MAY CONTAIN PERSONALLY IDENTIFIABLE INFORMATION], ,Aurora, ,CO ,[MAY CONTAIN PERSONALLY IDENTIFIABLE INFORMATION], ,Highway / Freeway,Dry,"Other, see Narrative",65, ,Daylight,Y, , , , , , ,Y,Completely dry warm weather,"Other, see Narrative",Moderate,No,"Other, see Narrative",Unknown,Unknown, , , , , , , , , , ,Y,Proceeding Straight,Yes,Yes,Yes,65, , ,Y,Y, , ,Y, , ,Y, , ,Y, , ,Y, , , , ,Unknown,,Y,Yes,,Y,,Y,,Y,"Unknown, see Narrative", ,"The owner (father of the driver) of a 2024MY Kia K5 contacted Kia's Customer Care Center on 12/5/2023 indicating his son was driving the subject vehicle when the traffic slowed down suddenly and was involved in an accident. The father was not a passenger or witness to the accident. The father reported his son was traveling approximately 60-65mph when a ""Ford Explorer may have cut him off, [REDACTED, MAY CONTAIN CONFIDENTIAL BUSINESS INFORMATION] he had no time to brake, and hit the [REDACTED, MAY CONTAIN CONFIDENTIAL BUSINESS INFORMATION]"". The ""car did [REDACTED, MAY CONTAIN CONFIDENTIAL BUSINESS INFORMATION] alert or brake"" prior to impact. The father indicated his son did not remember if he had hit the brakes.
The subject Kia K5 is equipped with Highway Driving Assist (HDA), Lane Following Assist (LFA) and Smart Cruise Control (SCC). HDA is a supplemental system that helps maintain a set distance and speed from the vehicle ahead when driving on a highway and helps keep the vehicle between lanes while driving. HDA may not be able to recognize all traffic situations and may not detect possible collisions due to limitations of the system. LFA is also a supplemental system that helps to detect lane markings and/or vehicles on the road, and assists the driver's steering to help keep the vehicle between lanes. LFA does not operate at all times and it is the responsibility of the driver to safely steer the vehicle and to maintain the vehicle in its lane.
The father reported that HDA and LFA were engaged but SCC was not. It is unclear whether HDA was in fact engaged since the father reported SCC was not. Kia is currently working with the father to retrieve the vehicle's ACU but has no further information at this time.
*10-Day Update*
After Kia's 1-Day report was submitted, the customer provided Kia with photos of the vehicle. Kia has no further update at this time.
*1/16/2024: Monthly Update*
On 12/18/2023, ODI engineer Joseph Teitelman requested some additional information regarding the vehicle.  Kia responded on the same day.  The ACU for the subject vehicle was shipped to Kia America on 1/11/2024 and is currently in transit. Once received, Kia will download the EDR and provide to Joe Teitelman per his request via the provided SLFTS link.
*2/15/2024: Monthly Update*
On 1/23/2024, Kia submitted the requested EDR report to Mr. Teitelman via NHTSA's SLFTS portal.
*3/15/2024: Monthly Update*
Kia engineer reviewed the EDR data previously submitted to NHTSA and identified the following: 1) Vehicle was travelling 111-112 kph pre-crash (69-70 mph) 2) Smart Cruise Control was off during the entire 5 seconds pre-crash and was not being operated in L2 mode during this time 3) Driver pressed brakes at 0.5 seconds pre-crash in conjunction with FCA providing braking force which activated ABS 4) Forward Collision Avoidance Assist provided Level 1 warning from -0.8 to -0.7 seconds before the crash 5) FCA provided Level 2 warning from -0.6 to 0.0 seconds before the crash and 6) Brake pressure was recorded at 154.2 bar at 0.5 seconds pre-crash.  The vehicle systems appear to have operated as designed.",
13781-7359,1,"Tesla, Inc.",5-Day,,,MAR-2024,5YJ3E1EBXJF, ,N/A,Tesla,Model 3, ,2018, ,a045976770a9c38,33170, ,Consumer,"[REDACTED, MAY CONTAIN CONFIDENTIAL BUSINESS INFORMATION]", ,Y,"[REDACTED, MAY CONTAIN CONFIDENTIAL BUSINESS INFORMATION]", ,Y,"[REDACTED, MAY CONTAIN CONFIDENTIAL BUSINESS INFORMATION]", ,Y,,Y, ,,, ,Y,No,,No,ADAS,, , ,Y, , , , , ,,MAR-2024, ,MAR-2024,20:57, ,83148aca448d18e,[MAY CONTAIN PERSONALLY IDENTIFIABLE INFORMATION], ,[MAY CONTAIN PERSONALLY IDENTIFIABLE INFORMATION], ,[MAY CONTAIN PERSONALLY IDENTIFIABLE INFORMATION], ,Venice, ,FL ,[MAY CONTAIN PERSONALLY IDENTIFIABLE INFORMATION], ,Highway / Freeway,Dry,Unknown,45, ,Daylight,Y, , , , , , , ,,Unknown,Unknown,Yes,Unknown,Unknown,Unknown, , , , , , , , , , ,Y,Proceeding Straight,Yes,Unknown,Unknown,32, , , , , , , , , , , ,Y,Y, ,Y, ,Y,Y, , ,Unknown,,Y,Unknown,,Y,,Y,,Y,"[REDACTED, MAY CONTAIN CONFIDENTIAL BUSINESS INFORMATION]",Y,"[REDACTED, MAY CONTAIN CONFIDENTIAL BUSINESS INFORMATION]",Y
13781-7353,1,"Tesla, Inc.",5-Day,,,MAR-2024,7SAYGDEE6NF, ,N/A,Tesla,Model Y, ,2022, ,13a1d3a713e30c3,20863, ,Consumer,"[REDACTED, MAY CONTAIN CONFIDENTIAL BUSINESS INFORMATION]", ,Y,"[REDACTED, MAY CONTAIN CONFIDENTIAL BUSINESS INFORMATION]", ,Y,"[REDACTED, MAY CONTAIN CONFIDENTIAL BUSINESS INFORMATION]", ,Y,,Y, ,,, ,Y,No,,No,ADAS,, , ,Y, , , , , ,,MAR-2024, ,MAR-2024,01:13, ,829980c1c3dcd52,[MAY CONTAIN PERSONALLY IDENTIFIABLE INFORMATION], ,[MAY CONTAIN PERSONALLY IDENTIFIABLE INFORMATION], ,[MAY CONTAIN PERSONALLY IDENTIFIABLE INFORMATION], ,Peoria, ,AZ ,,Y,Highway / Freeway,Wet,No Unusual Conditions,65, ,Daylight, , ,Y, ,Y, , , ,,Other Fixed Object,Unknown,Yes,,,, , , , , , , , , , , ,Proceeding Straight,Yes,Unknown,Unknown,,Y, , ,Y, , ,Y, , ,Y, , ,Y, ,Y, ,Y,Y, , ,Unknown,,Y,Unknown,,Y,,Y,,Y,"[REDACTED, MAY CONTAIN CONFIDENTIAL BUSINESS INFORMATION]",Y,"[REDACTED, MAY CONTAIN CONFIDENTIAL BUSINESS INFORMATION]",Y
13781-7352,1,"Tesla, Inc.",5-Day,,,MAR-2024,5YJ3E1EA1JF, ,N/A,Tesla,Model 3, ,2018, ,7f29a0decc60bf5,48928, ,Consumer,"[REDACTED, MAY CONTAIN CONFIDENTIAL BUSINESS INFORMATION]", ,Y,"[REDACTED, MAY CONTAIN CONFIDENTIAL BUSINESS INFORMATION]", ,Y,"[REDACTED, MAY CONTAIN CONFIDENTIAL BUSINESS INFORMATION]", ,Y,,Y, ,,, ,Y,No,,No,ADAS,, , ,Y, , , , , ,,MAR-2024, ,MAR-2024,19:28, ,f4b1381f000d682,[MAY CONTAIN PERSONALLY IDENTIFIABLE INFORMATION], ,[MAY CONTAIN PERSONALLY IDENTIFIABLE INFORMATION], ,[MAY CONTAIN PERSONALLY IDENTIFIABLE INFORMATION], ,Houston, ,TX ,[MAY CONTAIN PERSONALLY IDENTIFIABLE INFORMATION], ,Unknown,Unknown,Unknown,,Y,Unknown, , , , , , ,Y, ,,Unknown,Unknown,Yes,Unknown,Unknown,Unknown, , , , , , , , , , ,Y,Proceeding Straight,Yes,Unknown,Unknown,38, , , , , , , , , , , ,Y,Y, ,Y, , ,Y, , ,Unknown,,Y,Unknown,,Y,,Y,,Y,"[REDACTED, MAY CONTAIN CONFIDENTIAL BUSINESS INFORMATION]",Y,"[REDACTED, MAY CONTAIN CONFIDENTIAL BUSINESS INFORMATION]",Y
540-7305,1,"General Motors, LLC",5-Day,,,MAR-2024,1GTUUHEL8PZ, ,N/A,GMC,Sierra 1500, ,2023, ,675e8848dd75f29,18653, ,Consumer,Level 2, , ,,Y, ,,Y, ,, ,Y,,, ,Y,No,,No,ADAS,, , ,Y, , , , ,Y,OnStar call,MAR-2024, ,MAR-2024,13:19, ,83d0dfe05d5b33e,[MAY CONTAIN PERSONALLY IDENTIFIABLE INFORMATION], ,[MAY CONTAIN PERSONALLY IDENTIFIABLE INFORMATION], ,[MAY CONTAIN PERSONALLY IDENTIFIABLE INFORMATION], ,Newport, ,MI ,[MAY CONTAIN PERSONALLY IDENTIFIABLE INFORMATION], ,Street,Dry,No Unusual Conditions,70, ,Daylight, , , , , , , ,Y,partly cloudy,Heavy Truck,Unknown,Yes,Stopped,Unknown,Unknown, , , , , , , , , , ,Y,Proceeding Straight,Yes,Unknown,Yes,61, , , ,Y, , , , , , , , , , ,Y, , ,Y, , ,Unknown,,Y,No,,Y,,Y,,Y,Yes, ,"On the afternoon of March [XXX], 2024, a 2023 model year GMC Sierra 1500 Crew Cab was travelling northwest on [XXX] in Newport, Michigan with Super Cruise engaged.  According to the OnStar call, the driver claims to have been tired and closed his eyes for a second and then hit a stationary construction/work vehicle.  Telematics data indicates an impact to the driver side front corner at 1:19:31 PM EST.  Telematics data also indicates the driver and passenger front and side airbags and seat belt pretensioners deployed.  Super Cruise was active 91 seconds prior to crash and was disabled approximately 1 second prior to crash.  The last recorded vehicle speed was 61 mph at five seconds prior to impact.",
1243-7252,2,"Subaru of America, Inc.",10-Day Update,,,MAR-2024,4S4BTGPD0M3, ,N/A,Subaru,Outback, ,2021, ,c973901c0e51230,25718, ,Consumer,"[REDACTED, MAY CONTAIN CONFIDENTIAL BUSINESS INFORMATION]", ,Y,,Y, ,,Y, ,, ,Y,,, ,Y,No,,No,"Unknown, see Narrative",, ,Y, , , , , , ,,FEB-2024, ,MAR-2024,09:40, ,934233e20498578,[MAY CONTAIN PERSONALLY IDENTIFIABLE INFORMATION], ,[MAY CONTAIN PERSONALLY IDENTIFIABLE INFORMATION], ,[MAY CONTAIN PERSONALLY IDENTIFIABLE INFORMATION], ,Richfield Springs, ,NY ,[MAY CONTAIN PERSONALLY IDENTIFIABLE INFORMATION], ,Rural Road,Snow / Slush / Ice,"Other, see Narrative",,Y,Daylight, ,Y,Y, , , , , ,,"Other, see Narrative",Moderate,Unknown,"Other, see Narrative",Not Applicable,Not Applicable, , , , , , , , , , ,Y,Unknown,Yes,Yes,Yes,30, , , , , , , , , , ,Y, , , ,Y, , , , , ,Unknown,,Y,Unknown,,Y,,Y,,Y,"[REDACTED, MAY CONTAIN CONFIDENTIAL BUSINESS INFORMATION]",Y,"[REDACTED, MAY CONTAIN CONFIDENTIAL BUSINESS INFORMATION]",Y
62-7319,1,Honda (American Honda Motor Co.),Monthly,3,2024,MAR-2024,1HGCV1F53LA, ,N/A,HONDA,ACCORD, ,2020, ,35f7592f8f29540,71918, ,Consumer,ACC/LKAS, , ,,Y, ,,Y, ,, ,Y,,, ,Y,No,,Yes,ADAS,, , , , , , , ,Y,Fleet Response,MAR-2024, ,MAR-2024,13:25, ,90b0f7119a3b622,,Y,,Y,,Y,Louisville, ,KY ,,Y,Highway / Freeway,Dry,No Unusual Conditions,70, ,Daylight, , , , , , ,Y, ,,Heavy Truck,No Injuries Reported,No,Proceeding Straight,No,No,Y,Y, , , , , , , , , ,Proceeding Straight,No,No,Yes,78, , , , ,Y, , , , , , , , , , , , ,Y, , ,Yes,Louisville Metro Police, ,No,,Y,,Y,,Y,Yes, ,"On [XXX], a Honda Accord (Vehicle 1) equipped with Lane Keeping Assist System (LKAS) and Adaptive Cruise Control (ACC) was traveling at a speed of 78 MPH in a 70 MPH zone. As it moved parallel to Vehicle 2, a 10-wheeler, the Accord's brake system unexpectedly activated, while simultaneously, the LKAS caused the steering wheel to jerk, redirecting the vehicle to the right. This incident led to a collision with Vehicle 2, specifically impacting the lug nut, resulting in the partial detachment of the Accord's rear bumper.
Throughout this event, both the ACC and LKAS were actively engaged, providing automated speed control and lane assistance. There was no manual disengagement of these systems by the driver prior to the incident, nor were there any known issues with the systems that might have led to their malfunction.
Following the crash, it was reported that there were no injuries or fatalities. There was also no airbag deployment from either vehicle. Neither vehicle needed to be towed and the driver of Vehicle 1 was able to drive to his destination. The following day, Vehicle 1 was considered a total loss. The incident was immediately reported by the driver of Vehicle 1 as he is an associate of American Honda who was driving a company vehicle. The incident was reported to Fleet Response, a company vehicle program. Fleet Response then communicated the details of the incident to American Honda's Product Regulatory Office for further investigation and action.
This narrative does not serve as an update to a previously submitted report, thus no REPORT ID is provided. No external media sources have been referenced for this account.",
945-7231,3,"Nissan North America, Inc.",Update,,,MAR-2024,JN1BF0BA1PM, ,N/A,Nissan,Ariya, ,2023, ,c49367aeb88caf0,,Y,Unknown,ProPilot Assist 2.0, , ,,Y, ,,Y, ,,Y, ,,,Y, ,Unknown,,No,ADAS,,Y, ,Y, , , , , ,,FEB-2024, ,FEB-2024,12:53, ,6d33a5344419c18,[MAY CONTAIN PERSONALLY IDENTIFIABLE INFORMATION], ,[MAY CONTAIN PERSONALLY IDENTIFIABLE INFORMATION], ,[MAY CONTAIN PERSONALLY IDENTIFIABLE INFORMATION], ,See Narative, ,NJ ,,Y,Highway / Freeway,Unknown,Unknown,,Y,Unknown, , , , , , ,Y, ,,Unknown,Unknown,Unknown,Unknown,Unknown,Unknown, , , , , , , , , , ,Y,Unknown,Yes,Unknown,Unknown,,Y, , , , , , , , , , ,Y, , ,Y, , , , , ,Unknown,,Y,Yes,,Y,,Y,,Y,"Unknown, see Narrative", ,"The information contained in this report is based solely on Nissan's notification via telematics that a vehicle equipped with Pro Pilot Assist 2.0 was involved in an incident involving an air bag deployment. The time stamp on the incident notification is 12:53 UTC. Initial information indicates the vehicle was operating in ProPilot Assist 1.0 mode (hands on mode). 
Nissan is currently examining its ability to provide additional details that may be protected by consumer privacy laws. While it completes this privacy review, Nissan has provided the general latitude/longitude information above because the text box will not accept a non-numeric answer.
Nissan is gathering additional information and will supplement with the 10-day report.
Nissan has not been contacted regarding this incident.
10-Day Update (3/8/2024): This incident does not meet the 1-day reporting criteria but was incorrectly filed as such. Subsequently, Nissan is filing a 10-day report to follow the reporting criteria of the 1-day requirement. To date, Nissan has not been contacted regarding this incident.
Monthly Report (3/15/2024): Nissan has not been contacted regarding this incident.",
945-7224,2,"Nissan North America, Inc.",Update,,,MAR-2024,5N1BT3BA9PC, ,N/A,Nissan,Rogue, ,2023, ,b01f653ef4da950,4100, ,Consumer,PRO-PILOT ASSIST, , ,,Y, ,,Y, ,,Y, ,,,Y, ,Unknown,,No,ADAS,, ,Y, , , , , , ,,FEB-2024, ,FEB-2024,11:30, ,1c611a40039cbca,,Y,,Y,[MAY CONTAIN PERSONALLY IDENTIFIABLE INFORMATION], ,Georgetown, ,TX ,,Y,Highway / Freeway,Unknown,Unknown,,Y,Daylight, , , , , , ,Y, ,,Unknown,Minor,Yes,Unknown,Unknown,Unknown, , , , , , , , , , ,Y,Unknown,No,Yes,Unknown,10, , , , , , , , , , , ,Y, , , ,Y, , , , ,Unknown,,Y,Yes,,Y,,Y,,Y,"Unknown, see Narrative", ,"The information contained in this report is based solely on Nissan's understanding of the allegations received during Claimant's discussions with Nissan's Consumer Affairs representatives.  
On 2/20/2024, Claimant orally stated that the vehicle's air bags did not deploy in a front-end collision. Claimant reported she normally uses the cruise control to engage the brake, but that did not happen this time and she had to manually press the brake. As a result, the vehicle hit another vehicle in front and the air bag did not deploy from the impact. Claimant reports the vehicle was towed.
Nissan is attempting to coordinate the investigation with the customer.
On 2/26/2024, claimant stated the vehicle was traveling at 5 to 10 miles per hour when the incident occurred. Claimant stated their vehicle ""bumped into"" an F-150. After the incident, the front passenger sought medical attention for whiplash. Claimant declined the initial request for an inspection.
On 2/29/2024, Claimants wife declined a 2nd offer of an inspection.
On 3/6/2024, Nissan closed the investigation and sent a ""no chance to inspect"" letter.",
1243-7279,1,"Subaru of America, Inc.",1-Day,,,MAR-2024,4S4BTANC6L3, ,N/A,Subaru,Outback, ,2020, ,97960a09254512e,48320, ,Consumer,"[REDACTED, MAY CONTAIN CONFIDENTIAL BUSINESS INFORMATION]", ,Y,,Y, ,,Y, ,, ,Y,,, ,Y,No,,No,ADAS,, ,Y, , , , , , ,,MAR-2024, ,MAR-2024,15:41, ,5309d9f337e9e86,[MAY CONTAIN PERSONALLY IDENTIFIABLE INFORMATION], ,[MAY CONTAIN PERSONALLY IDENTIFIABLE INFORMATION], ,[MAY CONTAIN PERSONALLY IDENTIFIABLE INFORMATION], ,Victoria, ,TX ,[MAY CONTAIN PERSONALLY IDENTIFIABLE INFORMATION], ,Intersection,Dry,No Unusual Conditions,35, ,Daylight,Y, , , , , , , ,,SUV,Minor,Yes,Unknown,Unknown,Unknown, , ,Y, , ,Y, , ,Y, , ,Proceeding Straight,No,Yes,Yes,50, , , ,Y, , , , , , , , , , ,Y, , , , , ,Unknown,,Y,Unknown,,Y,,Y,,Y,"[REDACTED, MAY CONTAIN CONFIDENTIAL BUSINESS INFORMATION]",Y,"[REDACTED, MAY CONTAIN CONFIDENTIAL BUSINESS INFORMATION]",Y
1243-7274,1,"Subaru of America, Inc.",5-Day,,,MAR-2024,4S4BTALC7R3, ,N/A,Subaru,Outback, ,2024, ,35fd836e73a81cf,2229, ,Consumer,"[REDACTED, MAY CONTAIN CONFIDENTIAL BUSINESS INFORMATION]", ,Y,,Y, ,,Y, ,, ,Y,,, ,Y,No,,No,ADAS,, ,Y, , , , , , ,,MAR-2024, ,MAR-2024,13:45, ,00363b910ec53c3,[MAY CONTAIN PERSONALLY IDENTIFIABLE INFORMATION], ,[MAY CONTAIN PERSONALLY IDENTIFIABLE INFORMATION], ,[MAY CONTAIN PERSONALLY IDENTIFIABLE INFORMATION], ,Westfield, ,NY ,[MAY CONTAIN PERSONALLY IDENTIFIABLE INFORMATION], ,Highway / Freeway,Dry,No Unusual Conditions,65, ,Daylight,Y, , , , , , , ,,Other Fixed Object,No Injuries Reported,Yes,,,, , , , , , , , , , , ,Proceeding Straight,Yes,Yes,Unknown,60, ,Y,Y,Y, , , , , , , , , , ,Y, , , , , ,Unknown,,Y,Unknown,,Y,,Y,,Y,"[REDACTED, MAY CONTAIN CONFIDENTIAL BUSINESS INFORMATION]",Y,"[REDACTED, MAY CONTAIN CONFIDENTIAL BUSINESS INFORMATION]",Y