Report ID,Report Version,Reporting Entity,Report Type,Report Month,Report Year,Report Submission Date,VIN,VIN - Unknown,Serial Number,Make,Model,Model - Unknown,Model Year,Model Year - Unknown,Same Vehicle ID,Mileage,Mileage - Unknown,Driver / Operator Type,ADAS/ADS System Version,ADAS/ADS System Version - Unk,ADAS/ADS System Version CBI,ADAS/ADS Hardware Version,ADAS/ADS Hardware Version - Unk,ADAS/ADS Hardware Version CBI,ADAS/ADS Software Version,ADAS/ADS Software Version - Unk,ADAS/ADS Software Version CBI,Other Reporting Entities?,Other Reporting Entities? - Unk,Other Reporting Entities? - NA,Federal Regulatory Exemption?,Other Federal Reg. Exemption,Federal Reg. Exemption - Unk,Federal Reg. Exemption - No,State or Local Permit?,State or Local Permit,ADS Equipped?,Automation System Engaged?,Operating Entity,Operating Entity - Unknown,Source - Complaint/Claim,Source - Telematics,Source - Law Enforcement,Source - Field Report,Source - Testing,Source - Media,Source - Other,Source - Other Text,Incident Date,Incident Date - Unknown,Notice Received Date,Incident Time (24:00),Incident Time - Unknown,Same Incident ID,Latitude,Latitude - Unknown,Longitude,Longitude - Unknown,Address,Address - Unknown,City,City - Unknown,State,Zip Code,Zip Code - Unknown,Roadway Type,Roadway Surface,Roadway Description,Posted Speed Limit (MPH),Posted Speed Limit - Unknown,Lighting,Weather - Clear,Weather - Snow,Weather - Cloudy,Weather - Fog/Smoke,Weather - Rain,Weather - Severe Wind,Weather - Unknown,Weather - Other,Weather - Other Text,Crash With,Highest Injury Severity Alleged,Property Damage?,CP Pre-Crash Movement,CP Any Air Bags Deployed?,CP Was Vehicle Towed?,CP Contact Area - Rear Left,CP Contact Area - Left,CP Contact Area - Front Left,CP Contact Area - Rear,CP Contact Area - Top,CP Contact Area - Front,CP Contact Area - Rear Right,CP Contact Area - Right,CP Contact Area - Front Right,CP Contact Area - Bottom,CP Contact Area - Unknown,SV Pre-Crash Movement,SV Any Air Bags Deployed?,SV Was Vehicle Towed?,SV Were All Passengers Belted?,SV Precrash Speed (MPH),SV Pre-crash Speed - Unknown,SV Contact Area - Rear Left,SV Contact Area - Left,SV Contact Area - Front Left,SV Contact Area - Rear,SV Contact Area - Top,SV Contact Area - Front,SV Contact Area - Rear Right,SV Contact Area - Right,SV Contact Area - Front Right,SV Contact Area - Bottom,SV Contact Area - Unknown,Data Availability - EDR,Data Availability - Police Rpt,Data Availability - Telematics,Data Availability - Complaints,Data Availability - Video,Data Availability - Other,Data Availability - No Data,Data Availability - Unknown,Law Enforcement Investigating?,Investigating Agency,Investigating Agency - Unknown,Rep Ent Or Mfr Investigating?,Investigating Officer Name,Inv. Officer Name - Unknown,Investigating Officer Phone,Inv. Officer Phone - Unknown,Investigating Officer Email,Inv. Officer Email - Unknown,Within ODD?,Within ODD? - CBI,Narrative,Narrative - CBI?
13781-7197,2,"Tesla, Inc.",10-Day Update,,,FEB-2024,7SAXCBE52NF, ,N/A,Tesla,Model X, ,2022, ,ffeca5f33742a44,,Y,Consumer,"[REDACTED, MAY CONTAIN CONFIDENTIAL BUSINESS INFORMATION]",Y,Y,"[REDACTED, MAY CONTAIN CONFIDENTIAL BUSINESS INFORMATION]",Y,Y,"[REDACTED, MAY CONTAIN CONFIDENTIAL BUSINESS INFORMATION]",Y,Y,,Y, ,,, ,Y,No,,No,"Unknown, see Narrative",, , , , , , ,Y,Y,e-mail request for data,NOV-2023, ,FEB-2024,,Y,37dac50a1253e69,,Y,,Y,[MAY CONTAIN PERSONALLY IDENTIFIABLE INFORMATION], ,Onamia, ,MN ,,Y,Highway / Freeway,Unknown,Unknown,,Y,Unknown, , , , , , ,Y, ,,Non-Motorist: Pedestrian,Fatality,Unknown,Unknown,,, , , , , , , , , , , ,Unknown,Unknown,Unknown,Unknown,,Y, , , , , , , , , , ,Y, , , , , , , ,Y,Yes,Mille Lacs County Sheriff, ,Unknown,,Y,,Y,,Y,"[REDACTED, MAY CONTAIN CONFIDENTIAL BUSINESS INFORMATION]",Y,"[REDACTED, MAY CONTAIN CONFIDENTIAL BUSINESS INFORMATION]",Y
13781-7228,1,"Tesla, Inc.",5-Day,,,FEB-2024,5YJ3E1EA9KF, ,N/A,Tesla,Model 3, ,2019, ,f33c172a10d96cf,,Y,Consumer,"[REDACTED, MAY CONTAIN CONFIDENTIAL BUSINESS INFORMATION]", ,Y,"[REDACTED, MAY CONTAIN CONFIDENTIAL BUSINESS INFORMATION]",Y,Y,"[REDACTED, MAY CONTAIN CONFIDENTIAL BUSINESS INFORMATION]",Y,Y,,Y, ,,, ,Y,No,,No,"Unknown, see Narrative",, ,Y, , , , , , ,,FEB-2023, ,FEB-2024,,Y,ef7d1e54d4566ad,[MAY CONTAIN PERSONALLY IDENTIFIABLE INFORMATION], ,[MAY CONTAIN PERSONALLY IDENTIFIABLE INFORMATION], ,[MAY CONTAIN PERSONALLY IDENTIFIABLE INFORMATION], ,Wolf Trap, ,VA ,,Y,Highway / Freeway,Wet,No Unusual Conditions,55, ,Dark - Not Lighted, , ,Y, ,Y, , , ,,Other Fixed Object,Unknown,Yes,,,, , , , , , , , , , , ,"Other, see Narrative",Yes,Yes,Unknown,75, , , ,Y, , ,Y, , ,Y, , ,Y, ,Y,Y,Y,Y, , ,Unknown,,Y,Unknown,,Y,,Y,,Y,"[REDACTED, MAY CONTAIN CONFIDENTIAL BUSINESS INFORMATION]",Y,"[REDACTED, MAY CONTAIN CONFIDENTIAL BUSINESS INFORMATION]",Y
13781-7227,1,"Tesla, Inc.",5-Day,,,FEB-2024,5YJ3E1EAXNF, ,N/A,Tesla,Model 3, ,2022, ,5a817d40a6d22a2,23514, ,Consumer,"[REDACTED, MAY CONTAIN CONFIDENTIAL BUSINESS INFORMATION]", ,Y,"[REDACTED, MAY CONTAIN CONFIDENTIAL BUSINESS INFORMATION]", ,Y,"[REDACTED, MAY CONTAIN CONFIDENTIAL BUSINESS INFORMATION]", ,Y,,Y, ,,, ,Y,No,,No,ADAS,, , ,Y, , , , , ,,FEB-2024, ,FEB-2024,20:35, ,5088ad970422784,[MAY CONTAIN PERSONALLY IDENTIFIABLE INFORMATION], ,[MAY CONTAIN PERSONALLY IDENTIFIABLE INFORMATION], ,[MAY CONTAIN PERSONALLY IDENTIFIABLE INFORMATION], ,Frisco, ,TX ,[MAY CONTAIN PERSONALLY IDENTIFIABLE INFORMATION], ,Intersection,Dry,No Unusual Conditions,50, ,Daylight,Y, , , , , , , ,,Pickup Truck,Unknown,Yes,Stopped,Unknown,Unknown,Y,Y, , , , , , , , , ,"Other, see Narrative",Yes,Unknown,Unknown,18, , ,Y,Y, , ,Y, , , , , ,Y, ,Y, ,Y,Y, , ,Unknown,,Y,Unknown,,Y,,Y,,Y,"[REDACTED, MAY CONTAIN CONFIDENTIAL BUSINESS INFORMATION]",Y,"[REDACTED, MAY CONTAIN CONFIDENTIAL BUSINESS INFORMATION]",Y
945-7224,1,"Nissan North America, Inc.",5-Day,,,FEB-2024,5N1BT3BA9PC, ,N/A,Nissan,Rogue, ,2023, ,b01f653ef4da950,4100, ,Consumer,PRO-PILOT ASSIST, , ,,Y, ,,Y, ,,Y, ,,,Y, ,Unknown,,No,ADAS,, ,Y, , , , , , ,,FEB-2024, ,FEB-2024,11:30, ,1c611a40039cbca,,Y,,Y,[MAY CONTAIN PERSONALLY IDENTIFIABLE INFORMATION], ,Georgetown, ,TX ,,Y,Highway / Freeway,Unknown,Unknown,,Y,Daylight, , , , , , ,Y, ,,Unknown,No Injuries Reported,Yes,Unknown,Unknown,Unknown, , , , , , , , , , ,Y,Unknown,No,Yes,Unknown,,Y, , , , , , , , , , ,Y, , , ,Y, , , , ,Unknown,,Y,Yes,,Y,,Y,,Y,"Unknown, see Narrative", ,"The information contained in this report is based solely on Nissan's understanding of the allegations received during Claimant's discussions with Nissan's Consumer Affairs representatives.  
On 2/[XXX]/2024, Claimant orally stated that the vehicle's air bags did not deply in a front end collision. Claimant reported she normally  uses the cruise control to engage the brake, but that did not happen this time and she had to manually press the brake. As a result, the vehicle hit another vehicle in front and the air bag did not deploy from the impact. Claimant reports the vehicle was towed.
Nissan is attempting to coordinate the investigation with the customer.",
13781-7197,1,"Tesla, Inc.",1-Day,,,FEB-2024,7SAXCBE52NF, ,N/A,Tesla,Model X, ,2022, ,ffeca5f33742a44,,Y,Consumer,"[REDACTED, MAY CONTAIN CONFIDENTIAL BUSINESS INFORMATION]",Y,Y,"[REDACTED, MAY CONTAIN CONFIDENTIAL BUSINESS INFORMATION]",Y,Y,"[REDACTED, MAY CONTAIN CONFIDENTIAL BUSINESS INFORMATION]",Y,Y,,Y, ,,, ,Y,No,,No,"Unknown, see Narrative",, , , , , , ,Y,Y,e-mail request for data,NOV-2023, ,FEB-2024,,Y,37dac50a1253e69,,Y,,Y,[MAY CONTAIN PERSONALLY IDENTIFIABLE INFORMATION], ,Mille Lacs, ,MN ,,Y,Unknown,Unknown,Unknown,,Y,Unknown, , , , , , ,Y, ,,Non-Motorist: Pedestrian,Fatality,Yes,Unknown,,, , , , , , , , , , , ,Unknown,Unknown,Unknown,Unknown,,Y, , , , , , , , , , ,Y, , , , , , , ,Y,Yes,Mille Lacs County Sheriff, ,Unknown,,Y,,Y,,Y,"[REDACTED, MAY CONTAIN CONFIDENTIAL BUSINESS INFORMATION]",Y,"[REDACTED, MAY CONTAIN CONFIDENTIAL BUSINESS INFORMATION]",Y
502-7195,1,Ford Motor Company,1-Day,,,FEB-2024,1FTFW1RG9PF, ,N/A,Ford,F150, ,2023, ,f0c5b80466ddaf1,1530, ,Consumer,CoPilot 360 2.0, , ,"[REDACTED, MAY CONTAIN CONFIDENTIAL BUSINESS INFORMATION]", ,Y,"[REDACTED, MAY CONTAIN CONFIDENTIAL BUSINESS INFORMATION]", ,Y,, ,Y,,, ,Y,No,,No,ADAS,, ,Y, , , , , , ,,FEB-2024, ,FEB-2024,,Y,32f0f76708cbe89,,Y,,Y,,Y,Orlando, ,FL ,,Y,Highway / Freeway,Unknown,Unknown,,Y,Unknown, , , , , , ,Y, ,,Other Fixed Object,Serious,Yes,,,, , , , , , , , , , , ,Proceeding Straight,Yes,Yes,Yes,70, , , , , , , , , , , ,Y, , , ,Y, , , , ,Unknown,Florida Highway Patrol, ,Yes,,Y,,Y,,Y,Yes, ,"The driver reported to Ford that the driver lost control of the vehicle and impacted a guard rail after the left front wheel separated from the axle.  The customer stated that Adaptive Cruise Control (ACC) and Lane Center Assist (LCA) were engaged at the time of the incident and that the vehicle was travelling at 70 miles per hour. The customer alleged that the crash caused heavy damage to the vehicle, injuries to the driver, air bag deployment, and a vehicle tow. Ford confirmed the vehicle was equipped with ACC and LCA but has been unable to confirm whether these systems were engaged at the time of the incident.",
13781-7023,2,"Tesla, Inc.",Update,,,FEB-2024,5YJ3E1EA1NF, ,N/A,Tesla,Model 3, ,2022, ,ef08c14bee276ed,52338, ,Consumer,"[REDACTED, MAY CONTAIN CONFIDENTIAL BUSINESS INFORMATION]", ,Y,"[REDACTED, MAY CONTAIN CONFIDENTIAL BUSINESS INFORMATION]", ,Y,"[REDACTED, MAY CONTAIN CONFIDENTIAL BUSINESS INFORMATION]", ,Y,,Y, ,,, ,Y,No,,No,ADAS,, , ,Y, , , , , ,,DEC-2023, ,JAN-2024,07:53, ,d7086c1ebf51a3c,[MAY CONTAIN PERSONALLY IDENTIFIABLE INFORMATION], ,[MAY CONTAIN PERSONALLY IDENTIFIABLE INFORMATION], ,[MAY CONTAIN PERSONALLY IDENTIFIABLE INFORMATION], ,Langhorne, ,PA ,[MAY CONTAIN PERSONALLY IDENTIFIABLE INFORMATION], ,Street,Unknown,Unknown,55, ,Dark - Not Lighted, , ,Y, , , , , ,,SUV,Unknown,Yes,Stopped,Unknown,Unknown,Y, , ,Y, , ,Y, , , , ,Proceeding Straight,Yes,Unknown,Unknown,54, , , ,Y, , ,Y, , ,Y, , ,Y, ,Y, ,Y,Y, , ,Unknown,,Y,Unknown,,Y,,Y,,Y,"[REDACTED, MAY CONTAIN CONFIDENTIAL BUSINESS INFORMATION]",Y,"[REDACTED, MAY CONTAIN CONFIDENTIAL BUSINESS INFORMATION]",Y
13781-7193,1,"Tesla, Inc.",5-Day,,,FEB-2024,5YJ3E1EC3NF, ,N/A,Tesla,Model 3, ,2022, ,bde5033bda83fb5,33531, ,Consumer,"[REDACTED, MAY CONTAIN CONFIDENTIAL BUSINESS INFORMATION]", ,Y,"[REDACTED, MAY CONTAIN CONFIDENTIAL BUSINESS INFORMATION]", ,Y,"[REDACTED, MAY CONTAIN CONFIDENTIAL BUSINESS INFORMATION]", ,Y,,Y, ,,, ,Y,No,,No,ADAS,, , ,Y, , , , , ,,FEB-2024, ,FEB-2024,15:52, ,a4fcf9c531fc509,[MAY CONTAIN PERSONALLY IDENTIFIABLE INFORMATION], ,[MAY CONTAIN PERSONALLY IDENTIFIABLE INFORMATION], ,[MAY CONTAIN PERSONALLY IDENTIFIABLE INFORMATION], ,Shawnee Hills, ,OH ,[MAY CONTAIN PERSONALLY IDENTIFIABLE INFORMATION], ,Rural Road,Snow / Slush / Ice,No Unusual Conditions,55, ,Daylight, , ,Y, , , , , ,,"Other, see Narrative",Unknown,Yes,Unknown,Unknown,Unknown, , , , , , , , , , ,Y,Proceeding Straight,Yes,Yes,Unknown,40, , , ,Y, , ,Y,Y,Y,Y,Y, ,Y, ,Y, ,Y,Y, , ,Unknown,,Y,Unknown,,Y,,Y,,Y,"[REDACTED, MAY CONTAIN CONFIDENTIAL BUSINESS INFORMATION]",Y,"[REDACTED, MAY CONTAIN CONFIDENTIAL BUSINESS INFORMATION]",Y
13781-7192,1,"Tesla, Inc.",5-Day,,,FEB-2024,5YJYGDEF3LF, ,N/A,Tesla,Model Y, ,2020, ,fcaf1ce72dd2fca,39551, ,Consumer,"[REDACTED, MAY CONTAIN CONFIDENTIAL BUSINESS INFORMATION]", ,Y,"[REDACTED, MAY CONTAIN CONFIDENTIAL BUSINESS INFORMATION]", ,Y,"[REDACTED, MAY CONTAIN CONFIDENTIAL BUSINESS INFORMATION]", ,Y,,Y, ,,, ,Y,No,,No,ADAS,, , ,Y, , , , , ,,FEB-2024, ,FEB-2024,02:13, ,74bf7a3f31f1749,[MAY CONTAIN PERSONALLY IDENTIFIABLE INFORMATION], ,[MAY CONTAIN PERSONALLY IDENTIFIABLE INFORMATION], ,[MAY CONTAIN PERSONALLY IDENTIFIABLE INFORMATION], ,San Tan Valley, ,AZ ,[MAY CONTAIN PERSONALLY IDENTIFIABLE INFORMATION], ,Intersection,Dry,No Unusual Conditions,45, ,Dark - Lighted,Y, , , , , , , ,,Passenger Car,Unknown,Yes,"Other, see Narrative",Unknown,Unknown, , , , , , ,Y,Y,Y, , ,Proceeding Straight,Yes,Unknown,Unknown,40, , , ,Y, , ,Y, , ,Y, , ,Y, ,Y, ,Y,Y, , ,Unknown,,Y,Unknown,,Y,,Y,,Y,"[REDACTED, MAY CONTAIN CONFIDENTIAL BUSINESS INFORMATION]",Y,"[REDACTED, MAY CONTAIN CONFIDENTIAL BUSINESS INFORMATION]",Y
13781-7191,1,"Tesla, Inc.",5-Day,,,FEB-2024,5YJYGDEE3MF, ,N/A,Tesla,Model Y, ,2021, ,a84857b9df5faf7,39784, ,Consumer,"[REDACTED, MAY CONTAIN CONFIDENTIAL BUSINESS INFORMATION]", ,Y,"[REDACTED, MAY CONTAIN CONFIDENTIAL BUSINESS INFORMATION]", ,Y,"[REDACTED, MAY CONTAIN CONFIDENTIAL BUSINESS INFORMATION]", ,Y,,Y, ,,, ,Y,No,,No,ADAS,, , ,Y, , , , , ,,FEB-2024, ,FEB-2024,05:43, ,935d9264ef14da1,[MAY CONTAIN PERSONALLY IDENTIFIABLE INFORMATION], ,[MAY CONTAIN PERSONALLY IDENTIFIABLE INFORMATION], ,[MAY CONTAIN PERSONALLY IDENTIFIABLE INFORMATION], ,Dallas, ,TX ,[MAY CONTAIN PERSONALLY IDENTIFIABLE INFORMATION], ,Highway / Freeway,Dry,No Unusual Conditions,65, ,Dark - Lighted, , ,Y, , , , , ,,Other Fixed Object,Unknown,Yes,,,, , , , , , , , , , , ,Proceeding Straight,Yes,Unknown,Unknown,44, ,Y,Y, , , , , , , , , ,Y, ,Y, ,Y,Y, , ,Unknown,,Y,Unknown,,Y,,Y,,Y,"[REDACTED, MAY CONTAIN CONFIDENTIAL BUSINESS INFORMATION]",Y,"[REDACTED, MAY CONTAIN CONFIDENTIAL BUSINESS INFORMATION]",Y
540-7189,1,"General Motors, LLC",5-Day,,,FEB-2024,1G1FZ6S04N4, ,N/A,Chevrolet,Bolt, ,2022, ,5ec2d61283c78d6,42900, ,Consumer,Level 2, , ,,Y, ,,Y, ,,Y, ,,, ,Y,No,,No,ADAS,, , ,Y, , , , ,Y,OnStar Recording,FEB-2024, ,FEB-2024,19:04, ,2f3c36a804a92fe,[MAY CONTAIN PERSONALLY IDENTIFIABLE INFORMATION], ,[MAY CONTAIN PERSONALLY IDENTIFIABLE INFORMATION], ,[MAY CONTAIN PERSONALLY IDENTIFIABLE INFORMATION], ,Springfield, ,VA ,[MAY CONTAIN PERSONALLY IDENTIFIABLE INFORMATION], ,Highway / Freeway,Dry,No Unusual Conditions,55, ,Dark - Lighted, , ,Y, , , , , ,,"Other, see Narrative",No Injuries Reported,Yes,Unknown,Unknown,Unknown, , , , , , , , , , ,Y,Changing Lanes,Yes,Unknown,Yes,44, , , ,Y, , , , , , , , , , ,Y, , ,Y, , ,No,, ,No,, ,, ,, ,Yes, ,"At 7:04 PM (EST) on February [XXX], 2024, a Bolt EUV was travelling southwest on [XXX] in Springfield, Virginia, with Super Cruise engaged.  According to OnStar audio recordings, the driver began making a lane change and made contact with the vehicle adjacent to him.  According to vehicle telematics, the driver side and frontal airbags and pretensioner deployed.  Super Cruise was active 13 seconds prior to the crash.  A subject vehicle speed of 44 mph was recorded at the time of impact.",
13781-7187,1,"Tesla, Inc.",5-Day,,,FEB-2024,5YJXCAE44LF, ,N/A,Tesla,Model X, ,2020, ,e3baff541eb58af,,Y,Consumer,"[REDACTED, MAY CONTAIN CONFIDENTIAL BUSINESS INFORMATION]", ,Y,"[REDACTED, MAY CONTAIN CONFIDENTIAL BUSINESS INFORMATION]", ,Y,"[REDACTED, MAY CONTAIN CONFIDENTIAL BUSINESS INFORMATION]", ,Y,,Y, ,,, ,Y,No,,No,ADAS,, , ,Y, , , , , ,,NOV-2023, ,FEB-2024,,Y,49100ec0b6a242a,[MAY CONTAIN PERSONALLY IDENTIFIABLE INFORMATION], ,[MAY CONTAIN PERSONALLY IDENTIFIABLE INFORMATION], ,[MAY CONTAIN PERSONALLY IDENTIFIABLE INFORMATION], ,Jefferson County, ,CO ,[MAY CONTAIN PERSONALLY IDENTIFIABLE INFORMATION], ,Rural Road,Dry,No Unusual Conditions,,Y,Daylight, , , , , , , ,Y,Partly Cloudy,"Other, see Narrative",Unknown,Yes,Unknown,Unknown,Unknown, , , , , , , , , , ,Y,"Other, see Narrative",Yes,Unknown,Unknown,42, , , ,Y, , ,Y, , ,Y,Y, ,Y, ,Y, ,Y,Y, , ,Unknown,,Y,Unknown,,Y,,Y,,Y,"[REDACTED, MAY CONTAIN CONFIDENTIAL BUSINESS INFORMATION]",Y,"[REDACTED, MAY CONTAIN CONFIDENTIAL BUSINESS INFORMATION]",Y
13781-7184,1,"Tesla, Inc.",5-Day,,,FEB-2024,5YJYGDEE8MF, ,N/A,Tesla,Model Y, ,2021, ,1f1bae32e134dc8,,Y,Consumer,"[REDACTED, MAY CONTAIN CONFIDENTIAL BUSINESS INFORMATION]", ,Y,"[REDACTED, MAY CONTAIN CONFIDENTIAL BUSINESS INFORMATION]", ,Y,"[REDACTED, MAY CONTAIN CONFIDENTIAL BUSINESS INFORMATION]", ,Y,,Y, ,,, ,Y,No,,No,ADAS,, , ,Y, , , , , ,,JAN-2024, ,FEB-2024,,Y,f3229844cd19940,[MAY CONTAIN PERSONALLY IDENTIFIABLE INFORMATION], ,[MAY CONTAIN PERSONALLY IDENTIFIABLE INFORMATION], ,[MAY CONTAIN PERSONALLY IDENTIFIABLE INFORMATION], ,Tukwila, ,WA ,[MAY CONTAIN PERSONALLY IDENTIFIABLE INFORMATION], ,Highway / Freeway,Dry,Unknown,60, ,Dark - Lighted,Y, , , , , , , ,,Passenger Car,Unknown,Yes,"Other, see Narrative",Unknown,Unknown,Y,Y, ,Y, , , , , , , ,Proceeding Straight,Yes,Unknown,Unknown,65, , , , , , ,Y, ,Y,Y, , ,Y, ,Y, ,Y,Y, , ,Unknown,,Y,Unknown,,Y,,Y,,Y,"[REDACTED, MAY CONTAIN CONFIDENTIAL BUSINESS INFORMATION]",Y,"[REDACTED, MAY CONTAIN CONFIDENTIAL BUSINESS INFORMATION]",Y
13781-7182,1,"Tesla, Inc.",5-Day,,,FEB-2024,5YJXCBE40GF, ,N/A,Tesla,Model X, ,2016, ,e5e52768395d320,82368, ,Consumer,"[REDACTED, MAY CONTAIN CONFIDENTIAL BUSINESS INFORMATION]", ,Y,"[REDACTED, MAY CONTAIN CONFIDENTIAL BUSINESS INFORMATION]", ,Y,"[REDACTED, MAY CONTAIN CONFIDENTIAL BUSINESS INFORMATION]", ,Y,,Y, ,,, ,Y,No,,No,ADAS,, , ,Y, , , , , ,,FEB-2024, ,FEB-2024,22:17, ,d973d757e5d1631,[MAY CONTAIN PERSONALLY IDENTIFIABLE INFORMATION], ,[MAY CONTAIN PERSONALLY IDENTIFIABLE INFORMATION], ,[MAY CONTAIN PERSONALLY IDENTIFIABLE INFORMATION], ,Pompton Lakes, ,NJ ,[MAY CONTAIN PERSONALLY IDENTIFIABLE INFORMATION], ,Unknown,Unknown,Unknown,35, ,Unknown, , , , , , ,Y, ,,Unknown,Unknown,Yes,Unknown,Unknown,Unknown, , , , , , , , , , ,Y,Proceeding Straight,Yes,Unknown,Unknown,11, , , , , , , , , , , ,Y, , ,Y, , ,Y, , ,Unknown,,Y,Unknown,,Y,,Y,,Y,"[REDACTED, MAY CONTAIN CONFIDENTIAL BUSINESS INFORMATION]",Y,"[REDACTED, MAY CONTAIN CONFIDENTIAL BUSINESS INFORMATION]",Y
13781-7180,1,"Tesla, Inc.",5-Day,,,FEB-2024,5YJSA1E57NF, ,N/A,Tesla,Model S, ,2022, ,21d169c25196325,63101, ,Consumer,"[REDACTED, MAY CONTAIN CONFIDENTIAL BUSINESS INFORMATION]", ,Y,"[REDACTED, MAY CONTAIN CONFIDENTIAL BUSINESS INFORMATION]", ,Y,"[REDACTED, MAY CONTAIN CONFIDENTIAL BUSINESS INFORMATION]", ,Y,,Y, ,,, ,Y,No,,No,ADAS,, , ,Y, , , , , ,,FEB-2024, ,FEB-2024,20:32, ,39e446c64644529,[MAY CONTAIN PERSONALLY IDENTIFIABLE INFORMATION], ,[MAY CONTAIN PERSONALLY IDENTIFIABLE INFORMATION], ,[MAY CONTAIN PERSONALLY IDENTIFIABLE INFORMATION], ,Whitmore Lake, ,MI ,[MAY CONTAIN PERSONALLY IDENTIFIABLE INFORMATION], ,Unknown,Unknown,Unknown,25, ,Unknown, , , , , , ,Y, ,,Unknown,Unknown,Yes,Unknown,Unknown,Unknown, , , , , , , , , , ,Y,Proceeding Straight,Yes,Unknown,Unknown,19, , , , , , , , , , , ,Y,Y, ,Y, , ,Y, , ,Unknown,,Y,Unknown,,Y,,Y,,Y,"[REDACTED, MAY CONTAIN CONFIDENTIAL BUSINESS INFORMATION]",Y,"[REDACTED, MAY CONTAIN CONFIDENTIAL BUSINESS INFORMATION]",Y
1243-7108,1,"Subaru of America, Inc.",5-Day,,,FEB-2024,4S4BTAFCXN3, ,N/A,Subaru,Outback, ,2022, ,fcfc19d848e5da9,24848, ,Consumer,"[REDACTED, MAY CONTAIN CONFIDENTIAL BUSINESS INFORMATION]", ,Y,,Y, ,,Y, ,, ,Y,,, ,Y,No,,No,ADAS,, ,Y, , , , , , ,,FEB-2024, ,FEB-2024,09:57, ,cc6f7f92106966f,[MAY CONTAIN PERSONALLY IDENTIFIABLE INFORMATION], ,[MAY CONTAIN PERSONALLY IDENTIFIABLE INFORMATION], ,[MAY CONTAIN PERSONALLY IDENTIFIABLE INFORMATION], ,Oxford, ,AL ,[MAY CONTAIN PERSONALLY IDENTIFIABLE INFORMATION], ,Rural Road,Wet,"Other, see Narrative",30, ,Daylight, , ,Y, ,Y, , , ,,Other Fixed Object,Minor,Yes,,,, , , , , , , , , , , ,Proceeding Straight,No,Yes,Yes,45, , , , , , ,Y, , ,Y,Y, , , ,Y, , , , , ,Unknown,,Y,Unknown,,Y,,Y,,Y,"[REDACTED, MAY CONTAIN CONFIDENTIAL BUSINESS INFORMATION]",Y,"[REDACTED, MAY CONTAIN CONFIDENTIAL BUSINESS INFORMATION]",Y
753-6931,3,"Kia America, Inc.",Update,,,FEB-2024,5XYP54GC4PG, ,[MAY CONTAIN PERSONALLY IDENTIFIABLE INFORMATION],KIA,TELLURIDE, ,2023, ,3e6a411d67ace4e,7500, ,Consumer,HDA, , ,"Due to multiple components, no version can be provided", , ,"Due to multiple components, no version can be provided", , ,,Y, ,,, ,Y,No,,No,ADAS,, ,Y, , , , , , ,,DEC-2023, ,JAN-2024,20:00, ,d2b91431230e17e,[MAY CONTAIN PERSONALLY IDENTIFIABLE INFORMATION], ,[MAY CONTAIN PERSONALLY IDENTIFIABLE INFORMATION], ,[MAY CONTAIN PERSONALLY IDENTIFIABLE INFORMATION], ,LAKE CITY, ,FL ,[MAY CONTAIN PERSONALLY IDENTIFIABLE INFORMATION], ,Highway / Freeway,Dry,Unknown,70, ,Unknown, , , , , , ,Y, ,,"Other, see Narrative",Minor,No,"Other, see Narrative",Not Applicable,Not Applicable, , , , , , , , , , ,Y,Proceeding Straight,Yes,Yes,Yes,77, ,Y, ,Y,Y,Y,Y,Y,Y,Y, , ,Y, , ,Y, ,Y, , ,Unknown,,Y,Yes,,Y,,Y,,Y,"Unknown, see Narrative", ,"Customer contacted Kia's Customer Care Center on January 4, 2024 to provide details regarding an incident that had occurred on December [XXX], 2023 involving his 2023MY Kia Telluride. Customer reported that while driving, along with 3 passengers, on [XXX] in the State of Georgia, there was a bend in the road and the vehicle did not make the turn in time and the vehicle ran into wet grass.  The customer stated he was unable to recover control of the vehicle once it made contact with the wet grass. Customer reported that the vehicle ""hit berms, trees, signs and also began to roll until the vehicle settled to a stop."" The customer reported he was driving 77mph in a 70mph zone. The customer indicated that Highway Driving Assist and Smart Cruise Control features were engaged 30 seconds before the incident.  The airbags deployed and reported minor injuries of ""cuts, scratches, wounds, bumps and bruises"". The customer alleged that the lane departure system did not work properly and wanted a new vehicle or compensation in order to purchase another vehicle. Kia notes that based on available information, the incident occurred in Florida.
The subject Kia Telluride is equipped with Highway Driving Assist (HDA), Lane Following Assist (LFA) and Smart Cruise Control (SCC).  HDA is a supplemental system that helps maintain a set distance and speed from the vehicle ahead when driving on a highway and helps keep the vehicle between lanes while driving. HDA may not be able to recognize all traffic situations and may not detect possible collisions due to limitations of the system. LFA is also a supplemental system that helps to detect lane markings and/or vehicles on the road, and assists the driver's steering to help keep the vehicle between lanes. LFA does not operate at all times and it is the responsibility of the driver to safely steer the vehicle and to maintain the vehicle in its lane.  
Based on the available information, the customer appears to have a misunderstanding of the capabilities of the vehicle's Lane Following Assist function and appears to have relied on LFA to steer the vehicle.
*1/16/24: Monthly Update*
Kia is working with ODI engineer, Joe Teitelman to schedule a joint inspection of the subject vehicle in Jacksonville, Florida.  The owner has consented to the EDR being downloaded which will be done when the vehicle is inspected. At the time of this update, the current proposed date for inspection is set for 1/31/24 .  Kia has no further information at this time.
*2/15/24: Monthly Update*
The joint inspection with ODI engineer Joseph Teitelman occurred on 1/31/2024. On 2/12/2024, Kia submitted the EDR report with a request for confidentiality via NHTSA's SLFTS portal. On 2/14/24, Joseph Teitelman also requested the diagnostic reports from the subject vehicle which was submitted by Kia with a CBI request the following day, 2/15/2024 via NHTSA SLFTS portal.",