Report ID,Report Version,Reporting Entity,Report Type,Report Month,Report Year,Report Submission Date,VIN,VIN - Unknown,Serial Number,Make,Model,Model - Unknown,Model Year,Model Year - Unknown,Same Vehicle ID,Mileage,Mileage - Unknown,Driver / Operator Type,ADAS/ADS System Version,ADAS/ADS System Version - Unk,ADAS/ADS System Version CBI,ADAS/ADS Hardware Version,ADAS/ADS Hardware Version - Unk,ADAS/ADS Hardware Version CBI,ADAS/ADS Software Version,ADAS/ADS Software Version - Unk,ADAS/ADS Software Version CBI,Other Reporting Entities?,Other Reporting Entities? - Unk,Other Reporting Entities? - NA,Federal Regulatory Exemption?,Other Federal Reg. Exemption,Federal Reg. Exemption - Unk,Federal Reg. Exemption - No,State or Local Permit?,State or Local Permit,ADS Equipped?,Automation System Engaged?,Operating Entity,Operating Entity - Unknown,Source - Complaint/Claim,Source - Telematics,Source - Law Enforcement,Source - Field Report,Source - Testing,Source - Media,Source - Other,Source - Other Text,Incident Date,Incident Date - Unknown,Notice Received Date,Incident Time (24:00),Incident Time - Unknown,Same Incident ID,Latitude,Latitude - Unknown,Longitude,Longitude - Unknown,Address,Address - Unknown,City,City - Unknown,State,Zip Code,Zip Code - Unknown,Roadway Type,Roadway Surface,Roadway Description,Posted Speed Limit (MPH),Posted Speed Limit - Unknown,Lighting,Weather - Clear,Weather - Snow,Weather - Cloudy,Weather - Fog/Smoke,Weather - Rain,Weather - Severe Wind,Weather - Unknown,Weather - Other,Weather - Other Text,Crash With,Highest Injury Severity Alleged,Property Damage?,CP Pre-Crash Movement,CP Any Air Bags Deployed?,CP Was Vehicle Towed?,CP Contact Area - Rear Left,CP Contact Area - Left,CP Contact Area - Front Left,CP Contact Area - Rear,CP Contact Area - Top,CP Contact Area - Front,CP Contact Area - Rear Right,CP Contact Area - Right,CP Contact Area - Front Right,CP Contact Area - Bottom,CP Contact Area - Unknown,SV Pre-Crash Movement,SV Any Air Bags Deployed?,SV Was Vehicle Towed?,SV Were All Passengers Belted?,SV Precrash Speed (MPH),SV Pre-crash Speed - Unknown,SV Contact Area - Rear Left,SV Contact Area - Left,SV Contact Area - Front Left,SV Contact Area - Rear,SV Contact Area - Top,SV Contact Area - Front,SV Contact Area - Rear Right,SV Contact Area - Right,SV Contact Area - Front Right,SV Contact Area - Bottom,SV Contact Area - Unknown,Data Availability - EDR,Data Availability - Police Rpt,Data Availability - Telematics,Data Availability - Complaints,Data Availability - Video,Data Availability - Other,Data Availability - No Data,Data Availability - Unknown,Law Enforcement Investigating?,Investigating Agency,Investigating Agency - Unknown,Rep Ent Or Mfr Investigating?,Investigating Officer Name,Inv. Officer Name - Unknown,Investigating Officer Phone,Inv. Officer Phone - Unknown,Investigating Officer Email,Inv. Officer Email - Unknown,Within ODD?,Within ODD? - CBI,Narrative,Narrative - CBI?
753-6768,3,"Kia America, Inc.",Update,,,JAN-2024,5XXG64J27RG, ,[MAY CONTAIN PERSONALLY IDENTIFIABLE INFORMATION],KIA,K5, ,2024, ,4ce7b2fa13cd731,2824, ,Consumer,HDA, , ,"Due to multiple components, no version can be provided", , ,"Due to multiple components, no version can be provided", , ,,Y, ,,, ,Y,No,,No,"Unknown, see Narrative",, ,Y, , , , , , ,,NOV-2023, ,DEC-2023,07:40, ,b8a3a73b39baa16,,Y,,Y,[MAY CONTAIN PERSONALLY IDENTIFIABLE INFORMATION], ,Aurora, ,CO ,[MAY CONTAIN PERSONALLY IDENTIFIABLE INFORMATION], ,Highway / Freeway,Dry,"Other, see Narrative",65, ,Daylight,Y, , , , , , ,Y,Completely dry warm weather,"Other, see Narrative",Moderate,No,"Other, see Narrative",Unknown,Unknown, , , , , , , , , , ,Y,Proceeding Straight,Yes,Yes,Yes,65, , ,Y,Y, , ,Y, , ,Y, , , , , ,Y, , , , ,Unknown,,Y,Yes,,Y,,Y,,Y,"Unknown, see Narrative", ,"The owner (father of the driver) of a 2024MY Kia K5 contacted Kia's Customer Care Center on 12/5/2023 indicating his son was driving the subject vehicle when the traffic slowed down suddenly and was involved in an accident. The father was not a passenger or witness to the accident. The father reported his son was traveling approximately 60-65mph when a ""Ford Explorer may have cut him off, [REDACTED, MAY CONTAIN CONFIDENTIAL BUSINESS INFORMATION] he had no time to brake, and hit the [REDACTED, MAY CONTAIN CONFIDENTIAL BUSINESS INFORMATION]"". The ""car did [REDACTED, MAY CONTAIN CONFIDENTIAL BUSINESS INFORMATION] alert or brake"" prior to impact. The father indicated his son did not remember if he had hit the brakes.
The subject Kia K5 is equipped with Highway Driving Assist (HDA), Lane Following Assist (LFA) and Smart Cruise Control (SCC). HDA is a supplemental system that helps maintain a set distance and speed from the vehicle ahead when driving on a highway and helps keep the vehicle between lanes while driving. HDA may not be able to recognize all traffic situations and may not detect possible collisions due to limitations of the system. LFA is also a supplemental system that helps to detect lane markings and/or vehicles on the road, and assists the driver's steering to help keep the vehicle between lanes. LFA does not operate at all times and it is the responsibility of the driver to safely steer the vehicle and to maintain the vehicle in its lane.
The father reported that HDA and LFA were engaged but SCC was not. It is unclear whether HDA was in fact engaged since the father reported SCC was not. Kia is currently working with the father to retrieve the vehicle's ACU but has no further information at this time.
***10-Day Update***
After Kia's 1-Day report was submitted, the customer provided Kia with photos of the vehicle. Kia has no further update at this time.
***1/16/2024: Monthly Update***
On 12/18/2023, ODI engineer Joseph Teitelman requested some additional information regarding the vehicle.  Kia responded on the same day.  The ACU for the subject vehicle was shipped to Kia America on 1/11/2024 and is currently in transit. Once received, Kia will download the EDR and provide to Joe Teitelman per his request via the provided SLFTS link.",
753-6931,2,"Kia America, Inc.",10-Day Update,,,JAN-2024,5XYP54GC4PG, ,[MAY CONTAIN PERSONALLY IDENTIFIABLE INFORMATION],KIA,TELLURIDE, ,2023, ,3e6a411d67ace4e,7500, ,Consumer,HDA, , ,"Due to multiple components, no version can be provided", , ,"Due to multiple components, no version can be provided", , ,,Y, ,,, ,Y,No,,No,ADAS,, ,Y, , , , , , ,,DEC-2023, ,JAN-2024,20:00, ,d2b91431230e17e,[MAY CONTAIN PERSONALLY IDENTIFIABLE INFORMATION], ,[MAY CONTAIN PERSONALLY IDENTIFIABLE INFORMATION], ,[MAY CONTAIN PERSONALLY IDENTIFIABLE INFORMATION], ,LAKE CITY, ,FL ,[MAY CONTAIN PERSONALLY IDENTIFIABLE INFORMATION], ,Highway / Freeway,Dry,Unknown,70, ,Unknown, , , , , , ,Y, ,,"Other, see Narrative",Minor,No,"Other, see Narrative",Not Applicable,Not Applicable, , , , , , , , , , ,Y,Proceeding Straight,Yes,Yes,Yes,77, ,Y, ,Y,Y,Y,Y,Y,Y,Y, , , , , ,Y, ,Y, , ,Unknown,,Y,Yes,,Y,,Y,,Y,"Unknown, see Narrative", ,"Customer contacted Kias Customer Care Center on January 4, 2024 to provide details regarding an incident that had occurred on December [XXX], 2023 involving his 2023MY Kia Telluride. Customer reported that while driving, along with 3 passengers, on [XXX] in the State of Georgia, there was a bend in the road and the vehicle did not make the turn in time and the vehicle ran into wet grass.  The customer stated he was unable to recover control of the vehicle once it made contact with the wet grass. Customer reported that the vehicle hit berms, trees, signs and also began to roll until the vehicle settled to a stop. The customer reported he was driving 77mph in a 70mph zone. The customer indicated that Highway Driving Assist and Smart Cruise Control features were engaged 30 seconds before the incident.  The airbags deployed and reported minor injuries of cuts, scratches, wounds, bumps and bruises.  The customer alleged that the lane departure system did not work properly and wanted a new vehicle or compensation in order to purchase another vehicle. Kia notes that based on available information, the incident occurred in Florida.
The subject Kia Telluride is equipped with Highway Driving Assist (HDA), Lane Following Assist (LFA) and Smart Cruise Control (SCC).  HDA is a supplemental system that helps maintain a set distance and speed from the vehicle ahead when driving on a highway and helps keep the vehicle between lanes while driving. HDA may not be able to recognize all trac situations and may not detect possible collisions due to limitations of the system. LFA is also a supplemental system that helps to detect lane markings and/or vehicles on the road, and assists the drivers steering to help keep the vehicle between lanes. LFA does not operate at all times and it is the responsibility of the driver to safely steer the vehicle and to maintain the vehicle in its lane.  
Based on the available information, the customer appears to have a misunderstanding of the capabilities of the vehicles Lane Following Assist function and appears to have relied on LFA to steer the vehicle.
***1/16/24: Monthly Update***
Kia is working with ODI engineer, Joe Teitelman to schedule a joint inspection of the subject vehicle in Jacksonville, Florida.  The owner has consented to the EDR being downloaded which will be done when the vehicle is inspected. At the time of this update, the current proposed date for inspection is set for 1/31/24 .  Kia has no further information at this time.",
13781-6978,1,"Tesla, Inc.",5-Day,,,JAN-2024,5YJ3E1EA4PF, ,N/A,Tesla,Model 3, ,2023, ,6e9bdb8f32a7712,5792, ,Consumer,"[REDACTED, MAY CONTAIN CONFIDENTIAL BUSINESS INFORMATION]", ,Y,"[REDACTED, MAY CONTAIN CONFIDENTIAL BUSINESS INFORMATION]", ,Y,"[REDACTED, MAY CONTAIN CONFIDENTIAL BUSINESS INFORMATION]", ,Y,,Y, ,,, ,Y,No,,No,ADAS,, , ,Y, , , , , ,,JAN-2024, ,JAN-2024,04:06, ,e430464f01f529b,[MAY CONTAIN PERSONALLY IDENTIFIABLE INFORMATION], ,[MAY CONTAIN PERSONALLY IDENTIFIABLE INFORMATION], ,[MAY CONTAIN PERSONALLY IDENTIFIABLE INFORMATION], ,Norman, ,OK ,[MAY CONTAIN PERSONALLY IDENTIFIABLE INFORMATION], ,Street,Dry,No Unusual Conditions,40, ,Dark - Lighted,Y, , , , , , , ,,Passenger Car,Unknown,Yes,Lane / Road Departure,Yes,Unknown,Y,Y, , , , , , , , , ,Proceeding Straight,Yes,Unknown,Unknown,33, , , ,Y, , ,Y, , ,Y, , ,Y, ,Y, ,Y,Y, , ,Unknown,,Y,Unknown,,Y,,Y,,Y,"[REDACTED, MAY CONTAIN CONFIDENTIAL BUSINESS INFORMATION]",Y,"[REDACTED, MAY CONTAIN CONFIDENTIAL BUSINESS INFORMATION]",Y
13781-6977,1,"Tesla, Inc.",5-Day,,,JAN-2024,5YJ3E1EA3PF, ,N/A,Tesla,Model 3, ,2023, ,d0fad273d089942,,Y,Consumer,"[REDACTED, MAY CONTAIN CONFIDENTIAL BUSINESS INFORMATION]", ,Y,"[REDACTED, MAY CONTAIN CONFIDENTIAL BUSINESS INFORMATION]", ,Y,"[REDACTED, MAY CONTAIN CONFIDENTIAL BUSINESS INFORMATION]",Y,Y,,Y, ,,, ,Y,No,,No,ADAS,, ,Y, , , , , , ,,DEC-2023, ,JAN-2024,,Y,49721ad509f8b62,[MAY CONTAIN PERSONALLY IDENTIFIABLE INFORMATION], ,[MAY CONTAIN PERSONALLY IDENTIFIABLE INFORMATION], ,[MAY CONTAIN PERSONALLY IDENTIFIABLE INFORMATION], ,Del Valle, ,TX ,[MAY CONTAIN PERSONALLY IDENTIFIABLE INFORMATION], ,Highway / Freeway,Dry,No Unusual Conditions,55, ,Dark - Lighted,Y, , , , , , , ,,SUV,Unknown,Yes,Making U-Turn,Unknown,Unknown, ,Y,Y, , ,Y, , , , , ,Proceeding Straight,Yes,Unknown,Unknown,35, , , ,Y, , ,Y, , ,Y, , ,Y, ,Y, ,Y,Y, , ,Unknown,,Y,Unknown,,Y,,Y,,Y,"[REDACTED, MAY CONTAIN CONFIDENTIAL BUSINESS INFORMATION]",Y,"[REDACTED, MAY CONTAIN CONFIDENTIAL BUSINESS INFORMATION]",Y
540-6944,1,"General Motors, LLC",5-Day,,,JAN-2024,1G6DP5RK8S0, ,N/A,Cadillac,CT5, ,2025, ,e7db8e204e500f9,1573, ,In-Vehicle (Commercial / Test),Level 2, , ,,Y, ,,Y, ,, ,Y,,, ,Y,No,,No,ADAS,General Motors, , ,Y, , , , ,Y,Interview,JAN-2024, ,JAN-2024,07:50, ,8f2e181d0c5c738,[MAY CONTAIN PERSONALLY IDENTIFIABLE INFORMATION], ,[MAY CONTAIN PERSONALLY IDENTIFIABLE INFORMATION], ,[MAY CONTAIN PERSONALLY IDENTIFIABLE INFORMATION], ,St Clair Shores, ,MI ,[MAY CONTAIN PERSONALLY IDENTIFIABLE INFORMATION], ,Highway / Freeway,Dry,No Unusual Conditions,70, ,Dawn / Dusk, , ,Y, , , , , ,,SUV,No Injuries Reported,Yes,Proceeding Straight,Unknown,Unknown, , , , , , , , ,Y, , ,Changing Lanes,No,Yes,Yes,50, ,Y, , , , , , , , , , , , ,Y, , ,Y, , ,Yes,Roseville Police & Michigan State Police, ,No,,Y,,Y,,Y,Yes, ,"At 7:50 AM (EST) on January [XXX], 2024, a Cadillac CT5 was travelling in the center lane on [XXX], [XXX] with Super Cruise engaged.  The driver made a right hand lane change.  The driver noticed the vehicle ahead was slowing rapidly and made a left hand lane change.  The left rear door area of the subject vehicle struck a vehicle already travelling in that lane.  Super Cruise was active 6.8 seconds prior to the crash.  Super Cruise entered an ""off"" state at 1.4 seconds prior to the crash.  A subject vehicle speed of 50 mph was recorded at the time of impact.",
10039-6833,3,"BMW of North America, LLC",Update,,,JAN-2024,WB523CF03PC, ,N/A,BMW,iX xDrive50, ,2023, ,29c2d5bc98ea995,,Y,Consumer,"[REDACTED, MAY CONTAIN CONFIDENTIAL BUSINESS INFORMATION]",Y,Y,"[REDACTED, MAY CONTAIN CONFIDENTIAL BUSINESS INFORMATION]",Y,Y,"[REDACTED, MAY CONTAIN CONFIDENTIAL BUSINESS INFORMATION]",Y,Y,,Y, ,,, ,Y,No,,No,"Unknown, see Narrative",, ,Y, , , , , , ,,DEC-2023, ,DEC-2023,06:00, ,dd9ce4e15764e8f,,Y,,Y,,Y,Bel Air, ,MD ,[MAY CONTAIN PERSONALLY IDENTIFIABLE INFORMATION], ,Highway / Freeway,Unknown,Unknown,,Y,"Other, see Narrative", , , ,Y, , , , ,,Other Fixed Object,No Injuries Reported,Yes,,,, , , , , , , , , , , ,Unknown,Unknown,Yes,Unknown,,Y,Y,Y,Y, , ,Y, , ,Y, , , , , , , , , ,Y,Unknown,,Y,Yes,,Y,,Y,,Y,"[REDACTED, MAY CONTAIN CONFIDENTIAL BUSINESS INFORMATION]",Y,"[REDACTED, MAY CONTAIN CONFIDENTIAL BUSINESS INFORMATION]",Y
10039-6771,3,"BMW of North America, LLC",Update,,,JAN-2024,5UXTA6C05M9, ,N/A,BMW,X5 xDrive45e, ,2021, ,d10aeeac381d8fc,55507, ,Consumer,,Y, ,,Y, ,,Y, ,,Y, ,,, ,Y,No,,No,ADAS,, ,Y, , , , , , ,,DEC-2023, ,DEC-2023,,Y,0fab32ab3e6ced6,,Y,,Y,[MAY CONTAIN PERSONALLY IDENTIFIABLE INFORMATION], ,Paramus, ,NJ ,[MAY CONTAIN PERSONALLY IDENTIFIABLE INFORMATION], ,Highway / Freeway,Wet,No Unusual Conditions,,Y,Dawn / Dusk, , , , ,Y, , , ,,Other Fixed Object,Minor,Unknown,,,, , , , , , , , , , , ,Proceeding Straight,Yes,Yes,Unknown,72, ,Y,Y,Y,Y, ,Y, , ,Y, , ,Y, , , ,Y, , , ,Unknown,,Y,Yes,,Y,,Y,,Y,"[REDACTED, MAY CONTAIN CONFIDENTIAL BUSINESS INFORMATION]",Y,"[REDACTED, MAY CONTAIN CONFIDENTIAL BUSINESS INFORMATION]",Y
13781-6940,1,"Tesla, Inc.",5-Day,,,JAN-2024,7SAYGDEE4PF, ,N/A,Tesla,Model Y, ,2023, ,aef2a0a765f4636,13106, ,Consumer,"[REDACTED, MAY CONTAIN CONFIDENTIAL BUSINESS INFORMATION]", ,Y,"[REDACTED, MAY CONTAIN CONFIDENTIAL BUSINESS INFORMATION]", ,Y,"[REDACTED, MAY CONTAIN CONFIDENTIAL BUSINESS INFORMATION]", ,Y,,Y, ,,, ,Y,No,,No,ADAS,, , ,Y, , , , , ,,JAN-2024, ,JAN-2024,00:11, ,8beb8341bbfe1e8,[MAY CONTAIN PERSONALLY IDENTIFIABLE INFORMATION], ,[MAY CONTAIN PERSONALLY IDENTIFIABLE INFORMATION], ,[MAY CONTAIN PERSONALLY IDENTIFIABLE INFORMATION], ,Phoenix, ,AZ ,[MAY CONTAIN PERSONALLY IDENTIFIABLE INFORMATION], ,Highway / Freeway,Dry,No Unusual Conditions,55, ,Daylight, , ,Y, , , , , ,,Other Fixed Object,Unknown,Yes,,,, , , , , , , , , , , ,Proceeding Straight,Yes,Unknown,Unknown,65, ,Y,Y,Y, , , , , , , , ,Y, ,Y, ,Y,Y, , ,Unknown,,Y,Unknown,,Y,,Y,,Y,"[REDACTED, MAY CONTAIN CONFIDENTIAL BUSINESS INFORMATION]",Y,"[REDACTED, MAY CONTAIN CONFIDENTIAL BUSINESS INFORMATION]",Y
13781-6939,1,"Tesla, Inc.",5-Day,,,JAN-2024,7SAXCBE54NF, ,N/A,Tesla,Model X, ,2022, ,447c677fbe557f6,28501, ,Consumer,"[REDACTED, MAY CONTAIN CONFIDENTIAL BUSINESS INFORMATION]", ,Y,"[REDACTED, MAY CONTAIN CONFIDENTIAL BUSINESS INFORMATION]", ,Y,"[REDACTED, MAY CONTAIN CONFIDENTIAL BUSINESS INFORMATION]", ,Y,,Y, ,,, ,Y,No,,No,ADAS,, , ,Y, , , , , ,,JAN-2024, ,JAN-2024,10:02, ,f03811a5fa03016,[MAY CONTAIN PERSONALLY IDENTIFIABLE INFORMATION], ,[MAY CONTAIN PERSONALLY IDENTIFIABLE INFORMATION], ,[MAY CONTAIN PERSONALLY IDENTIFIABLE INFORMATION], ,Orlando, ,FL ,[MAY CONTAIN PERSONALLY IDENTIFIABLE INFORMATION], ,Intersection,Dry,No Unusual Conditions,45, ,Dark - Lighted,Y, , , , , , , ,,Passenger Car,Unknown,Yes,Proceeding Straight,Unknown,Unknown, , , , , ,Y, ,Y,Y, , ,Proceeding Straight,Yes,Unknown,Unknown,49, , , ,Y, , ,Y, , ,Y, , ,Y, ,Y, ,Y,Y, , ,Unknown,,Y,Unknown,,Y,,Y,,Y,"[REDACTED, MAY CONTAIN CONFIDENTIAL BUSINESS INFORMATION]",Y,"[REDACTED, MAY CONTAIN CONFIDENTIAL BUSINESS INFORMATION]",Y
753-6931,1,"Kia America, Inc.",1-Day,,,JAN-2024,5XYP54GC4PG, ,[MAY CONTAIN PERSONALLY IDENTIFIABLE INFORMATION],KIA,TELLURIDE, ,2023, ,3e6a411d67ace4e,7500, ,Consumer,,Y, ,,Y, ,,Y, ,,Y, ,,, ,Y,No,,No,ADAS,, ,Y, , , , , , ,,DEC-2023, ,JAN-2024,20:00, ,d2b91431230e17e,[MAY CONTAIN PERSONALLY IDENTIFIABLE INFORMATION], ,[MAY CONTAIN PERSONALLY IDENTIFIABLE INFORMATION], ,[MAY CONTAIN PERSONALLY IDENTIFIABLE INFORMATION], ,LAKE CITY, ,FL ,[MAY CONTAIN PERSONALLY IDENTIFIABLE INFORMATION], ,Highway / Freeway,Dry,Unknown,70, ,Unknown, , , , , , ,Y, ,,"Other, see Narrative",Minor,No,"Other, see Narrative",Not Applicable,Not Applicable, , , , , , , , , , ,Y,Proceeding Straight,Yes,Yes,Yes,77, ,Y, ,Y,Y,Y,Y,Y,Y,Y, , , , , ,Y, ,Y, , ,Unknown,,Y,Yes,,Y,,Y,,Y,"Unknown, see Narrative", ,"Customer contacted Kias Customer Care Center on January 4, 2024 to provide details regarding an incident that had occurred on December [XXX], 2023 involving his 2023MY Kia Telluride. Customer reported that while driving, along with 3 passengers, on [XXX] in the State of Georgia, there was a bend in the road and the vehicle did not make the turn in time and the vehicle ran into wet grass.  The customer stated he was unable to recover control of the vehicle once it made contact with the wet grass. Customer reported that the vehicle hit berms, trees, signs and also began to roll until the vehicle settled to a stop. The customer reported he was driving 77mph in a 70mph zone. The customer indicated that Highway Driving Assist and Smart Cruise Control features were engaged 30 seconds before the incident.  The airbags deployed and reported minor injuries of cuts, scratches, wounds, bumps and bruises.  The customer alleged that the lane departure system did not work properly and wanted a new vehicle or compensation in order to purchase another vehicle. Kia notes that based on available information, the incident occurred in Florida.
The subject Kia Telluride is equipped with Highway Driving Assist (HDA), Lane Following Assist (LFA) and Smart Cruise Control (SCC).  HDA is a supplemental system that helps maintain a set distance and speed from the vehicle ahead when driving on a highway and helps keep the vehicle between lanes while driving. HDA may not be able to recognize all trac situations and may not detect possible collisions due to limitations of the system. LFA is also a supplemental system that helps to detect lane markings and/or vehicles on the road, and assists the drivers steering to help keep the vehicle between lanes. LFA does not operate at all times and it is the responsibility of the driver to safely steer the vehicle and to maintain the vehicle in its lane.  
Based on the available information, the customer appears to have a misunderstanding of the capabilities of the vehicles Lane Following Assist function and appears to have relied on LFA to steer the vehicle.",
13781-6929,1,"Tesla, Inc.",5-Day,,,JAN-2024,5YJ3E1EB1LF, ,N/A,Tesla,Model 3, ,2020, ,34cc890a5fa2157,90622, ,Consumer,"[REDACTED, MAY CONTAIN CONFIDENTIAL BUSINESS INFORMATION]", ,Y,"[REDACTED, MAY CONTAIN CONFIDENTIAL BUSINESS INFORMATION]", ,Y,"[REDACTED, MAY CONTAIN CONFIDENTIAL BUSINESS INFORMATION]", ,Y,,Y, ,,, ,Y,No,,No,ADAS,, , ,Y, , , , , ,,DEC-2023, ,JAN-2024,07:03, ,82c9d93272f3d15,[MAY CONTAIN PERSONALLY IDENTIFIABLE INFORMATION], ,[MAY CONTAIN PERSONALLY IDENTIFIABLE INFORMATION], ,[MAY CONTAIN PERSONALLY IDENTIFIABLE INFORMATION], ,Bowling Green, ,MO ,[MAY CONTAIN PERSONALLY IDENTIFIABLE INFORMATION], ,Highway / Freeway,Dry,No Unusual Conditions,65, ,Dark - Not Lighted,Y, , , , , , , ,,Animal,Unknown,Yes,"Other, see Narrative",,, , , , , , , , , , , ,Proceeding Straight,Yes,Unknown,Unknown,62, , , ,Y, , ,Y, , ,Y, , ,Y, ,Y, ,Y,Y, , ,Unknown,,Y,Unknown,,Y,,Y,,Y,"[REDACTED, MAY CONTAIN CONFIDENTIAL BUSINESS INFORMATION]",Y,"[REDACTED, MAY CONTAIN CONFIDENTIAL BUSINESS INFORMATION]",Y
13781-6927,1,"Tesla, Inc.",5-Day,,,JAN-2024,7SAYGDEE3NF, ,N/A,Tesla,Model Y, ,2022, ,3aedadaa2ba4412,92842, ,Consumer,"[REDACTED, MAY CONTAIN CONFIDENTIAL BUSINESS INFORMATION]", ,Y,"[REDACTED, MAY CONTAIN CONFIDENTIAL BUSINESS INFORMATION]", ,Y,"[REDACTED, MAY CONTAIN CONFIDENTIAL BUSINESS INFORMATION]", ,Y,,Y, ,,, ,Y,No,,No,ADAS,, , ,Y, , , , , ,,DEC-2023, ,JAN-2024,14:25, ,aed97adfecb5f94,[MAY CONTAIN PERSONALLY IDENTIFIABLE INFORMATION], ,[MAY CONTAIN PERSONALLY IDENTIFIABLE INFORMATION], ,[MAY CONTAIN PERSONALLY IDENTIFIABLE INFORMATION], ,Goodyear, ,AZ ,[MAY CONTAIN PERSONALLY IDENTIFIABLE INFORMATION], ,Highway / Freeway,Dry,Unknown,65, ,Dawn / Dusk,Y, , , , , , , ,,Other Fixed Object,Unknown,Yes,,,, , , , , , , , , , , ,Proceeding Straight,Yes,Unknown,Unknown,66, , , , , , , ,Y,Y,Y, , ,Y, ,Y, , ,Y, , ,Unknown,,Y,Unknown,,Y,,Y,,Y,"[REDACTED, MAY CONTAIN CONFIDENTIAL BUSINESS INFORMATION]",Y,"[REDACTED, MAY CONTAIN CONFIDENTIAL BUSINESS INFORMATION]",Y