Report ID,Report Version,Reporting Entity,Report Type,Report Month,Report Year,Report Submission Date,VIN,VIN - Unknown,Serial Number,Make,Model,Model - Unknown,Model Year,Model Year - Unknown,Same Vehicle ID,Mileage,Mileage - Unknown,Driver / Operator Type,ADAS/ADS System Version,ADAS/ADS System Version - Unk,ADAS/ADS System Version CBI,ADAS/ADS Hardware Version,ADAS/ADS Hardware Version - Unk,ADAS/ADS Hardware Version CBI,ADAS/ADS Software Version,ADAS/ADS Software Version - Unk,ADAS/ADS Software Version CBI,Other Reporting Entities?,Other Reporting Entities? - Unk,Other Reporting Entities? - NA,Federal Regulatory Exemption?,Other Federal Reg. Exemption,Federal Reg. Exemption - Unk,Federal Reg. Exemption - No,State or Local Permit?,State or Local Permit,ADS Equipped?,Automation System Engaged?,Operating Entity,Operating Entity - Unknown,Source - Complaint/Claim,Source - Telematics,Source - Law Enforcement,Source - Field Report,Source - Testing,Source - Media,Source - Other,Source - Other Text,Incident Date,Incident Date - Unknown,Notice Received Date,Incident Time (24:00),Incident Time - Unknown,Same Incident ID,Latitude,Latitude - Unknown,Longitude,Longitude - Unknown,Address,Address - Unknown,City,City - Unknown,State,Zip Code,Zip Code - Unknown,Roadway Type,Roadway Surface,Roadway Description,Posted Speed Limit (MPH),Posted Speed Limit - Unknown,Lighting,Weather - Clear,Weather - Snow,Weather - Cloudy,Weather - Fog/Smoke,Weather - Rain,Weather - Severe Wind,Weather - Unknown,Weather - Other,Weather - Other Text,Crash With,Highest Injury Severity Alleged,Property Damage?,CP Pre-Crash Movement,CP Any Air Bags Deployed?,CP Was Vehicle Towed?,CP Contact Area - Rear Left,CP Contact Area - Left,CP Contact Area - Front Left,CP Contact Area - Rear,CP Contact Area - Top,CP Contact Area - Front,CP Contact Area - Rear Right,CP Contact Area - Right,CP Contact Area - Front Right,CP Contact Area - Bottom,CP Contact Area - Unknown,SV Pre-Crash Movement,SV Any Air Bags Deployed?,SV Was Vehicle Towed?,SV Were All Passengers Belted?,SV Precrash Speed (MPH),SV Pre-crash Speed - Unknown,SV Contact Area - Rear Left,SV Contact Area - Left,SV Contact Area - Front Left,SV Contact Area - Rear,SV Contact Area - Top,SV Contact Area - Front,SV Contact Area - Rear Right,SV Contact Area - Right,SV Contact Area - Front Right,SV Contact Area - Bottom,SV Contact Area - Unknown,Data Availability - EDR,Data Availability - Police Rpt,Data Availability - Telematics,Data Availability - Complaints,Data Availability - Video,Data Availability - Other,Data Availability - No Data,Data Availability - Unknown,Law Enforcement Investigating?,Investigating Agency,Investigating Agency - Unknown,Rep Ent Or Mfr Investigating?,Investigating Officer Name,Inv. Officer Name - Unknown,Investigating Officer Phone,Inv. Officer Phone - Unknown,Investigating Officer Email,Inv. Officer Email - Unknown,Within ODD?,Within ODD? - CBI,Narrative,Narrative - CBI?
13781-6801,1,"Tesla, Inc.",5-Day,,,DEC-2023,5YJYGDED6MF, ,N/A,Tesla,Model Y, ,2021, ,b81049ae95644b4,25535, ,Consumer,"[REDACTED, MAY CONTAIN CONFIDENTIAL BUSINESS INFORMATION]", ,Y,"[REDACTED, MAY CONTAIN CONFIDENTIAL BUSINESS INFORMATION]", ,Y,"[REDACTED, MAY CONTAIN CONFIDENTIAL BUSINESS INFORMATION]", ,Y,,Y, ,,, ,Y,No,,No,ADAS,, , ,Y, , , , , ,,DEC-2023, ,DEC-2023,01:47, ,5a2eb17bf89e43c,[MAY CONTAIN PERSONALLY IDENTIFIABLE INFORMATION], ,[MAY CONTAIN PERSONALLY IDENTIFIABLE INFORMATION], ,[MAY CONTAIN PERSONALLY IDENTIFIABLE INFORMATION], ,Frisco, ,TX ,[MAY CONTAIN PERSONALLY IDENTIFIABLE INFORMATION], ,Street,Dry,No Unusual Conditions,45, ,Dark - Lighted,Y, , , , , , , ,,SUV,Unknown,Yes,"Other, see Narrative",Yes,Unknown, , , , , , ,Y,Y,Y, , ,Proceeding Straight,Yes,Unknown,Unknown,41, , , ,Y, , ,Y, , ,Y, , ,Y, ,Y, ,Y,Y, , ,Unknown,,Y,Unknown,,Y,,Y,,Y,"[REDACTED, MAY CONTAIN CONFIDENTIAL BUSINESS INFORMATION]",Y,"[REDACTED, MAY CONTAIN CONFIDENTIAL BUSINESS INFORMATION]",Y
13781-6800,1,"Tesla, Inc.",5-Day,,,DEC-2023,5YJ3E1EA8MF, ,N/A,Tesla,Model 3, ,2021, ,96936cc7e8b6ef8,34100, ,Consumer,"[REDACTED, MAY CONTAIN CONFIDENTIAL BUSINESS INFORMATION]", ,Y,"[REDACTED, MAY CONTAIN CONFIDENTIAL BUSINESS INFORMATION]", ,Y,"[REDACTED, MAY CONTAIN CONFIDENTIAL BUSINESS INFORMATION]", ,Y,,Y, ,,, ,Y,No,,No,ADAS,, , ,Y, , , , , ,,DEC-2023, ,DEC-2023,04:47, ,88ae24323263e30,[MAY CONTAIN PERSONALLY IDENTIFIABLE INFORMATION], ,[MAY CONTAIN PERSONALLY IDENTIFIABLE INFORMATION], ,[MAY CONTAIN PERSONALLY IDENTIFIABLE INFORMATION], ,Paige, ,TX ,[MAY CONTAIN PERSONALLY IDENTIFIABLE INFORMATION], ,Highway / Freeway,Dry,No Unusual Conditions,70, ,Dark - Not Lighted,Y, , , , , , , ,,Animal,Unknown,Yes,"Other, see Narrative",,, , , , , , , , , , , ,Proceeding Straight,Yes,Unknown,Unknown,83, , , ,Y, , ,Y, , ,Y, , ,Y, ,Y, ,Y,Y, , ,Unknown,,Y,Unknown,,Y,,Y,,Y,"[REDACTED, MAY CONTAIN CONFIDENTIAL BUSINESS INFORMATION]",Y,"[REDACTED, MAY CONTAIN CONFIDENTIAL BUSINESS INFORMATION]",Y
13781-6796,1,"Tesla, Inc.",5-Day,,,DEC-2023,5YJ3E1EB6JF, ,N/A,Tesla,Model 3, ,2018, ,c43ba6f38905a60,68974, ,Consumer,"[REDACTED, MAY CONTAIN CONFIDENTIAL BUSINESS INFORMATION]", ,Y,"[REDACTED, MAY CONTAIN CONFIDENTIAL BUSINESS INFORMATION]", ,Y,"[REDACTED, MAY CONTAIN CONFIDENTIAL BUSINESS INFORMATION]", ,Y,,Y, ,,, ,Y,No,,No,ADAS,, , ,Y, , , , , ,,DEC-2023, ,DEC-2023,23:48, ,02d673d4ba78e25,[MAY CONTAIN PERSONALLY IDENTIFIABLE INFORMATION], ,[MAY CONTAIN PERSONALLY IDENTIFIABLE INFORMATION], ,[MAY CONTAIN PERSONALLY IDENTIFIABLE INFORMATION], ,Atlanta, ,GA ,[MAY CONTAIN PERSONALLY IDENTIFIABLE INFORMATION], ,Intersection,Dry,No Unusual Conditions,45, ,Dark - Lighted,Y, , , , , , , ,,Passenger Car,Unknown,Yes,Making Left Turn,Yes,Unknown, , , , , , ,Y,Y,Y, , ,Proceeding Straight,Yes,Unknown,Unknown,40, , , ,Y, , ,Y, , ,Y, , ,Y, ,Y, ,Y,Y, , ,Unknown,,Y,Unknown,,Y,,Y,,Y,"[REDACTED, MAY CONTAIN CONFIDENTIAL BUSINESS INFORMATION]",Y,"[REDACTED, MAY CONTAIN CONFIDENTIAL BUSINESS INFORMATION]",Y
273-6769,1,"Chrysler (FCA US, LLC)",5-Day,,,DEC-2023,1C4RJYD63P8, ,N/A,Jeep,Grand Cherokee Overland 4xE, ,2023, ,52993075c353729,,Y,Consumer,,Y, ,,Y, ,,Y, ,, ,Y,,, ,Y,Unknown,,No,ADAS,, , , , ,Y, , , ,,NOV-2023, ,DEC-2023,14:15, ,353c33e374361bd,,Y,,Y,[MAY CONTAIN PERSONALLY IDENTIFIABLE INFORMATION], ,Findley, ,OH ,,Y,Highway / Freeway,Unknown,Unknown,,Y,Daylight, , , , , , ,Y, ,,Other Fixed Object,No Injuries Reported,Yes,,,, , , , , , , , , , , ,"Other, see Narrative",No,Yes,Unknown,65, , , ,Y, , , , , , , , , , , , , , ,Y, ,No,, ,No,, ,, ,, ,"Unknown, see Narrative", ,"As stated by the vehicle custodian [REDACTED, MAY CONTAIN CONFIDENTIAL BUSINESS INFORMATION]",Y
13781-6782,1,"Tesla, Inc.",5-Day,,,DEC-2023,7SAYGDEFXNF, ,N/A,Tesla,Model Y, ,2022, ,bb4c24eb7f0f34a,26800, ,Consumer,"[REDACTED, MAY CONTAIN CONFIDENTIAL BUSINESS INFORMATION]", ,Y,"[REDACTED, MAY CONTAIN CONFIDENTIAL BUSINESS INFORMATION]", ,Y,"[REDACTED, MAY CONTAIN CONFIDENTIAL BUSINESS INFORMATION]", ,Y,,Y, ,,, ,Y,No,,No,ADAS,, , ,Y, , , , , ,,DEC-2023, ,DEC-2023,06:04, ,cbced37750fd98c,[MAY CONTAIN PERSONALLY IDENTIFIABLE INFORMATION], ,[MAY CONTAIN PERSONALLY IDENTIFIABLE INFORMATION], ,[MAY CONTAIN PERSONALLY IDENTIFIABLE INFORMATION], ,Saint Petersburg, ,FL ,[MAY CONTAIN PERSONALLY IDENTIFIABLE INFORMATION], ,Highway / Freeway,Dry,No Unusual Conditions,65, ,Dark - Lighted,Y, , , , , , , ,,Other Fixed Object,Unknown,Yes,,,, , , , , , , , , , , ,Proceeding Straight,Yes,Unknown,Unknown,50, ,Y,Y,Y, , ,Y, , ,Y,Y, ,Y, ,Y, ,Y,Y, , ,Unknown,,Y,Unknown,,Y,,Y,,Y,"[REDACTED, MAY CONTAIN CONFIDENTIAL BUSINESS INFORMATION]",Y,"[REDACTED, MAY CONTAIN CONFIDENTIAL BUSINESS INFORMATION]",Y
502-6772,1,Ford Motor Company,5-Day,,,DEC-2023,1FTFW1ED9MF, ,N/A,Ford,F-150, ,2021, ,10bd11ada17af66,66768, ,Consumer,Co-Pilot 360 Active 2.0, , ,"[REDACTED, MAY CONTAIN CONFIDENTIAL BUSINESS INFORMATION]", ,Y,"[REDACTED, MAY CONTAIN CONFIDENTIAL BUSINESS INFORMATION]", ,Y,, ,Y,,, ,Y,No,,No,ADAS,, ,Y, , , , , , ,,DEC-2023, ,DEC-2023,,Y,bf98198b8e3dc17,[MAY CONTAIN PERSONALLY IDENTIFIABLE INFORMATION], ,[MAY CONTAIN PERSONALLY IDENTIFIABLE INFORMATION], ,[MAY CONTAIN PERSONALLY IDENTIFIABLE INFORMATION], ,Flint, ,MI ,[MAY CONTAIN PERSONALLY IDENTIFIABLE INFORMATION], ,Highway / Freeway,Wet,No Unusual Conditions,70, ,Daylight, , ,Y, ,Y, , , ,,Passenger Car,No Injuries Reported,Yes,Crossing into Opposing Lane,Unknown,Unknown, , , , , , , , , , ,Y,Proceeding Straight,Yes,Yes,Yes,,Y, ,Y,Y, , ,Y, ,Y,Y,Y, , ,Y, , , , , , ,No,, ,Yes,, ,, ,, ,Yes, ,"The driver reported to Ford that while traveling north on [XXX], a Chevrolet midsize sedan spun into the F150 lane and impacting the left-hand side of F150 vehicle.  The impact caused the F150 to spin and have multiple impacts into a guardrail.  No injuries were reported, the vehicle deployed airbags and was towed.
The driver claims the Level 2 ACC (Adaptive Cruise Control) and LCA (Lane Center Assist), hands ON were active when the incident occurred.",
10039-6771,1,"BMW of North America, LLC",1-Day,,,DEC-2023,5UXTA6C05M9, ,N/A,BMW,X5 xDrive45e, ,2021, ,d10aeeac381d8fc,,Y,Consumer,,Y, ,,Y, ,,Y, ,,Y, ,,, ,Y,No,,No,"Unknown, see Narrative",, ,Y, , , , , , ,,DEC-2023, ,DEC-2023,,Y,0fab32ab3e6ced6,,Y,,Y,[MAY CONTAIN PERSONALLY IDENTIFIABLE INFORMATION], ,,Y,NJ ,,Y,Highway / Freeway,Wet,Unknown,,Y,Unknown, , , , ,Y, , , ,,Other Fixed Object,Minor,Unknown,,,, , , , , , , , , , , ,Changing Lanes,Yes,Yes,Unknown,,Y,Y, ,Y,Y, ,Y, , ,Y, , , , , , , , , ,Y,Unknown,,Y,Yes,,Y,,Y,,Y,"[REDACTED, MAY CONTAIN CONFIDENTIAL BUSINESS INFORMATION]",Y,"[REDACTED, MAY CONTAIN CONFIDENTIAL BUSINESS INFORMATION]",Y
753-6768,1,"Kia America, Inc.",1-Day,,,DEC-2023,5XXG64J27RG, ,[MAY CONTAIN PERSONALLY IDENTIFIABLE INFORMATION],KIA,K5, ,2024, ,4ce7b2fa13cd731,2824, ,Consumer,,Y, ,,Y, ,,Y, ,,Y, ,,, ,Y,No,,No,"Unknown, see Narrative",, ,Y, , , , , , ,,NOV-2023, ,DEC-2023,07:40, ,b8a3a73b39baa16,,Y,,Y,[MAY CONTAIN PERSONALLY IDENTIFIABLE INFORMATION], ,Aurora, ,CO ,[MAY CONTAIN PERSONALLY IDENTIFIABLE INFORMATION], ,Highway / Freeway,Dry,"Other, see Narrative",65, ,Daylight,Y, , , , , , ,Y,Completely dry warm weather,"Other, see Narrative",Moderate,No,"Other, see Narrative",Unknown,Unknown, , , , , , , , , , ,Y,Proceeding Straight,Yes,Yes,Yes,65, , ,Y,Y, , ,Y, , ,Y, , , , , ,Y, , , , ,Unknown,,Y,Yes,,Y,,Y,,Y,"Unknown, see Narrative", ,"The owner (father of the driver) of a 2024MY Kia K5 contacted Kia's Customer Care Center on 12/5/2023 indicating his son was driving the subject vehicle when the traffic slowed down suddenly and was involved in an accident. The father was not a passenger or witness to the accident. The father reported his son was traveling approximately 60-65mph when a ""Ford Explorer may have cut him off, [REDACTED, MAY CONTAIN CONFIDENTIAL BUSINESS INFORMATION] he had no time to brake, and hit the [REDACTED, MAY CONTAIN CONFIDENTIAL BUSINESS INFORMATION]"". The ""car did [REDACTED, MAY CONTAIN CONFIDENTIAL BUSINESS INFORMATION] alert or brake"" prior to impact. The father indicated his son did not remember if he had hit the brakes.
The subject Kia K5 is equipped with Highway Driving Assist (HDA), Lane Following Assist (LFA) and Smart Cruise Control (SCC). HDA is a supplemental system that helps maintain a set distance and speed from the vehicle ahead when driving on a highway and helps keep the vehicle between lanes while driving. HDA may not be able to recognize all traffic situations and may not detect possible collisions due to limitations of the system. LFA is also a supplemental system that helps to detect lane markings and/or vehicles on the road, and assists the driver's steering to help keep the vehicle between lanes. LFA does not operate at all times and it is the responsibility of the driver to safely steer the vehicle and to maintain the vehicle in its lane.
The father reported that HDA and LFA were engaged but SCC was not. It is unclear whether HDA was in fact engaged since the father reported SCC was not. Kia is currently working with the father to retrieve the vehicle's ACU but has no further information at this time.",
13781-6753,1,"Tesla, Inc.",5-Day,,,DEC-2023,7SAYGDEE6PA, ,N/A,Tesla,Model Y, ,2023, ,754084fbc8c2be6,,Y,Consumer,"[REDACTED, MAY CONTAIN CONFIDENTIAL BUSINESS INFORMATION]", ,Y,"[REDACTED, MAY CONTAIN CONFIDENTIAL BUSINESS INFORMATION]", ,Y,"[REDACTED, MAY CONTAIN CONFIDENTIAL BUSINESS INFORMATION]",Y,Y,,Y, ,,, ,Y,No,,No,ADAS,, ,Y, , , , , , ,,SEP-2023, ,NOV-2023,,Y,71290363514758e,[MAY CONTAIN PERSONALLY IDENTIFIABLE INFORMATION], ,[MAY CONTAIN PERSONALLY IDENTIFIABLE INFORMATION], ,[MAY CONTAIN PERSONALLY IDENTIFIABLE INFORMATION], ,Austin, ,TX ,[MAY CONTAIN PERSONALLY IDENTIFIABLE INFORMATION], ,Street,Dry,No Unusual Conditions,40, ,Daylight,Y, , , , , , , ,,Van,Unknown,Yes,Proceeding Straight,Yes,Unknown, ,Y,Y, , , , , , , , ,Making Left Turn,Yes,Unknown,Unknown,10, , , ,Y, , ,Y, , ,Y, , ,Y, ,Y,Y,Y,Y, , ,Unknown,,Y,Unknown,,Y,,Y,,Y,"[REDACTED, MAY CONTAIN CONFIDENTIAL BUSINESS INFORMATION]",Y,"[REDACTED, MAY CONTAIN CONFIDENTIAL BUSINESS INFORMATION]",Y
13781-6752,1,"Tesla, Inc.",5-Day,,,DEC-2023,5YJ3E1EA2LF, ,N/A,Tesla,Model 3, ,2020, ,600d5f6afdee1da,66069, ,Consumer,"[REDACTED, MAY CONTAIN CONFIDENTIAL BUSINESS INFORMATION]", ,Y,"[REDACTED, MAY CONTAIN CONFIDENTIAL BUSINESS INFORMATION]", ,Y,"[REDACTED, MAY CONTAIN CONFIDENTIAL BUSINESS INFORMATION]", ,Y,,Y, ,,, ,Y,No,,No,ADAS,, , ,Y, , , , , ,,NOV-2023, ,NOV-2023,10:39, ,de32aa8341fc037,[MAY CONTAIN PERSONALLY IDENTIFIABLE INFORMATION], ,[MAY CONTAIN PERSONALLY IDENTIFIABLE INFORMATION], ,[MAY CONTAIN PERSONALLY IDENTIFIABLE INFORMATION], ,St Clair Shores, ,MI ,[MAY CONTAIN PERSONALLY IDENTIFIABLE INFORMATION], ,Highway / Freeway,Wet,No Unusual Conditions,70, ,Dark - Not Lighted, , ,Y, , , , , ,,Passenger Car,Unknown,Yes,Lane / Road Departure,Unknown,Unknown, , , , , , ,Y,Y,Y, , ,Proceeding Straight,Yes,Unknown,Unknown,65, ,Y,Y,Y, , , , , , , , ,Y, ,Y, ,Y,Y, , ,Unknown,,Y,Unknown,,Y,,Y,,Y,"[REDACTED, MAY CONTAIN CONFIDENTIAL BUSINESS INFORMATION]",Y,"[REDACTED, MAY CONTAIN CONFIDENTIAL BUSINESS INFORMATION]",Y
13781-6750,1,"Tesla, Inc.",5-Day,,,DEC-2023,7SAYGDEE4NF, ,N/A,Tesla,Model Y, ,2022, ,b91c112b1a962d8,19301, ,Consumer,"[REDACTED, MAY CONTAIN CONFIDENTIAL BUSINESS INFORMATION]", ,Y,"[REDACTED, MAY CONTAIN CONFIDENTIAL BUSINESS INFORMATION]", ,Y,"[REDACTED, MAY CONTAIN CONFIDENTIAL BUSINESS INFORMATION]", ,Y,,Y, ,,, ,Y,No,,No,ADAS,, , ,Y, , , , , ,,NOV-2023, ,NOV-2023,18:05, ,e351b05f7582ca9,[MAY CONTAIN PERSONALLY IDENTIFIABLE INFORMATION], ,[MAY CONTAIN PERSONALLY IDENTIFIABLE INFORMATION], ,[MAY CONTAIN PERSONALLY IDENTIFIABLE INFORMATION], ,Webber Township, ,MI ,,Y,Rural Road,Dry,No Unusual Conditions,65, ,Daylight, , ,Y, , , , , ,,Pole / Tree,Unknown,Yes,,,, , , , , , , , , , , ,Proceeding Straight,Yes,Unknown,Unknown,55, ,Y,Y,Y, , ,Y, , ,Y,Y, ,Y, ,Y, ,Y,Y, , ,Unknown,,Y,Unknown,,Y,,Y,,Y,"[REDACTED, MAY CONTAIN CONFIDENTIAL BUSINESS INFORMATION]",Y,"[REDACTED, MAY CONTAIN CONFIDENTIAL BUSINESS INFORMATION]",Y
13781-6749,1,"Tesla, Inc.",5-Day,,,DEC-2023,7SAYGDEE3PF, ,N/A,Tesla,Model Y, ,2023, ,71bd0a8bcc4c879,18951, ,Consumer,"[REDACTED, MAY CONTAIN CONFIDENTIAL BUSINESS INFORMATION]", ,Y,"[REDACTED, MAY CONTAIN CONFIDENTIAL BUSINESS INFORMATION]", ,Y,"[REDACTED, MAY CONTAIN CONFIDENTIAL BUSINESS INFORMATION]", ,Y,,Y, ,,, ,Y,No,,No,ADAS,, , ,Y, , , , , ,,NOV-2023, ,NOV-2023,19:09, ,c1b09c69986df2e,[MAY CONTAIN PERSONALLY IDENTIFIABLE INFORMATION], ,[MAY CONTAIN PERSONALLY IDENTIFIABLE INFORMATION], ,[MAY CONTAIN PERSONALLY IDENTIFIABLE INFORMATION], ,Golden, ,CO ,[MAY CONTAIN PERSONALLY IDENTIFIABLE INFORMATION], ,Highway / Freeway,"Other, see Narrative",No Unusual Conditions,55, ,Daylight, , ,Y, , , , , ,,Other Fixed Object,Unknown,Yes,,,, , , , , , , , , , , ,Proceeding Straight,Yes,Unknown,Unknown,50, , ,Y,Y, , , , , , , , ,Y, ,Y, ,Y,Y, , ,Unknown,,Y,Unknown,,Y,,Y,,Y,"[REDACTED, MAY CONTAIN CONFIDENTIAL BUSINESS INFORMATION]",Y,"[REDACTED, MAY CONTAIN CONFIDENTIAL BUSINESS INFORMATION]",Y
13781-6748,1,"Tesla, Inc.",5-Day,,,DEC-2023,5YJSA1E5XNF, ,N/A,Tesla,Model S, ,2022, ,84732d8a188d9b4,11059, ,Consumer,"[REDACTED, MAY CONTAIN CONFIDENTIAL BUSINESS INFORMATION]", ,Y,"[REDACTED, MAY CONTAIN CONFIDENTIAL BUSINESS INFORMATION]", ,Y,"[REDACTED, MAY CONTAIN CONFIDENTIAL BUSINESS INFORMATION]", ,Y,,Y, ,,, ,Y,No,,No,ADAS,, , ,Y, , , , , ,,NOV-2023, ,NOV-2023,03:42, ,b211a47d7ef9952,[MAY CONTAIN PERSONALLY IDENTIFIABLE INFORMATION], ,[MAY CONTAIN PERSONALLY IDENTIFIABLE INFORMATION], ,[MAY CONTAIN PERSONALLY IDENTIFIABLE INFORMATION], ,Atlanta, ,GA ,[MAY CONTAIN PERSONALLY IDENTIFIABLE INFORMATION], ,Highway / Freeway,Dry,Traffic Incident,65, ,Dark - Not Lighted, , ,Y, , , , , ,,Van,Unknown,Yes,"Other, see Narrative",Unknown,Unknown,Y,Y, ,Y, , , , , , , ,Proceeding Straight,Yes,Unknown,Unknown,74, , , ,Y, , ,Y, , ,Y, , ,Y, ,Y, ,Y,Y, , ,Unknown,,Y,Unknown,,Y,,Y,,Y,"[REDACTED, MAY CONTAIN CONFIDENTIAL BUSINESS INFORMATION]",Y,"[REDACTED, MAY CONTAIN CONFIDENTIAL BUSINESS INFORMATION]",Y
13781-6747,1,"Tesla, Inc.",5-Day,,,DEC-2023,5YJYGDEEXMF, ,N/A,Tesla,Model Y, ,2021, ,9dc61a7006103c6,37661, ,Consumer,"[REDACTED, MAY CONTAIN CONFIDENTIAL BUSINESS INFORMATION]", ,Y,"[REDACTED, MAY CONTAIN CONFIDENTIAL BUSINESS INFORMATION]", ,Y,"[REDACTED, MAY CONTAIN CONFIDENTIAL BUSINESS INFORMATION]", ,Y,,Y, ,,, ,Y,No,,No,ADAS,, , ,Y, , , , , ,,NOV-2023, ,NOV-2023,15:13, ,9b11f9892a2f87f,[MAY CONTAIN PERSONALLY IDENTIFIABLE INFORMATION], ,[MAY CONTAIN PERSONALLY IDENTIFIABLE INFORMATION], ,[MAY CONTAIN PERSONALLY IDENTIFIABLE INFORMATION], ,Cumberland, ,RI ,[MAY CONTAIN PERSONALLY IDENTIFIABLE INFORMATION], ,Highway / Freeway,Wet,No Unusual Conditions,65, ,Daylight, , ,Y, ,Y, , , ,,Other Fixed Object,Unknown,Yes,,,, , , , , , , , , , , ,Proceeding Straight,Yes,Unknown,Unknown,60, , , ,Y, , ,Y, , ,Y, , ,Y, ,Y, ,Y,Y, , ,Unknown,,Y,Unknown,,Y,,Y,,Y,"[REDACTED, MAY CONTAIN CONFIDENTIAL BUSINESS INFORMATION]",Y,"[REDACTED, MAY CONTAIN CONFIDENTIAL BUSINESS INFORMATION]",Y
13781-6746,1,"Tesla, Inc.",5-Day,,,DEC-2023,5YJ3E1EB3LF, ,N/A,Tesla,Model 3, ,2020, ,bb60701a029f6ec,90814, ,Consumer,"[REDACTED, MAY CONTAIN CONFIDENTIAL BUSINESS INFORMATION]", ,Y,"[REDACTED, MAY CONTAIN CONFIDENTIAL BUSINESS INFORMATION]", ,Y,"[REDACTED, MAY CONTAIN CONFIDENTIAL BUSINESS INFORMATION]", ,Y,,Y, ,,, ,Y,No,,No,ADAS,, , ,Y, , , , , ,,NOV-2023, ,NOV-2023,02:25, ,e2162a1d8c7fbdd,[MAY CONTAIN PERSONALLY IDENTIFIABLE INFORMATION], ,[MAY CONTAIN PERSONALLY IDENTIFIABLE INFORMATION], ,[MAY CONTAIN PERSONALLY IDENTIFIABLE INFORMATION], ,Wildwood, ,FL ,[MAY CONTAIN PERSONALLY IDENTIFIABLE INFORMATION], ,Highway / Freeway,Dry,No Unusual Conditions,60, ,Dark - Lighted,Y, , , , , , , ,,Animal,Unknown,Yes,Unknown,,, , , , , , , , , , , ,Proceeding Straight,Yes,Unknown,Unknown,74, , , ,Y, , ,Y, , ,Y, , ,Y, ,Y, ,Y,Y, , ,Unknown,,Y,Unknown,,Y,,Y,,Y,"[REDACTED, MAY CONTAIN CONFIDENTIAL BUSINESS INFORMATION]",Y,"[REDACTED, MAY CONTAIN CONFIDENTIAL BUSINESS INFORMATION]",Y
13781-6717,1,"Tesla, Inc.",5-Day,,,NOV-2023,5YJYGDEE1LF, ,N/A,Tesla,Model Y, ,2020, ,990f99b5d8cf564,104323, ,Consumer,"[REDACTED, MAY CONTAIN CONFIDENTIAL BUSINESS INFORMATION]", ,Y,"[REDACTED, MAY CONTAIN CONFIDENTIAL BUSINESS INFORMATION]", ,Y,"[REDACTED, MAY CONTAIN CONFIDENTIAL BUSINESS INFORMATION]", ,Y,,Y, ,,, ,Y,No,,No,ADAS,, , ,Y, , , , , ,,NOV-2023, ,NOV-2023,05:00, ,737e93b667c466b,[MAY CONTAIN PERSONALLY IDENTIFIABLE INFORMATION], ,[MAY CONTAIN PERSONALLY IDENTIFIABLE INFORMATION], ,[MAY CONTAIN PERSONALLY IDENTIFIABLE INFORMATION], ,Raleigh, ,NC ,[MAY CONTAIN PERSONALLY IDENTIFIABLE INFORMATION], ,Highway / Freeway,Dry,No Unusual Conditions,70, ,Dark - Not Lighted,Y, , , , , , , ,,Pole / Tree,Unknown,Yes,,,, , , , , , , , , , , ,Proceeding Straight,Yes,Unknown,Unknown,50, ,Y,Y,Y, , ,Y, , ,Y,Y, ,Y, ,Y, ,Y,Y, , ,Unknown,,Y,Unknown,,Y,,Y,,Y,"[REDACTED, MAY CONTAIN CONFIDENTIAL BUSINESS INFORMATION]",Y,"[REDACTED, MAY CONTAIN CONFIDENTIAL BUSINESS INFORMATION]",Y
13781-6716,1,"Tesla, Inc.",5-Day,,,NOV-2023,5YJ3E1EA6PF, ,N/A,Tesla,Model 3, ,2023, ,ac67037b32b2aa1,7833, ,Consumer,"[REDACTED, MAY CONTAIN CONFIDENTIAL BUSINESS INFORMATION]", ,Y,"[REDACTED, MAY CONTAIN CONFIDENTIAL BUSINESS INFORMATION]", ,Y,"[REDACTED, MAY CONTAIN CONFIDENTIAL BUSINESS INFORMATION]", ,Y,,Y, ,,, ,Y,No,,No,ADAS,, , ,Y, , , , , ,,NOV-2023, ,NOV-2023,07:52, ,aacbfc203c32ce4,[MAY CONTAIN PERSONALLY IDENTIFIABLE INFORMATION], ,[MAY CONTAIN PERSONALLY IDENTIFIABLE INFORMATION], ,[MAY CONTAIN PERSONALLY IDENTIFIABLE INFORMATION], ,Meredithville, ,VA ,[MAY CONTAIN PERSONALLY IDENTIFIABLE INFORMATION], ,Unknown,Unknown,Unknown,70, ,Unknown, , , , , , ,Y, ,,Unknown,Unknown,Yes,Unknown,Unknown,Unknown, , , , , , , , , , ,Y,Proceeding Straight,Yes,Unknown,Unknown,78, , , , , , , , , , , ,Y,Y, ,Y, , ,Y, , ,Unknown,,Y,Unknown,,Y,,Y,,Y,"[REDACTED, MAY CONTAIN CONFIDENTIAL BUSINESS INFORMATION]",Y,"[REDACTED, MAY CONTAIN CONFIDENTIAL BUSINESS INFORMATION]",Y