Report ID,Report Version,Reporting Entity,Report Type,Report Month,Report Year,Report Submission Date,VIN,VIN - Unknown,Serial Number,Make,Model,Model - Unknown,Model Year,Model Year - Unknown,Same Vehicle ID,Mileage,Mileage - Unknown,Driver / Operator Type,ADAS/ADS System Version,ADAS/ADS System Version - Unk,ADAS/ADS System Version CBI,ADAS/ADS Hardware Version,ADAS/ADS Hardware Version - Unk,ADAS/ADS Hardware Version CBI,ADAS/ADS Software Version,ADAS/ADS Software Version - Unk,ADAS/ADS Software Version CBI,Other Reporting Entities?,Other Reporting Entities? - Unk,Other Reporting Entities? - NA,Federal Regulatory Exemption?,Other Federal Reg. Exemption,Federal Reg. Exemption - Unk,Federal Reg. Exemption - No,State or Local Permit?,State or Local Permit,ADS Equipped?,Automation System Engaged?,Operating Entity,Operating Entity - Unknown,Source - Complaint/Claim,Source - Telematics,Source - Law Enforcement,Source - Field Report,Source - Testing,Source - Media,Source - Other,Source - Other Text,Incident Date,Incident Date - Unknown,Notice Received Date,Incident Time (24:00),Incident Time - Unknown,Same Incident ID,Latitude,Latitude - Unknown,Longitude,Longitude - Unknown,Address,Address - Unknown,City,City - Unknown,State,Zip Code,Zip Code - Unknown,Roadway Type,Roadway Surface,Roadway Description,Posted Speed Limit (MPH),Posted Speed Limit - Unknown,Lighting,Weather - Clear,Weather - Snow,Weather - Cloudy,Weather - Fog/Smoke,Weather - Rain,Weather - Severe Wind,Weather - Unknown,Weather - Other,Weather - Other Text,Crash With,Highest Injury Severity Alleged,Property Damage?,CP Pre-Crash Movement,CP Any Air Bags Deployed?,CP Was Vehicle Towed?,CP Contact Area - Rear Left,CP Contact Area - Left,CP Contact Area - Front Left,CP Contact Area - Rear,CP Contact Area - Top,CP Contact Area - Front,CP Contact Area - Rear Right,CP Contact Area - Right,CP Contact Area - Front Right,CP Contact Area - Bottom,CP Contact Area - Unknown,SV Pre-Crash Movement,SV Any Air Bags Deployed?,SV Was Vehicle Towed?,SV Were All Passengers Belted?,SV Precrash Speed (MPH),SV Pre-crash Speed - Unknown,SV Contact Area - Rear Left,SV Contact Area - Left,SV Contact Area - Front Left,SV Contact Area - Rear,SV Contact Area - Top,SV Contact Area - Front,SV Contact Area - Rear Right,SV Contact Area - Right,SV Contact Area - Front Right,SV Contact Area - Bottom,SV Contact Area - Unknown,Data Availability - EDR,Data Availability - Police Rpt,Data Availability - Telematics,Data Availability - Complaints,Data Availability - Video,Data Availability - Other,Data Availability - No Data,Data Availability - Unknown,Law Enforcement Investigating?,Investigating Agency,Investigating Agency - Unknown,Rep Ent Or Mfr Investigating?,Investigating Officer Name,Inv. Officer Name - Unknown,Investigating Officer Phone,Inv. Officer Phone - Unknown,Investigating Officer Email,Inv. Officer Email - Unknown,Within ODD?,Within ODD? - CBI,Narrative,Narrative - CBI?
1306-6035,2,Toyota Motor Engineering & Manufacturing,Update,,,OCT-2023,JTEAAAAH3MJ, ,N/A,Toyota,Venza Hybrid, ,2021, ,c1575d04c9cffe2,26366, ,Consumer,TSS 2.0, , ,Due to multiple ECUs no version can be described, , ,Due to multiple ECUs no version can be described, , ,, ,Y,,, ,Y,No,,No,ADAS,, ,Y, ,Y,Y, , , ,,AUG-2023, ,AUG-2023,08:00, ,e95298e89e7f7b9,,Y,,Y,[MAY CONTAIN PERSONALLY IDENTIFIABLE INFORMATION], ,Albian, ,MI ,[MAY CONTAIN PERSONALLY IDENTIFIABLE INFORMATION], ,Highway / Freeway,Unknown,No Unusual Conditions,,Y,Daylight, , , , , , ,Y, ,,Other Fixed Object,No Injuries Reported,Yes,,,, , , , , , , , , , , ,Proceeding Straight,No,Yes,Yes,85, ,Y,Y,Y, , ,Y, , ,Y, , ,Y, , ,Y, ,Y, , ,Unknown,Calhoun County Sheriff, ,Yes,,Y,,Y,,Y,"Unknown, see Narrative", ,"Entries in this report are based on unconfirmed allegations.
On August 9, 2023, Toyota received an allegation related to this crash from the vehicle owner and mother of the driver who was operating the vehicle during the crash event. On August 10, 2023, through additional contact with the driver of the vehicle, Toyota was notified that the crash resulted in the vehicle being towed from the scene. 
The contact record indicates that driver alleged the following: the driver alleged that, ""the lane assist malfunctioned while cruise control was on."" The driver stated he was driving on [XXX] (direction unknown) with the ""adaptive cruise control and lane assist turned on"". He stated that he, ""had two hands on the wheel and had a secure grip, when he saw a light on the dashboard for the lane assist and the vehicle just veered to the left."" He, ""attempted to correct the direction but ended up fishtailing and losing control, ultimately hitting a cable barrier that was on the left"" He stated that the cable barrier protected him from going into oncoming traffic, but it damaged the entire left side and front of the vehicle. He also stated that none of the airbags deployed and he was not injured. The police responded, and he had the car towed from the scene to a body shop.
On September 11, 2023 Toyota completed a field report for a vehicle inspection related to the incident, and EDR, Vehicle Control History (VCH), and PCS Freeze Frame Data (PCS FFD) were recovered from the vehicle. The PCS FFD has an approximately 8 second pre-crash data recording. From  the PCS FFD, Toyota observed that Lane Trace Assist (LTA) was engaged until approximately 8 seconds before the crash event, and Dynamic Radar Cruise Control (DRCC) was engaged until approximately 2 seconds before the crash event. The LTA (ADAS L2) disengagement was due to lack of driver input. Specifically, the TSS system detected no ""driver steering wheel hold"" for a certain amount of time, and suspended the operation after multiple driver visual and audible alerts. After the LTA suspension, at approximately 3 seconds prior to the crash event, the driver steered the vehicle left at approximately 27 degrees, veering off the road.  The Vehicle Stability Control System activated at approximately 2.5 seconds prior to the crash event, which disengaged DRCC. 
The police report from the Calhoun County Sheriff's department is 23003098.",
13781-6483,1,"Tesla, Inc.",5-Day,,,OCT-2023,5YJYGDEF1LF, ,N/A,Tesla,Model Y, ,2020, ,c256a4c2b1ba11b,102624, ,Consumer,"[REDACTED, MAY CONTAIN CONFIDENTIAL BUSINESS INFORMATION]", ,Y,"[REDACTED, MAY CONTAIN CONFIDENTIAL BUSINESS INFORMATION]", ,Y,"[REDACTED, MAY CONTAIN CONFIDENTIAL BUSINESS INFORMATION]", ,Y,,Y, ,,, ,Y,No,,No,ADAS,, , ,Y, , , , , ,,OCT-2023, ,OCT-2023,01:44, ,b1b9625510edc40,[MAY CONTAIN PERSONALLY IDENTIFIABLE INFORMATION], ,[MAY CONTAIN PERSONALLY IDENTIFIABLE INFORMATION], ,[MAY CONTAIN PERSONALLY IDENTIFIABLE INFORMATION], ,Schaumburg, ,IL ,[MAY CONTAIN PERSONALLY IDENTIFIABLE INFORMATION], ,Highway / Freeway,Dry,No Unusual Conditions,70, ,Dark - Lighted,Y, , , , , , , ,,Passenger Car,Unknown,Yes,Passing,Unknown,Unknown,Y,Y, , , , , , , , , ,Proceeding Straight,Yes,Unknown,Unknown,88, , , , , , , , ,Y,Y, , ,Y, ,Y, ,Y,Y, , ,Unknown,,Y,Unknown,,Y,,Y,,Y,"[REDACTED, MAY CONTAIN CONFIDENTIAL BUSINESS INFORMATION]",Y,"[REDACTED, MAY CONTAIN CONFIDENTIAL BUSINESS INFORMATION]",Y
10039-6029,5,"BMW of North America, LLC",Update,,,OCT-2023,WB523CF01PC, ,N/A,BMW,iX xDrive50, ,2023, ,d7778038a2eeea6,13367, ,Consumer,,Y, ,,Y, ,,Y, ,,Y, ,,, ,Y,No,,No,ADAS,, ,Y, , , , , , ,,MAY-2023, ,AUG-2023,06:00, ,f9ac60f561cdde2,,Y,,Y,[MAY CONTAIN PERSONALLY IDENTIFIABLE INFORMATION], ,,Y,NJ ,,Y,Highway / Freeway,Dry,Unknown,,Y,Daylight,Y, , , , , , , ,,Other Fixed Object,No Injuries Reported,No,,,, , , , , , , , , , , ,"Other, see Narrative",Yes,Yes,Yes,33, ,Y,Y,Y, , ,Y, , ,Y, , ,Y, , , ,Y, , , ,Unknown,,Y,Yes,,Y,,Y,,Y,"[REDACTED, MAY CONTAIN CONFIDENTIAL BUSINESS INFORMATION]",Y,"[REDACTED, MAY CONTAIN CONFIDENTIAL BUSINESS INFORMATION]",Y
753-6415,2,"Kia America, Inc.",10-Day Update,,,OCT-2023,5XYK4CAF7PG, ,[MAY CONTAIN PERSONALLY IDENTIFIABLE INFORMATION],KIA,SPORTAGE, ,2023, ,466ad07f2f118c9,12000, ,Consumer,,Y, ,,Y, ,,Y, ,,Y, ,,, ,Y,No,,No,"Unknown, see Narrative",, ,Y, , , , , , ,,OCT-2023, ,OCT-2023,12:30, ,5ee2fc122ef1e56,,Y,,Y,[MAY CONTAIN PERSONALLY IDENTIFIABLE INFORMATION], ,JOPPA, ,MD ,,Y,Highway / Freeway,Dry,Traffic Incident,65, ,Daylight,Y, , , , , , , ,,"Other, see Narrative",No Injuries Reported,No,"Other, see Narrative",No,No, , , , , , , , , , ,Y,Proceeding Straight,No,Yes,Yes,25, , , , , , ,Y, ,Y,Y, , , , , ,Y, , , , ,No,, ,Yes,, ,, ,, ,"Unknown, see Narrative", ,"*10/6/23: 5-Day Incident Report*
Customer contacted Kias Customer Care Center on October [XXX], 2023 indicating she hit the vehicle in front of her while driving her 2023 Kia Sportage and that the by the time she realized it, the vehicle did not stop and was not able to apply the brakes quick enough.  Specifically, the customer reported that she was driving on in traffic on [XXX] for about 10 mins and cruise control was on and set to 65mph and was fine before with slowing down and picking back up.  Customer indicated she was going 25mph when she hit an 18 wheeler truck in front of her.  She reported the front was of Sportage was caved in and that she could not drive the vehicle.  The airbags did not deploy. There were no reported injuries.  The vehicle was towed.  When asked by Customer Care, the customer reported that HDA and cruise control were engaged at the time of the incident but customer did not allege that either of those systems caused the accident. Customer requested that Kia repair the vehicle if not totaled by her insurance company.
The subject Kia Sportage is equipped with Highway Driving Assist (HDA).  HDA is a supplemental system that helps maintain a set distance and speed from the vehicle ahead when driving on a highway and helps keep the vehicle between lanes while driving.  HDA may not be able to recognize all trac situations and may not detect possible collisions due to limitations of the system.  Obstacles such as vehicles, motorcycles, bicycles, pedestrians, unspecied objects and structures that may collide with the vehicle may not be detected.
Based on the customers comment of by the time she realized it, I was not able to apply the brakes quick enough, it appears that the customer may have been distracted at the time of the incident.  Kia is currently working with the customer to retrieve the vehicles ACU but has no further information at this time.
* 10/13/23: 10- Day Update*
There are no new updates. Kia continues to work to obtain the ACU.",
13781-6426,1,"Tesla, Inc.",5-Day,,,OCT-2023,7SAXCAE50PF, ,N/A,Tesla,Model X, ,2023, ,4bfb83f6db81c3b,1409, ,Consumer,"[REDACTED, MAY CONTAIN CONFIDENTIAL BUSINESS INFORMATION]", ,Y,"[REDACTED, MAY CONTAIN CONFIDENTIAL BUSINESS INFORMATION]", ,Y,"[REDACTED, MAY CONTAIN CONFIDENTIAL BUSINESS INFORMATION]", ,Y,,Y, ,,, ,Y,No,,No,ADAS,, , ,Y, , , , , ,,OCT-2023, ,OCT-2023,23:49, ,a1c152f34c9e8dd,[MAY CONTAIN PERSONALLY IDENTIFIABLE INFORMATION], ,[MAY CONTAIN PERSONALLY IDENTIFIABLE INFORMATION], ,[MAY CONTAIN PERSONALLY IDENTIFIABLE INFORMATION], ,Duluth, ,GA ,[MAY CONTAIN PERSONALLY IDENTIFIABLE INFORMATION], ,Street,Dry,Unknown,45, ,Dark - Not Lighted,Y, , , , , , , ,,Unknown,Unknown,Yes,Unknown,Unknown,Unknown, , , , , , , , , , ,Y,Proceeding Straight,Yes,Unknown,Unknown,15, , , , , , , , , , , ,Y,Y, ,Y, ,Y,Y, , ,Unknown,,Y,Unknown,,Y,,Y,,Y,"[REDACTED, MAY CONTAIN CONFIDENTIAL BUSINESS INFORMATION]",Y,"[REDACTED, MAY CONTAIN CONFIDENTIAL BUSINESS INFORMATION]",Y
13781-6425,1,"Tesla, Inc.",5-Day,,,OCT-2023,7SAYGDEE3NF, ,N/A,Tesla,Model Y, ,2022, ,ffe0090edc67075,25543, ,Consumer,"[REDACTED, MAY CONTAIN CONFIDENTIAL BUSINESS INFORMATION]", ,Y,"[REDACTED, MAY CONTAIN CONFIDENTIAL BUSINESS INFORMATION]", ,Y,"[REDACTED, MAY CONTAIN CONFIDENTIAL BUSINESS INFORMATION]", ,Y,,Y, ,,, ,Y,No,,No,ADAS,, , ,Y, , , , , ,,OCT-2023, ,OCT-2023,19:40, ,2abae2e52301912,[MAY CONTAIN PERSONALLY IDENTIFIABLE INFORMATION], ,[MAY CONTAIN PERSONALLY IDENTIFIABLE INFORMATION], ,[MAY CONTAIN PERSONALLY IDENTIFIABLE INFORMATION], ,Asheboro, ,NC ,[MAY CONTAIN PERSONALLY IDENTIFIABLE INFORMATION], ,Rural Road,Dry,No Unusual Conditions,55, ,Daylight, , ,Y, , , , , ,,Pickup Truck,Unknown,Yes,"Other, see Narrative",Unknown,Unknown, ,Y,Y, , ,Y, , , , , ,Proceeding Straight,Yes,Unknown,Unknown,29, , , ,Y, , ,Y, , ,Y, , ,Y, ,Y, ,Y,Y, , ,Unknown,,Y,Unknown,,Y,,Y,,Y,"[REDACTED, MAY CONTAIN CONFIDENTIAL BUSINESS INFORMATION]",Y,"[REDACTED, MAY CONTAIN CONFIDENTIAL BUSINESS INFORMATION]",Y
13781-6423,1,"Tesla, Inc.",5-Day,,,OCT-2023,5YJ3E1EB2NF, ,N/A,Tesla,Model 3, ,2022, ,4595e03740b8966,24268, ,Consumer,"[REDACTED, MAY CONTAIN CONFIDENTIAL BUSINESS INFORMATION]", ,Y,"[REDACTED, MAY CONTAIN CONFIDENTIAL BUSINESS INFORMATION]", ,Y,"[REDACTED, MAY CONTAIN CONFIDENTIAL BUSINESS INFORMATION]", ,Y,,Y, ,,, ,Y,No,,No,ADAS,, , ,Y, , , , , ,,OCT-2023, ,OCT-2023,05:20, ,ac82ca5f7a7d2c0,[MAY CONTAIN PERSONALLY IDENTIFIABLE INFORMATION], ,[MAY CONTAIN PERSONALLY IDENTIFIABLE INFORMATION], ,[MAY CONTAIN PERSONALLY IDENTIFIABLE INFORMATION], ,Portland, ,OR ,[MAY CONTAIN PERSONALLY IDENTIFIABLE INFORMATION], ,Highway / Freeway,Dry,Traffic Incident,55, ,Dark - Lighted,Y, , , , , , , ,,Passenger Car,Unknown,Yes,Stopped,Unknown,Unknown,Y, , ,Y, , , , , , , ,Proceeding Straight,Yes,Unknown,Unknown,37, , , , , , ,Y, , ,Y, , ,Y, ,Y, ,Y,Y, , ,Unknown,,Y,Unknown,,Y,,Y,,Y,"[REDACTED, MAY CONTAIN CONFIDENTIAL BUSINESS INFORMATION]",Y,"[REDACTED, MAY CONTAIN CONFIDENTIAL BUSINESS INFORMATION]",Y
753-6415,1,"Kia America, Inc.",5-Day,,,OCT-2023,5XYK4CAF7PG, ,[MAY CONTAIN PERSONALLY IDENTIFIABLE INFORMATION],KIA,SPORTAGE, ,2023, ,466ad07f2f118c9,12000, ,Consumer,,Y, ,,Y, ,,Y, ,,Y, ,,, ,Y,No,,No,"Unknown, see Narrative",, ,Y, , , , , , ,,OCT-2023, ,OCT-2023,12:30, ,5ee2fc122ef1e56,,Y,,Y,[MAY CONTAIN PERSONALLY IDENTIFIABLE INFORMATION], ,JOPPA, ,MD ,,Y,Highway / Freeway,Dry,Traffic Incident,65, ,Daylight,Y, , , , , , , ,,"Other, see Narrative",No Injuries Reported,No,"Other, see Narrative",No,No, , , , , , , , , , ,Y,Proceeding Straight,No,Yes,Yes,25, , , , , , ,Y, ,Y,Y, , , , , ,Y, , , , ,No,, ,Yes,, ,, ,, ,"Unknown, see Narrative", ,"*10/6/23: 5-Day Incident Report*
Customer contacted Kias Customer Care Center on October [XXX], 2023 indicating she hit the vehicle in front of her while driving her 2023 Kia Sportage and that the by the time she realized it, the vehicle did not stop and was not able to apply the brakes quick enough.  Specifically, the customer reported that she was driving on in traffic on [XXX] for about 10 mins and cruise control was on and set to 65mph and was fine before with slowing down and picking back up.  Customer indicated she was going 25mph when she hit an 18 wheeler truck in front of her.  She reported the front was of Sportage was caved in and that she could not drive the vehicle.  The airbags did not deploy. There were no reported injuries.  The vehicle was towed.  When asked by Customer Care, the customer reported that HDA and cruise control were engaged at the time of the incident but customer did not allege that either of those systems caused the accident. Customer requested that Kia repair the vehicle if not totaled by her insurance company.
The subject Kia Sportage is equipped with Highway Driving Assist (HDA).  HDA is a supplemental system that helps maintain a set distance and speed from the vehicle ahead when driving on a highway and helps keep the vehicle between lanes while driving.  HDA may not be able to recognize all trac situations and may not detect possible collisions due to limitations of the system.  Obstacles such as vehicles, motorcycles, bicycles, pedestrians, unspecied objects and structures that may collide with the vehicle may not be detected.
Based on the customers comment of by the time she realized it, I was not able to apply the brakes quick enough, it appears that the customer may have been distracted at the time of the incident.  Kia is currently working with the customer to retrieve the vehicles ACU but has no further information at this time.",
13781-6411,1,"Tesla, Inc.",5-Day,,,OCT-2023,5YJSA1E5XPF, ,N/A,Tesla,Model S, ,2023, ,b7c4b6ef79a21cf,8906, ,Consumer,"[REDACTED, MAY CONTAIN CONFIDENTIAL BUSINESS INFORMATION]", ,Y,"[REDACTED, MAY CONTAIN CONFIDENTIAL BUSINESS INFORMATION]", ,Y,"[REDACTED, MAY CONTAIN CONFIDENTIAL BUSINESS INFORMATION]", ,Y,,Y, ,,, ,Y,No,,No,ADAS,, , ,Y, , , , , ,,OCT-2023, ,OCT-2023,00:24, ,47c9d9a8d7a5419,[MAY CONTAIN PERSONALLY IDENTIFIABLE INFORMATION], ,[MAY CONTAIN PERSONALLY IDENTIFIABLE INFORMATION], ,[MAY CONTAIN PERSONALLY IDENTIFIABLE INFORMATION], ,Reno, ,NV ,[MAY CONTAIN PERSONALLY IDENTIFIABLE INFORMATION], ,Highway / Freeway,Dry,No Unusual Conditions,55, ,Daylight, , ,Y, , , , , ,,SUV,Unknown,Yes,"Other, see Narrative",Unknown,Unknown, , , ,Y, , ,Y,Y, , , ,Proceeding Straight,Yes,Unknown,Unknown,61, , , , , , , ,Y,Y,Y, , ,Y, ,Y, ,Y,Y, , ,Unknown,,Y,Unknown,,Y,,Y,,Y,"[REDACTED, MAY CONTAIN CONFIDENTIAL BUSINESS INFORMATION]",Y,"[REDACTED, MAY CONTAIN CONFIDENTIAL BUSINESS INFORMATION]",Y
13781-6410,1,"Tesla, Inc.",5-Day,,,OCT-2023,7SAYGDEE7NF, ,N/A,Tesla,Model Y, ,2022, ,fb8e81ad426a541,20022, ,Consumer,"[REDACTED, MAY CONTAIN CONFIDENTIAL BUSINESS INFORMATION]", ,Y,"[REDACTED, MAY CONTAIN CONFIDENTIAL BUSINESS INFORMATION]", ,Y,"[REDACTED, MAY CONTAIN CONFIDENTIAL BUSINESS INFORMATION]", ,Y,,Y, ,,, ,Y,No,,No,ADAS,, , ,Y, , , , , ,,SEP-2023, ,OCT-2023,15:45, ,43fbcee9a538d1a,[MAY CONTAIN PERSONALLY IDENTIFIABLE INFORMATION], ,[MAY CONTAIN PERSONALLY IDENTIFIABLE INFORMATION], ,[MAY CONTAIN PERSONALLY IDENTIFIABLE INFORMATION], ,Millbury, ,MA ,[MAY CONTAIN PERSONALLY IDENTIFIABLE INFORMATION], ,Highway / Freeway,Dry,No Unusual Conditions,50, ,Daylight, , ,Y, ,Y, , , ,,Unknown,Unknown,Yes,Unknown,Unknown,Unknown, , , , , , , , , , ,Y,Changing Lanes,Yes,Unknown,Unknown,35, , , , , , , , , , , ,Y, , ,Y, ,Y, , , ,Unknown,,Y,Unknown,,Y,,Y,,Y,"[REDACTED, MAY CONTAIN CONFIDENTIAL BUSINESS INFORMATION]",Y,"[REDACTED, MAY CONTAIN CONFIDENTIAL BUSINESS INFORMATION]",Y
13781-6398,1,"Tesla, Inc.",5-Day,,,OCT-2023,7SAYGDEE1PF, ,N/A,Tesla,Model Y, ,2023, ,5398cac968441f7,279, ,Consumer,"[REDACTED, MAY CONTAIN CONFIDENTIAL BUSINESS INFORMATION]", ,Y,"[REDACTED, MAY CONTAIN CONFIDENTIAL BUSINESS INFORMATION]", ,Y,"[REDACTED, MAY CONTAIN CONFIDENTIAL BUSINESS INFORMATION]", ,Y,,Y, ,,, ,Y,No,,No,ADAS,, , ,Y, , , , , ,,SEP-2023, ,SEP-2023,01:30, ,7d596ed940a558c,[MAY CONTAIN PERSONALLY IDENTIFIABLE INFORMATION], ,[MAY CONTAIN PERSONALLY IDENTIFIABLE INFORMATION], ,[MAY CONTAIN PERSONALLY IDENTIFIABLE INFORMATION], ,Dulles, ,VA ,[MAY CONTAIN PERSONALLY IDENTIFIABLE INFORMATION], ,Highway / Freeway,Dry,No Unusual Conditions,55, ,Dark - Not Lighted,Y, , , , , , , ,,Other Fixed Object,Unknown,Yes,,,, , , , , , , , , , , ,"Other, see Narrative",Yes,Unknown,Unknown,35, , , ,Y, , ,Y, , ,Y,Y, ,Y, ,Y, ,Y,Y, , ,Unknown,,Y,Unknown,,Y,,Y,,Y,"[REDACTED, MAY CONTAIN CONFIDENTIAL BUSINESS INFORMATION]",Y,"[REDACTED, MAY CONTAIN CONFIDENTIAL BUSINESS INFORMATION]",Y
13781-6397,1,"Tesla, Inc.",5-Day,,,OCT-2023,5YJYGAEE2MF, ,N/A,Tesla,Model Y, ,2021, ,dee7a6e22807608,51283, ,Consumer,"[REDACTED, MAY CONTAIN CONFIDENTIAL BUSINESS INFORMATION]", ,Y,"[REDACTED, MAY CONTAIN CONFIDENTIAL BUSINESS INFORMATION]", ,Y,"[REDACTED, MAY CONTAIN CONFIDENTIAL BUSINESS INFORMATION]", ,Y,,Y, ,,, ,Y,No,,No,ADAS,, , ,Y, , , , , ,,SEP-2023, ,SEP-2023,17:04, ,1eeaa2207d40677,[MAY CONTAIN PERSONALLY IDENTIFIABLE INFORMATION], ,[MAY CONTAIN PERSONALLY IDENTIFIABLE INFORMATION], ,[MAY CONTAIN PERSONALLY IDENTIFIABLE INFORMATION], ,Bulverde, ,TX ,[MAY CONTAIN PERSONALLY IDENTIFIABLE INFORMATION], ,Highway / Freeway,Dry,No Unusual Conditions,65, ,Daylight,Y, , , , , , , ,,Pole / Tree,Unknown,Yes,,,, , , , , , , , , , , ,"Other, see Narrative",Yes,Unknown,Unknown,15, , , ,Y, , ,Y, , ,Y,Y, ,Y, ,Y, ,Y,Y, , ,Unknown,,Y,Unknown,,Y,,Y,,Y,"[REDACTED, MAY CONTAIN CONFIDENTIAL BUSINESS INFORMATION]",Y,"[REDACTED, MAY CONTAIN CONFIDENTIAL BUSINESS INFORMATION]",Y
13781-6392,1,"Tesla, Inc.",5-Day,,,OCT-2023,7SAYGDEE0PA, ,N/A,Tesla,Model Y, ,2023, ,ab81a4a5c736b85,10253, ,Consumer,"[REDACTED, MAY CONTAIN CONFIDENTIAL BUSINESS INFORMATION]", ,Y,"[REDACTED, MAY CONTAIN CONFIDENTIAL BUSINESS INFORMATION]", ,Y,"[REDACTED, MAY CONTAIN CONFIDENTIAL BUSINESS INFORMATION]", ,Y,,Y, ,,, ,Y,No,,No,ADAS,, , ,Y, , , , , ,,SEP-2023, ,SEP-2023,11:30, ,46c0021808fe4f2,[MAY CONTAIN PERSONALLY IDENTIFIABLE INFORMATION], ,[MAY CONTAIN PERSONALLY IDENTIFIABLE INFORMATION], ,[MAY CONTAIN PERSONALLY IDENTIFIABLE INFORMATION], ,Tampa, ,FL ,[MAY CONTAIN PERSONALLY IDENTIFIABLE INFORMATION], ,Highway / Freeway,Dry,Unknown,65, ,Daylight, , ,Y, , , , , ,,Unknown,Unknown,Yes,Unknown,Unknown,Unknown, , , , , , , , , , ,Y,Proceeding Straight,Yes,Unknown,Unknown,67, , , , , , , , , , , ,Y,Y, ,Y, ,Y,Y, , ,Unknown,,Y,Unknown,,Y,,Y,,Y,"[REDACTED, MAY CONTAIN CONFIDENTIAL BUSINESS INFORMATION]",Y,"[REDACTED, MAY CONTAIN CONFIDENTIAL BUSINESS INFORMATION]",Y
13781-6391,1,"Tesla, Inc.",5-Day,,,OCT-2023,5YJ3E1EB7JF, ,N/A,Tesla,Model 3, ,2018, ,fc2bf20a9188889,126445, ,Consumer,"[REDACTED, MAY CONTAIN CONFIDENTIAL BUSINESS INFORMATION]", ,Y,"[REDACTED, MAY CONTAIN CONFIDENTIAL BUSINESS INFORMATION]", ,Y,"[REDACTED, MAY CONTAIN CONFIDENTIAL BUSINESS INFORMATION]", ,Y,,Y, ,,, ,Y,No,,No,ADAS,, , ,Y, , , , , ,,SEP-2023, ,SEP-2023,04:03, ,3a22f2552a0e6f4,[MAY CONTAIN PERSONALLY IDENTIFIABLE INFORMATION], ,[MAY CONTAIN PERSONALLY IDENTIFIABLE INFORMATION], ,[MAY CONTAIN PERSONALLY IDENTIFIABLE INFORMATION], ,Mercedes, ,TX ,[MAY CONTAIN PERSONALLY IDENTIFIABLE INFORMATION], ,Highway / Freeway,Dry,Traffic Incident,70, ,Dark - Not Lighted, , ,Y, ,Y, , , ,,"Other, see Narrative",Unknown,Yes,Unknown,Unknown,Unknown, , , , , , , , , , ,Y,Proceeding Straight,Yes,Unknown,Unknown,55, , , ,Y, , ,Y, , ,Y, , ,Y, ,Y, ,Y,Y, , ,Unknown,,Y,Unknown,,Y,,Y,,Y,"[REDACTED, MAY CONTAIN CONFIDENTIAL BUSINESS INFORMATION]",Y,"[REDACTED, MAY CONTAIN CONFIDENTIAL BUSINESS INFORMATION]",Y
13781-6390,1,"Tesla, Inc.",5-Day,,,OCT-2023,7SAXCBE50PF, ,N/A,Tesla,Model X, ,2023, ,e88fe255fdac256,972, ,Consumer,"[REDACTED, MAY CONTAIN CONFIDENTIAL BUSINESS INFORMATION]", ,Y,"[REDACTED, MAY CONTAIN CONFIDENTIAL BUSINESS INFORMATION]", ,Y,"[REDACTED, MAY CONTAIN CONFIDENTIAL BUSINESS INFORMATION]", ,Y,,Y, ,,, ,Y,No,,No,ADAS,, , ,Y, , , , , ,,SEP-2023, ,SEP-2023,05:32, ,15b0391a7a38027,[MAY CONTAIN PERSONALLY IDENTIFIABLE INFORMATION], ,[MAY CONTAIN PERSONALLY IDENTIFIABLE INFORMATION], ,[MAY CONTAIN PERSONALLY IDENTIFIABLE INFORMATION], ,Bellingham, ,WA ,[MAY CONTAIN PERSONALLY IDENTIFIABLE INFORMATION], ,Highway / Freeway,Dry,No Unusual Conditions,60, ,Dark - Lighted,Y, , , , , , , ,,Other Fixed Object,Unknown,Yes,,,, , , , , , , , , , , ,"Other, see Narrative",Yes,Unknown,Unknown,138, , , , , , , ,Y,Y,Y, , ,Y, ,Y, ,Y,Y, , ,Unknown,,Y,Unknown,,Y,,Y,,Y,"[REDACTED, MAY CONTAIN CONFIDENTIAL BUSINESS INFORMATION]",Y,"[REDACTED, MAY CONTAIN CONFIDENTIAL BUSINESS INFORMATION]",Y