Report ID,Report Version,Reporting Entity,Report Type,Report Month,Report Year,Report Submission Date,VIN,VIN - Unknown,Serial Number,Make,Model,Model - Unknown,Model Year,Model Year - Unknown,Same Vehicle ID,Mileage,Mileage - Unknown,Driver / Operator Type,ADAS/ADS System Version,ADAS/ADS System Version - Unk,ADAS/ADS System Version CBI,ADAS/ADS Hardware Version,ADAS/ADS Hardware Version - Unk,ADAS/ADS Hardware Version CBI,ADAS/ADS Software Version,ADAS/ADS Software Version - Unk,ADAS/ADS Software Version CBI,Other Reporting Entities?,Other Reporting Entities? - Unk,Other Reporting Entities? - NA,Federal Regulatory Exemption?,Other Federal Reg. Exemption,Federal Reg. Exemption - Unk,Federal Reg. Exemption - No,State or Local Permit?,State or Local Permit,ADS Equipped?,Automation System Engaged?,Operating Entity,Operating Entity - Unknown,Source - Complaint/Claim,Source - Telematics,Source - Law Enforcement,Source - Field Report,Source - Testing,Source - Media,Source - Other,Source - Other Text,Incident Date,Incident Date - Unknown,Notice Received Date,Incident Time (24:00),Incident Time - Unknown,Same Incident ID,Latitude,Latitude - Unknown,Longitude,Longitude - Unknown,Address,Address - Unknown,City,City - Unknown,State,Zip Code,Zip Code - Unknown,Roadway Type,Roadway Surface,Roadway Description,Posted Speed Limit (MPH),Posted Speed Limit - Unknown,Lighting,Weather - Clear,Weather - Snow,Weather - Cloudy,Weather - Fog/Smoke,Weather - Rain,Weather - Severe Wind,Weather - Unknown,Weather - Other,Weather - Other Text,Crash With,Highest Injury Severity Alleged,Property Damage?,CP Pre-Crash Movement,CP Any Air Bags Deployed?,CP Was Vehicle Towed?,CP Contact Area - Rear Left,CP Contact Area - Left,CP Contact Area - Front Left,CP Contact Area - Rear,CP Contact Area - Top,CP Contact Area - Front,CP Contact Area - Rear Right,CP Contact Area - Right,CP Contact Area - Front Right,CP Contact Area - Bottom,CP Contact Area - Unknown,SV Pre-Crash Movement,SV Any Air Bags Deployed?,SV Was Vehicle Towed?,SV Were All Passengers Belted?,SV Precrash Speed (MPH),SV Pre-crash Speed - Unknown,SV Contact Area - Rear Left,SV Contact Area - Left,SV Contact Area - Front Left,SV Contact Area - Rear,SV Contact Area - Top,SV Contact Area - Front,SV Contact Area - Rear Right,SV Contact Area - Right,SV Contact Area - Front Right,SV Contact Area - Bottom,SV Contact Area - Unknown,Data Availability - EDR,Data Availability - Police Rpt,Data Availability - Telematics,Data Availability - Complaints,Data Availability - Video,Data Availability - Other,Data Availability - No Data,Data Availability - Unknown,Law Enforcement Investigating?,Investigating Agency,Investigating Agency - Unknown,Rep Ent Or Mfr Investigating?,Investigating Officer Name,Inv. Officer Name - Unknown,Investigating Officer Phone,Inv. Officer Phone - Unknown,Investigating Officer Email,Inv. Officer Email - Unknown,Within ODD?,Within ODD? - CBI,Narrative,Narrative - CBI?
13781-4284,2,"Tesla, Inc.",10-Day Update,,,NOV-2022,5YJYGAEEXMF, ,N/A,Tesla,Model Y, ,2021, ,f41ba637d6abfb0,33340, ,Consumer,"[REDACTED, MAY CONTAIN CONFIDENTIAL BUSINESS INFORMATION]", ,Y,, , ,, , ,, , ,,, , ,,,No,ADAS,, , ,Y, , , , , ,,NOV-2022, ,NOV-2022,10:00, ,16840d4ca2e3c89,[MAY CONTAIN PERSONALLY IDENTIFIABLE INFORMATION], ,[MAY CONTAIN PERSONALLY IDENTIFIABLE INFORMATION], ,[MAY CONTAIN PERSONALLY IDENTIFIABLE INFORMATION], ,Tinton Falls, ,NJ ,[MAY CONTAIN PERSONALLY IDENTIFIABLE INFORMATION], ,Highway / Freeway,Wet,No Unusual Conditions,65, ,Dark - Lighted, , ,Y, ,Y, , , ,,Van,Unknown,Yes,Proceeding Straight,Unknown,Unknown,Y,Y, , , , , , , , , ,Proceeding Straight,Yes,Unknown,Unknown,52, , , ,Y, , ,Y, , ,Y, , ,Y, ,Y, ,Y,Y, , ,Unknown,,Y,Unknown,,Y,,Y,,Y,"[REDACTED, MAY CONTAIN CONFIDENTIAL BUSINESS INFORMATION]",Y,"[REDACTED, MAY CONTAIN CONFIDENTIAL BUSINESS INFORMATION]",Y
13781-4266,2,"Tesla, Inc.",10-Day Update,,,NOV-2022,5YJYGAEE2MF, ,N/A,Tesla,Model Y, ,2021, ,9dfbf48e28e1157,21814, ,Consumer,"[REDACTED, MAY CONTAIN CONFIDENTIAL BUSINESS INFORMATION]", ,Y,, , ,, , ,, , ,,, , ,,,No,ADAS,, , ,Y, , , , , ,,NOV-2022, ,NOV-2022,18:50, ,a0dea44c0788116,[MAY CONTAIN PERSONALLY IDENTIFIABLE INFORMATION], ,[MAY CONTAIN PERSONALLY IDENTIFIABLE INFORMATION], ,[MAY CONTAIN PERSONALLY IDENTIFIABLE INFORMATION], ,Bethesda, ,MD ,[MAY CONTAIN PERSONALLY IDENTIFIABLE INFORMATION], ,Highway / Freeway,Dry,No Unusual Conditions,55, ,Daylight,Y, , , , , , , ,,Other Fixed Object,Unknown,Yes,,,, , , , , , , , , , , ,Proceeding Straight,Yes,Unknown,Unknown,74, ,Y,Y,Y, , , , , , , , ,Y, ,Y, ,Y,Y, , ,Unknown,,Y,Unknown,,Y,,Y,,Y,"[REDACTED, MAY CONTAIN CONFIDENTIAL BUSINESS INFORMATION]",Y,"[REDACTED, MAY CONTAIN CONFIDENTIAL BUSINESS INFORMATION]",Y
13781-4206,2,"Tesla, Inc.",10-Day Update,,,NOV-2022,5YJ3E1EBXJF, ,N/A,Tesla,Model 3, ,2018, ,e3548e365fecfbb,47957, ,Consumer,"[REDACTED, MAY CONTAIN CONFIDENTIAL BUSINESS INFORMATION]", ,Y,, , ,, , ,, , ,,, , ,,,No,ADAS,, , ,Y, , , , , ,,NOV-2022, ,NOV-2022,06:06, ,226852349506f30,[MAY CONTAIN PERSONALLY IDENTIFIABLE INFORMATION], ,[MAY CONTAIN PERSONALLY IDENTIFIABLE INFORMATION], ,[MAY CONTAIN PERSONALLY IDENTIFIABLE INFORMATION], ,Moscow, ,ID ,[MAY CONTAIN PERSONALLY IDENTIFIABLE INFORMATION], ,Unknown,Unknown,Unknown,,Y,Unknown, , , , , , ,Y, ,,Unknown,Unknown,Yes,Unknown,Unknown,Unknown, , , , , , , , , , ,Y,Unknown,Yes,Unknown,Unknown,72, , , , , , , , , , , ,Y,Y, ,Y, , , , , ,Unknown,,Y,Unknown,,Y,,Y,,Y,"[REDACTED, MAY CONTAIN CONFIDENTIAL BUSINESS INFORMATION]",Y,"[REDACTED, MAY CONTAIN CONFIDENTIAL BUSINESS INFORMATION]",Y
13781-4305,1,"Tesla, Inc.",1-Day,,,NOV-2022,5YJSA1E25LF, ,N/A,Tesla,Model S, ,2020, ,c97c5bd8f01a913,,Y,Consumer,"[REDACTED, MAY CONTAIN CONFIDENTIAL BUSINESS INFORMATION]",Y,Y,, , ,, , ,, , ,,, , ,,,No,ADAS,, ,Y, , , , , , ,,AUG-2022, ,NOV-2022,11:55, ,311b7ef191f1a3d,,Y,,Y,[MAY CONTAIN PERSONALLY IDENTIFIABLE INFORMATION], ,Sarasota, ,FL ,,Y,Unknown,Unknown,Unknown,,Y,Unknown, , , , , , ,Y, ,,Unknown,Unknown,Unknown,Unknown,Unknown,Unknown, , , , , , , , , , ,Y,Unknown,Unknown,Yes,Unknown,,Y, , , , , , , , , , ,Y, , , , , , , ,Y,Unknown,,Y,Unknown,,Y,,Y,,Y,"[REDACTED, MAY CONTAIN CONFIDENTIAL BUSINESS INFORMATION]",Y,"[REDACTED, MAY CONTAIN CONFIDENTIAL BUSINESS INFORMATION]",Y
13781-4301,1,"Tesla, Inc.",1-Day,,,NOV-2022,7SAYGAEE7NF, ,N/A,Tesla,Model Y, ,2022, ,b40a554ca38df26,15576, ,Consumer,"[REDACTED, MAY CONTAIN CONFIDENTIAL BUSINESS INFORMATION]", ,Y,, , ,, , ,, , ,,, , ,,,No,ADAS,, , ,Y, , , , , ,,NOV-2022, ,NOV-2022,03:47, ,a6623b57fff0be6,[MAY CONTAIN PERSONALLY IDENTIFIABLE INFORMATION], ,[MAY CONTAIN PERSONALLY IDENTIFIABLE INFORMATION], ,[MAY CONTAIN PERSONALLY IDENTIFIABLE INFORMATION], ,Vancouver, ,WA ,[MAY CONTAIN PERSONALLY IDENTIFIABLE INFORMATION], ,Unknown,Unknown,Unknown,,Y,Unknown, , , , , , ,Y, ,,Unknown,Unknown,Yes,Unknown,Unknown,Unknown, , , , , , , , , , ,Y,Unknown,Yes,Unknown,Unknown,,Y, , , , , , , , , , ,Y,Y, , , , , , , ,Unknown,,Y,Unknown,,Y,,Y,,Y,"[REDACTED, MAY CONTAIN CONFIDENTIAL BUSINESS INFORMATION]",Y,"[REDACTED, MAY CONTAIN CONFIDENTIAL BUSINESS INFORMATION]",Y
13781-4300,1,"Tesla, Inc.",1-Day,,,NOV-2022,5YJYGDEF8MF, ,N/A,Tesla,Model Y, ,2021, ,4789cb43f3434f9,13345, ,Consumer,"[REDACTED, MAY CONTAIN CONFIDENTIAL BUSINESS INFORMATION]", ,Y,, , ,, , ,, , ,,, , ,,,No,ADAS,, , ,Y, , , , , ,,NOV-2022, ,NOV-2022,03:55, ,2a6ae77e310f311,[MAY CONTAIN PERSONALLY IDENTIFIABLE INFORMATION], ,[MAY CONTAIN PERSONALLY IDENTIFIABLE INFORMATION], ,[MAY CONTAIN PERSONALLY IDENTIFIABLE INFORMATION], ,West Palm Beach, ,FL ,[MAY CONTAIN PERSONALLY IDENTIFIABLE INFORMATION], ,Unknown,Unknown,Unknown,,Y,Unknown, , , , , , ,Y, ,,Unknown,Unknown,Yes,Unknown,Unknown,Unknown, , , , , , , , , , ,Y,Unknown,Yes,Unknown,Unknown,,Y, , , , , , , , , , ,Y,Y, , , , , , , ,Unknown,,Y,Unknown,,Y,,Y,,Y,"[REDACTED, MAY CONTAIN CONFIDENTIAL BUSINESS INFORMATION]",Y,"[REDACTED, MAY CONTAIN CONFIDENTIAL BUSINESS INFORMATION]",Y
13781-4299,1,"Tesla, Inc.",1-Day,,,NOV-2022,5YJYGAEEXMF, ,N/A,Tesla,Model Y, ,2021, ,3ac6be0f686666a,23601, ,Consumer,"[REDACTED, MAY CONTAIN CONFIDENTIAL BUSINESS INFORMATION]", ,Y,, , ,, , ,, , ,,, , ,,,No,ADAS,, , ,Y, , , , , ,,NOV-2022, ,NOV-2022,16:23, ,ad50b1f80f9a2cd,[MAY CONTAIN PERSONALLY IDENTIFIABLE INFORMATION], ,[MAY CONTAIN PERSONALLY IDENTIFIABLE INFORMATION], ,[MAY CONTAIN PERSONALLY IDENTIFIABLE INFORMATION], ,Houston, ,TX ,[MAY CONTAIN PERSONALLY IDENTIFIABLE INFORMATION], ,Unknown,Unknown,Unknown,,Y,Unknown, , , , , , ,Y, ,,Unknown,Unknown,Yes,Unknown,Unknown,Unknown, , , , , , , , , , ,Y,Unknown,Yes,Unknown,Unknown,,Y, , , , , , , , , , ,Y,Y, , , , , , , ,Unknown,,Y,Unknown,,Y,,Y,,Y,"[REDACTED, MAY CONTAIN CONFIDENTIAL BUSINESS INFORMATION]",Y,"[REDACTED, MAY CONTAIN CONFIDENTIAL BUSINESS INFORMATION]",Y
13781-4293,1,"Tesla, Inc.",1-Day,,,NOV-2022,5YJ3E1EC7LF, ,N/A,Tesla,Model 3, ,2020, ,3a41d4afa1ba351,30554, ,Consumer,"[REDACTED, MAY CONTAIN CONFIDENTIAL BUSINESS INFORMATION]", ,Y,, , ,, , ,, , ,,, , ,,,No,ADAS,, , , , , , ,Y, ,,NOV-2022, ,NOV-2022,13:20, ,dfaedd8b7b219f2,,Y,,Y,[MAY CONTAIN PERSONALLY IDENTIFIABLE INFORMATION], ,Maumee, ,OH ,[MAY CONTAIN PERSONALLY IDENTIFIABLE INFORMATION], ,Highway / Freeway,Unknown,Unknown,,Y,Unknown, , , , , , ,Y, ,,First Responder Vehicle,Unknown,Yes,Unknown,Unknown,Unknown, , , , , , , , , , ,Y,Unknown,Yes,Unknown,Unknown,,Y, , , , , , , , , , ,Y,Y, , , , , , , ,Unknown,,Y,Unknown,,Y,,Y,,Y,"[REDACTED, MAY CONTAIN CONFIDENTIAL BUSINESS INFORMATION]",Y,"[REDACTED, MAY CONTAIN CONFIDENTIAL BUSINESS INFORMATION]",Y
13781-4290,1,"Tesla, Inc.",1-Day,,,NOV-2022,5YJSA1E5XNF, ,N/A,Tesla,Model S, ,2022, ,d3b1ac3e05ddfd8,866, ,Consumer,"[REDACTED, MAY CONTAIN CONFIDENTIAL BUSINESS INFORMATION]", ,Y,, , ,, , ,, , ,,, , ,,,No,ADAS,, , , , , , ,Y, ,,NOV-2022, ,NOV-2022,,Y,5b0e189c8c2a217,,Y,,Y,[MAY CONTAIN PERSONALLY IDENTIFIABLE INFORMATION], ,Morrisdale, ,PA ,[MAY CONTAIN PERSONALLY IDENTIFIABLE INFORMATION], ,Highway / Freeway,Unknown,Unknown,,Y,Unknown, , , , , , ,Y, ,,Unknown,No Injuries Reported,Yes,Unknown,Unknown,Unknown, , , , , , , , , , ,Y,Unknown,Unknown,Yes,Unknown,,Y, , , , , , , , , , ,Y, , , , , ,Y, , ,Unknown,,Y,Unknown,,Y,,Y,,Y,"[REDACTED, MAY CONTAIN CONFIDENTIAL BUSINESS INFORMATION]",Y,"[REDACTED, MAY CONTAIN CONFIDENTIAL BUSINESS INFORMATION]",Y
13781-4288,1,"Tesla, Inc.",1-Day,,,NOV-2022,5YJ3E1EB5NF, ,N/A,Tesla,Model 3, ,2022, ,3d4d0fd1c55f091,19106, ,Consumer,"[REDACTED, MAY CONTAIN CONFIDENTIAL BUSINESS INFORMATION]", ,Y,, , ,, , ,, , ,,, , ,,,No,ADAS,, , ,Y, , , , , ,,NOV-2022, ,NOV-2022,10:36, ,6110cdd5812019e,[MAY CONTAIN PERSONALLY IDENTIFIABLE INFORMATION], ,[MAY CONTAIN PERSONALLY IDENTIFIABLE INFORMATION], ,[MAY CONTAIN PERSONALLY IDENTIFIABLE INFORMATION], ,West Islip, ,NY ,[MAY CONTAIN PERSONALLY IDENTIFIABLE INFORMATION], ,Highway / Freeway,Unknown,Unknown,,Y,Unknown, , , , , , ,Y, ,,Unknown,Unknown,Yes,Unknown,Unknown,Unknown, , , , , , , , , , ,Y,Unknown,Yes,Unknown,Unknown,,Y, , , , , , , , , , ,Y,Y, , , , , , , ,Unknown,,Y,Unknown,,Y,,Y,,Y,"[REDACTED, MAY CONTAIN CONFIDENTIAL BUSINESS INFORMATION]",Y,"[REDACTED, MAY CONTAIN CONFIDENTIAL BUSINESS INFORMATION]",Y
1306-4287,1,Toyota Motor Engineering & Manufacturing,1-Day,,,NOV-2022,JTJHGKFA1N2, ,N/A,Lexus,RX450hL, ,2022, ,0c402ff22914bdb,16678, ,Consumer,L2, , ,, , ,, , ,, , ,,, , ,,,No,ADAS,, ,Y, , , , , , ,,NOV-2022, ,NOV-2022,09:30, ,62445d0a1b13612,,Y,,Y,[MAY CONTAIN PERSONALLY IDENTIFIABLE INFORMATION], ,,Y,NC ,,Y,Highway / Freeway,Unknown,Unknown,,Y,Unknown, , , , , , ,Y, ,,Other Fixed Object,Unknown,Yes,,,, , , , , , , , , , , ,Proceeding Straight,No,Yes,"No, see Narrative",69, ,Y,Y,Y, , , ,Y,Y,Y, , , , , ,Y, , , , ,Yes,NC State Police, ,Yes,,Y,,Y,,Y,"Unknown, see Narrative", ,"The entries in this report are based on unconfirmed allegations. Toyota received a contact on Nov. [XXX], 2022 in which the customer stated that while driving southbound on [XXX], about 1 mile from [XXX], ""He fell asleep while using lane assist and cruise control, the vehicle was
practically driving itself. He hit 2 highway rails on his drivers side and the passenger side going 70 mph."" He indicated that he wanted, ""someone at Lexus to explain how his vehicle's airbags did not deploy going 70mph on cruise control and lane assist."" Additionally, the customer stated, ""He and his friend that was in the passenger seat are slightly injured...he called 911 and they had a local tow service tow the vehicle to a lot."" The customer stated that his driver seat belt was on, and that an occupant was in the rear seat laying down without the seat belt fastened. The customer also stated, ""He and his friend that was in the passenger seat are slightly injured."" and that, ""knees are bothering the driver.""
On Nov. 18, 2022, Toyota conducted further review of the customer's statement and determined that the crash was reportable",
1306-4286,1,Toyota Motor Engineering & Manufacturing,1-Day,,,NOV-2022,JTEAAAAH9MJ, ,N/A,Toyota,Venza, ,2021, ,568e26e98a12d96,21000, ,Consumer,L2, , ,, , ,, , ,, , ,,, , ,,,No,ADAS,, ,Y, , , , , , ,,NOV-2022, ,NOV-2022,13:30, ,2e96778e78af6c7,,Y,,Y,[MAY CONTAIN PERSONALLY IDENTIFIABLE INFORMATION], ,Hopkins, ,KY ,,Y,Highway / Freeway,Unknown,Unknown,,Y,Unknown, , , , , , ,Y, ,,Other Fixed Object,Unknown,Yes,,,, , , , , , , , , , , ,Proceeding Straight,No,Yes,Unknown,60, , , , , , , , , , , ,Y, , , ,Y, , , , ,Yes,Hopkinsville PD, ,Yes,,Y,,Y,,Y,"Unknown, see Narrative", ,"The entries in this report are based on unconfirmed allegations. Toyota received a contact on Nov. [XXX], 2022 in which the customer stated that, ""he had an accident, and it was a total loss and he wanted to let Toyota know he had a newborn and his wife and him is okay. Guest sts he wanted to thank Toyota and he will buy Toyota again."" The customer alleged, ""he had the lane assistance on and he was looking at his son and he just flipped 3 times and then someone had to come help."" The customer also stated, ""The vehicle was towed away from the scene and the customer's wife went to the hospital."" Through additional communication with the customer on Nov. [XXX], 2022, Toyota was informed that cruise control was alleged to have been engaged during the incident.",
13781-4284,1,"Tesla, Inc.",1-Day,,,NOV-2022,5YJYGAEEXMF, ,N/A,Tesla,Model Y, ,2021, ,f41ba637d6abfb0,33340, ,Consumer,"[REDACTED, MAY CONTAIN CONFIDENTIAL BUSINESS INFORMATION]", ,Y,, , ,, , ,, , ,,, , ,,,No,ADAS,, , ,Y, , , , , ,,NOV-2022, ,NOV-2022,10:00, ,16840d4ca2e3c89,[MAY CONTAIN PERSONALLY IDENTIFIABLE INFORMATION], ,[MAY CONTAIN PERSONALLY IDENTIFIABLE INFORMATION], ,[MAY CONTAIN PERSONALLY IDENTIFIABLE INFORMATION], ,Tinton Falls, ,NJ ,[MAY CONTAIN PERSONALLY IDENTIFIABLE INFORMATION], ,Highway / Freeway,Unknown,Unknown,,Y,Unknown, , , , , , ,Y, ,,Unknown,Unknown,Yes,Unknown,Unknown,Unknown, , , , , , , , , , ,Y,Unknown,Yes,Unknown,Unknown,,Y, , , , , , , , , , ,Y,Y, , , , , , , ,Unknown,,Y,Unknown,,Y,,Y,,Y,"[REDACTED, MAY CONTAIN CONFIDENTIAL BUSINESS INFORMATION]",Y,"[REDACTED, MAY CONTAIN CONFIDENTIAL BUSINESS INFORMATION]",Y
1306-4283,1,Toyota Motor Engineering & Manufacturing,1-Day,,,NOV-2022,5TDGZRBH6NS, ,N/A,Toyota,Highlander, ,2022, ,b743ac75f1ea609,9730, ,Consumer,L2, , ,, , ,, , ,, , ,,, , ,,,No,ADAS,, ,Y, , , , , , ,,,Y,NOV-2022,,Y, ,,Y,,Y,,Y,,Y,UNK,,Y,Unknown,Unknown,Unknown,,Y,Unknown, , , , , , ,Y, ,,Other Fixed Object,No Injuries Reported,Yes,,,, , , , , , , , , , , ,Proceeding Straight,Unknown,Yes,Unknown,,Y, , , , , , ,Y, ,Y, , , , , ,Y, , , , ,Unknown,,Y,Yes,,Y,,Y,,Y,"Unknown, see Narrative", ,"The entries in this report are based on unconfirmed allegations. Toyota received a complaint in which the guest alleged that he was using, ""cruise control and Lane Tracking Assist"" in his 2022 Highlander and, ""the car swerved and the tires burst."" Additionally, the guest alleged that the reason that both passenger side wheels were popped is ""because of the lane assist,"" and it ""took six hours for a tow truck.""",
945-4252,1,"Nissan North America, Inc.",Monthly,10,2022,NOV-2022,5N1AT3BA0MC, ,N/A,Nissan,Rogue SV, ,2021, ,01eb2506b72416c,14326, ,Consumer,ProPilot Assist, , ,, , ,, , ,, , ,,, , ,,,No,ADAS,, ,Y, , ,Y, , , ,,JUL-2022, ,OCT-2022,17:00, ,ee7ebbf628c0746,,Y,,Y,,Y,Grovetown, ,GA ,,Y,Unknown,Unknown,Unknown,,Y,Unknown, , , , , , ,Y, ,,Other Fixed Object,Minor,Unknown,,,, , , , , , , , , , , ,Making Right Turn,No,Yes,Unknown,45, , , ,Y, , , , , , , , , , , ,Y, , , , ,Unknown,,Y,Yes,,Y,,Y,,Y,"No, see Narrative", ,"8/[XXX]/2022: The customer called Consumer Affairs to report an incident on 7/[XXX]/2022. The customer alleged an autopilot malfunction caused the vehicle to move to the opposite side of traffic flow and hit two curves. There was no report of transport to a hospital for medical treatment, fatality, vehicle tow-away, air bag deployment, or vulnerable road user. Customer refused to respond to additional questions to schedule an inspection and terminated the call.
9/[XXX]/2022: The customer called Consumer Affairs alleging that while traveling 45-47 mph she attempted to disengage autopilot by pressing the brake in order to make a left turn. The speed was not reduced and the vehicle traveled to the left side of the road in the oncoming lane and hit the curb with the left side of the vehicle. There was no report of transport to a hospital for medical treatment, fatality, vehicle tow-away, air bag deployment, or vulnerable road user.
10/[XXX]/2022: The customer was called by Consumer Affairs to discuss a vehicle inspection.  During the call, she reported the vehicle hit some items on the side of the road, the wheels were bent, and the drivers door would not open properly. The customer reported that the vehicle was towed and that repairs are close to being completed.  In addition, she reported that although she was not injured, she went to the doctor and hospital for exacerbation of pre-existing conditions.
On October [XXX], 2022, Nissan inspected the vehicle at an independent repair facility, which is the location that the customer had the vehicle directly towed to after the incident. From pictures provided by the repair facility, Nissan identified possible damage to the center of the vehicles left front wheel, a broken lower front control arm, a bent tie rod end, and the strut. No other incident-related body damage is visible in the photographs. The photos appear to show that the vehicle experienced a localized impact to the wheel, which generated force into in the location of the lower control arm.
During Nissans in-person inspection of the vehicle, the vehicle repairs were near completion. In particular, the left front wheel was not available to Nissan at the time of inspection. Vehicle mileage at the time of inspection was 14,326. No data retrieval or ECU resets were performed by Nissan. As of this report, the vehicle has not been taken to a Nissan dealer.
Based on the photos reviewed and Nissans inspection, the localized impact was insufficient to trigger an EDR recordable event. Therefore, Nissan is unable to determine customer inputs to the vehicle at the time of the incident. Separately, no event was recorded within the PPA system, indicating that PPA was not active at the time of the event.
November [XXX], 2022: Based on the information provided from the customer, the PPA system was not being used on a limited access road, which is outside of the limitations of the ODD.",
13781-4266,1,"Tesla, Inc.",1-Day,,,NOV-2022,5YJYGAEE2MF, ,N/A,Tesla,Model Y, ,2021, ,9dfbf48e28e1157,21814, ,Consumer,"[REDACTED, MAY CONTAIN CONFIDENTIAL BUSINESS INFORMATION]", ,Y,, , ,, , ,, , ,,, , ,,,No,ADAS,, , ,Y, , , , , ,,NOV-2022, ,NOV-2022,18:50, ,a0dea44c0788116,[MAY CONTAIN PERSONALLY IDENTIFIABLE INFORMATION], ,[MAY CONTAIN PERSONALLY IDENTIFIABLE INFORMATION], ,[MAY CONTAIN PERSONALLY IDENTIFIABLE INFORMATION], ,Bethesda, ,MD ,[MAY CONTAIN PERSONALLY IDENTIFIABLE INFORMATION], ,Highway / Freeway,Unknown,Unknown,,Y,Unknown, , , , , , ,Y, ,,Unknown,Unknown,Yes,Unknown,Unknown,Unknown, , , , , , , , , , ,Y,Unknown,Yes,Unknown,Unknown,,Y, , , , , , , , , , ,Y,Y, , , , , , , ,Unknown,,Y,Unknown,,Y,,Y,,Y,"[REDACTED, MAY CONTAIN CONFIDENTIAL BUSINESS INFORMATION]",Y,"[REDACTED, MAY CONTAIN CONFIDENTIAL BUSINESS INFORMATION]",Y
13781-4195,2,"Tesla, Inc.",10-Day Update,,,NOV-2022,7SAXCBE69NF, ,N/A,Tesla,Model X, ,2022, ,de9121935f39c09,10036, ,Consumer,"[REDACTED, MAY CONTAIN CONFIDENTIAL BUSINESS INFORMATION]", ,Y,, , ,, , ,, , ,,, , ,,,No,ADAS,, , ,Y, , , , , ,,NOV-2022, ,NOV-2022,23:08, ,3a9b620a9abb2e8,[MAY CONTAIN PERSONALLY IDENTIFIABLE INFORMATION], ,[MAY CONTAIN PERSONALLY IDENTIFIABLE INFORMATION], ,[MAY CONTAIN PERSONALLY IDENTIFIABLE INFORMATION], ,Marfa, ,TX ,[MAY CONTAIN PERSONALLY IDENTIFIABLE INFORMATION], ,Street,Dry,No Unusual Conditions,55, ,Daylight, , ,Y, , , , , ,,Passenger Car,Unknown,Yes,"Other, see Narrative",Unknown,Unknown, ,Y,Y, , ,Y, , , , , ,Proceeding Straight,Yes,Unknown,Unknown,33, , , , , , , , ,Y,Y, , ,Y, ,Y, ,Y,Y, , ,Unknown,,Y,Unknown,,Y,,Y,,Y,"[REDACTED, MAY CONTAIN CONFIDENTIAL BUSINESS INFORMATION]",Y,"[REDACTED, MAY CONTAIN CONFIDENTIAL BUSINESS INFORMATION]",Y