Report ID,Report Version,Reporting Entity,Report Type,Report Month,Report Year,Report Submission Date,VIN,VIN - Unknown,Serial Number,Make,Model,Model - Unknown,Model Year,Model Year - Unknown,Same Vehicle ID,Mileage,Mileage - Unknown,Driver / Operator Type,ADAS/ADS System Version,ADAS/ADS System Version - Unk,ADAS/ADS System Version CBI,ADAS/ADS Hardware Version,ADAS/ADS Hardware Version - Unk,ADAS/ADS Hardware Version CBI,ADAS/ADS Software Version,ADAS/ADS Software Version - Unk,ADAS/ADS Software Version CBI,Other Reporting Entities?,Other Reporting Entities? - Unk,Other Reporting Entities? - NA,Federal Regulatory Exemption?,Other Federal Reg. Exemption,Federal Reg. Exemption - Unk,Federal Reg. Exemption - No,State or Local Permit?,State or Local Permit,ADS Equipped?,Automation System Engaged?,Operating Entity,Operating Entity - Unknown,Source - Complaint/Claim,Source - Telematics,Source - Law Enforcement,Source - Field Report,Source - Testing,Source - Media,Source - Other,Source - Other Text,Incident Date,Incident Date - Unknown,Notice Received Date,Incident Time (24:00),Incident Time - Unknown,Same Incident ID,Latitude,Latitude - Unknown,Longitude,Longitude - Unknown,Address,Address - Unknown,City,City - Unknown,State,Zip Code,Zip Code - Unknown,Roadway Type,Roadway Surface,Roadway Description,Posted Speed Limit (MPH),Posted Speed Limit - Unknown,Lighting,Weather - Clear,Weather - Snow,Weather - Cloudy,Weather - Fog/Smoke,Weather - Rain,Weather - Severe Wind,Weather - Unknown,Weather - Other,Weather - Other Text,Crash With,Highest Injury Severity Alleged,Property Damage?,CP Pre-Crash Movement,CP Any Air Bags Deployed?,CP Was Vehicle Towed?,CP Contact Area - Rear Left,CP Contact Area - Left,CP Contact Area - Front Left,CP Contact Area - Rear,CP Contact Area - Top,CP Contact Area - Front,CP Contact Area - Rear Right,CP Contact Area - Right,CP Contact Area - Front Right,CP Contact Area - Bottom,CP Contact Area - Unknown,SV Pre-Crash Movement,SV Any Air Bags Deployed?,SV Was Vehicle Towed?,SV Were All Passengers Belted?,SV Precrash Speed (MPH),SV Pre-crash Speed - Unknown,SV Contact Area - Rear Left,SV Contact Area - Left,SV Contact Area - Front Left,SV Contact Area - Rear,SV Contact Area - Top,SV Contact Area - Front,SV Contact Area - Rear Right,SV Contact Area - Right,SV Contact Area - Front Right,SV Contact Area - Bottom,SV Contact Area - Unknown,Data Availability - EDR,Data Availability - Police Rpt,Data Availability - Telematics,Data Availability - Complaints,Data Availability - Video,Data Availability - Other,Data Availability - No Data,Data Availability - Unknown,Law Enforcement Investigating?,Investigating Agency,Investigating Agency - Unknown,Rep Ent Or Mfr Investigating?,Investigating Officer Name,Inv. Officer Name - Unknown,Investigating Officer Phone,Inv. Officer Phone - Unknown,Investigating Officer Email,Inv. Officer Email - Unknown,Within ODD?,Within ODD? - CBI,Narrative,Narrative - CBI?
62-2444,1,Honda (American Honda Motor Co.),1-Day,,,MAR-2022,19UDE2F8XKA, ,n/a,Acura,ILX, ,2019, ,2f796d4bccdfd0d,,Y,Consumer,,Y, ,, , ,, , ,, , ,,, , ,,,No,"Unknown, see Narrative",, ,Y, , , , , , ,,DEC-2021, ,MAR-2022,,Y,91850f842065ef9,,Y,,Y,,Y,Palmeda, ,FL ,,Y,Intersection,Unknown,Unknown,,Y,Unknown, , , , , , ,Y, ,,Unknown,No Injuries Reported,Unknown,Unknown,Unknown,Unknown, , , , , , , , , , ,Y,Unknown,Yes,No,Unknown,,Y, , , , , , , , , , ,Y, , , ,Y, , , , ,No,, ,No,, ,, ,, ,"Unknown, see Narrative", ,The customer crashed with another vehicle at an intersection. The customer alleges that the Lane Keep Assist System and Adaptive Cruise Control were engaged.,
1042-2343,3,"Porsche Cars North America, Inc.",Update,,,MAR-2022,WP0BA2Y12MS, ,N/A,Porsche,Taycan 4 Cross Turismo, ,2021, ,d04eb2cbab51798,3731, ,Consumer,Level 0  Automatic Emergency Braking, , ,, , ,, , ,, , ,,, , ,,,No,ADAS,, ,Y, , , , , , ,,FEB-2022, ,FEB-2022,,Y,e5ba340558470c4,,Y,,Y,,Y,,Y,UNK,,Y,Unknown,Unknown,Traffic Incident,,Y,Unknown, , , , , , ,Y, ,,Unknown,No Injuries Reported,No,Stopped,Unknown,Unknown, , , , , , , , , , ,Y,Proceeding Straight,Unknown,Unknown,Unknown,40, , , , , , , , , , , ,Y, , , ,Y, , , , ,Unknown,,Y,No,,Y,,Y,,Y,"Unknown, see Narrative", ,"UPDATE 3/[XXX]/2022: This report was submitted in error, the Level 0 ADAS which was active at the time of the crash does not meet the SGO reporting criteria threshold.
Subject vehicle was traveling at 40mph and another vehicle stopped in front of the subject vehicle in the path of the subject vehicle. Customer states that the subject vehicle did not stop as it should have.
Customer Complaint statement: ""Customer states that he was traveling at 40mph and a truck stopped in front of him. The car did not react or brake and he had to swerve to the right to miss the truck and hit another object. Customer states that car did not stop the collision as it should have.""",
62-2440,1,Honda (American Honda Motor Co.),1-Day,,,MAR-2022,5J8TC2H68KL, ,n/a,Acura,RDX, ,2019, ,48a588513879622,,Y,Consumer,,Y, ,, , ,, , ,, , ,,, , ,,,No,"Unknown, see Narrative",, ,Y, , , , , , ,,NOV-2021, ,MAR-2022,,Y,a748e1e7d928652,,Y,,Y,,Y,Queens, ,NY ,,Y,Unknown,Unknown,Unknown,,Y,Unknown, , , , , , ,Y, ,,Unknown,Unknown,Unknown,Unknown,Unknown,Unknown, , , , , , , , , , ,Y,Unknown,No,Yes,Unknown,,Y, , , ,Y, ,Y, , , , , , , , ,Y, , , , ,No,, ,No,, ,, ,, ,"Unknown, see Narrative", ,"The customer was rear-ended by another driver, and as a result, crash into the vehicle in front of the customer. The customer alleges that the Lane Keep Assist System and Adaptive Cruise Control were engaged.",
62-2439,1,Honda (American Honda Motor Co.),1-Day,,,MAR-2022,2HKRW2H8XMH, ,n/a,Honda,CRV, ,2021, ,60fe883f6963448,,Y,Consumer,,Y, ,, , ,, , ,, , ,,, , ,,,No,"Unknown, see Narrative",, ,Y, , , , , , ,,OCT-2021, ,MAR-2022,,Y,a3bbe26a5a0b4c2,,Y,,Y,,Y,Alan Park, ,MI ,,Y,Intersection,Unknown,Unknown,,Y,Unknown, , , , , , ,Y, ,,Unknown,Unknown,Unknown,Unknown,Unknown,Unknown, , , , , , , , , , ,Y,Unknown,Yes,Yes,Unknown,,Y, ,Y, , , , , , , , , , , , ,Y, , , , ,No,, ,No,, ,, ,, ,"Unknown, see Narrative", ,The customer was driving through an intersection when another driver T-boned the customer on the driver's side. The customer alleges that the Lane Keep Assist System and Adaptive Cruise Control were engaged.,
502-2354,2,Ford Motor Company,10-Day Update,,,MAR-2022,1FMCU9J9XLU, ,N/A,Ford,Escape, ,2020, ,f6617bfe417a14a,,Y,Consumer,"[REDACTED, MAY CONTAIN CONFIDENTIAL BUSINESS INFORMATION]", ,Y,, , ,, , ,, , ,,, , ,,,No,ADAS,, ,Y, , , , , , ,,FEB-2022, ,FEB-2022,12:33, ,0c245b93719a23b,[MAY CONTAIN PERSONALLY IDENTIFIABLE INFORMATION], ,[MAY CONTAIN PERSONALLY IDENTIFIABLE INFORMATION], ,[MAY CONTAIN PERSONALLY IDENTIFIABLE INFORMATION], ,Middleburg, ,FL ,,Y,Intersection,Dry,No Unusual Conditions,,Y,Dawn / Dusk, , ,Y, , , , , ,,Heavy Truck,Moderate,Yes,Stopped,No,No,Y, , ,Y, , , , , , , ,Proceeding Straight,Yes,Yes,Yes,35, , , , , ,Y,Y,Y,Y,Y, , , ,Y, , , , , , ,Yes,Florida Highway Patrol, ,Yes,[MAY CONTAIN PERSONALLY IDENTIFIABLE INFORMATION], ,[MAY CONTAIN PERSONALLY IDENTIFIABLE INFORMATION], ,,Y,"[REDACTED, MAY CONTAIN CONFIDENTIAL BUSINESS INFORMATION]",Y,"[REDACTED, MAY CONTAIN CONFIDENTIAL BUSINESS INFORMATION]",Y
1042-2343,2,"Porsche Cars North America, Inc.",10-Day Update,,,MAR-2022,WP0BA2Y12MS, ,N/A,Porsche,Taycan 4 Cross Turismo, ,2021, ,d04eb2cbab51798,3731, ,Consumer,,Y, ,, , ,, , ,, , ,,, , ,,,Yes,ADAS,, ,Y, , , , , , ,,FEB-2022, ,FEB-2022,,Y,e5ba340558470c4,,Y,,Y,,Y,,Y,UNK,,Y,Unknown,Unknown,Traffic Incident,,Y,Unknown, , , , , , ,Y, ,,Unknown,No Injuries Reported,No,Stopped,Unknown,Unknown, , , , , , , , , , ,Y,Proceeding Straight,Unknown,Unknown,Unknown,40, , , , , , , , , , , ,Y, , , ,Y, , , , ,Unknown,,Y,No,,Y,,Y,,Y,"Unknown, see Narrative", ,Subject vehicle was traveling at 40mph and another vehicle stopped in front of the subject vehicle in the path of the subject vehicle. Customer states that the subject vehicle did not stop as it should have. Customer Complaint statement: "Customer states that he was traveling at 40mph and a truck stopped in front of him. The car did not react or brake and he had to swerve to the right to miss the truck and hit another object. Customer states that car did not stop the collision as it should have.",
13781-2430,1,"Tesla, Inc.",1-Day,,,MAR-2022,5YJSA1H2XFF, ,N/A,Tesla,Model X, ,2015, ,db28e242bbdb499,63380, ,Consumer,"[REDACTED, MAY CONTAIN CONFIDENTIAL BUSINESS INFORMATION]", ,Y,, , ,, , ,, , ,,, , ,,,No,ADAS,, ,Y, , , , , , ,,SEP-2021, ,FEB-2022,21:36, ,4e1b076a6ba368a,,Y,,Y,[MAY CONTAIN PERSONALLY IDENTIFIABLE INFORMATION], ,Bellevue, ,WA ,[MAY CONTAIN PERSONALLY IDENTIFIABLE INFORMATION], ,Highway / Freeway,Unknown,Unknown,60, ,Unknown, , , , , , ,Y, ,,Passenger Car,Unknown,Yes,Unknown,Unknown,Unknown, , , , , , , , , , ,Y,Unknown,Yes,Unknown,Unknown,62, , , , , , , , , , , ,Y,Y, , ,Y, , , , ,Unknown,,Y,Unknown,,Y,,Y,,Y,"[REDACTED, MAY CONTAIN CONFIDENTIAL BUSINESS INFORMATION]",Y,"[REDACTED, MAY CONTAIN CONFIDENTIAL BUSINESS INFORMATION]",Y
13781-2429,1,"Tesla, Inc.",1-Day,,,FEB-2022,5YJXCBE27GF, ,N/A,Tesla,Model X, ,2016, ,e728e14d471b5df,85519, ,Consumer,"[REDACTED, MAY CONTAIN CONFIDENTIAL BUSINESS INFORMATION]", ,Y,, , ,, , ,, , ,,, , ,,,No,ADAS,, , ,Y, , , , , ,,FEB-2022, ,FEB-2022,15:26, ,9fc0e8a7e1d6fc8,[MAY CONTAIN PERSONALLY IDENTIFIABLE INFORMATION], ,[MAY CONTAIN PERSONALLY IDENTIFIABLE INFORMATION], ,[MAY CONTAIN PERSONALLY IDENTIFIABLE INFORMATION], ,The Colony, ,TX ,[MAY CONTAIN PERSONALLY IDENTIFIABLE INFORMATION], ,Highway / Freeway,Unknown,Unknown,,Y,Unknown, , , , , , ,Y, ,,Unknown,Unknown,Yes,Unknown,Unknown,Unknown, , , , , , , , , , ,Y,Unknown,Yes,Unknown,Unknown,,Y, , , , , , , , , , ,Y,Y, , , , , , , ,Unknown,,Y,Unknown,,Y,,Y,,Y,"[REDACTED, MAY CONTAIN CONFIDENTIAL BUSINESS INFORMATION]",Y,"[REDACTED, MAY CONTAIN CONFIDENTIAL BUSINESS INFORMATION]",Y
62-2426,1,Honda (American Honda Motor Co.),1-Day,,,FEB-2022,5FNYF6H90MB, ,n/a,Honda,Pilot, ,2021, ,878e1744f22fb5d,,Y,Consumer,,Y, ,, , ,, , ,, , ,,, , ,,,No,"Unknown, see Narrative",, ,Y, , , , , , ,,FEB-2022, ,FEB-2022,,Y,47b8da4d03f1f38,,Y,,Y,,Y,Gainesville, ,FL ,,Y,Unknown,Unknown,Unknown,,Y,Unknown, , , , , , ,Y, ,,Unknown,No Injuries Reported,Unknown,Unknown,Unknown,Unknown, , , , , , , , , , ,Y,Making U-Turn,Yes,Yes,Unknown,,Y, , , , , , , , ,Y, , , , , ,Y, , , , ,No,, ,No,, ,, ,, ,"Unknown, see Narrative", ,Customer was making a U-turn when another vehicle crash into the customer's front right tire. Customer alleges that the Lane Keep Assist System and Adaptive Cruise Control were engaged.,
13781-2374,2,"Tesla, Inc.",10-Day Update,,,FEB-2022,5YJSA1E65MF, ,N/A,Tesla,Model S, ,2021, ,7fb9c41d27c4cf0,2016, ,Consumer,"[REDACTED, MAY CONTAIN CONFIDENTIAL BUSINESS INFORMATION]", ,Y,, , ,, , ,, , ,,, , ,,,No,ADAS,, , ,Y, , , , , ,,FEB-2022, ,FEB-2022,14:04, ,b6961e05ee914d1,[MAY CONTAIN PERSONALLY IDENTIFIABLE INFORMATION], ,[MAY CONTAIN PERSONALLY IDENTIFIABLE INFORMATION], ,[MAY CONTAIN PERSONALLY IDENTIFIABLE INFORMATION], ,North Richland Hills, ,TX ,[MAY CONTAIN PERSONALLY IDENTIFIABLE INFORMATION], ,Street,Dry,No Unusual Conditions,50, ,Daylight,Y, , , , , , , ,,Passenger Car,Unknown,Yes,Entering Traffic,Unknown,Unknown, , ,Y, , , , , , , , ,Proceeding Straight,No,Yes,Unknown,8, , , , , , , , , ,Y, , ,Y, ,Y, ,Y, , , ,Unknown,,Y,Unknown,,Y,,Y,,Y,"[REDACTED, MAY CONTAIN CONFIDENTIAL BUSINESS INFORMATION]",Y,"[REDACTED, MAY CONTAIN CONFIDENTIAL BUSINESS INFORMATION]",Y
13781-2373,2,"Tesla, Inc.",10-Day Update,,,FEB-2022,5YJ3E1EB8MF, ,N/A,Tesla,Model 3, ,2021, ,97616c68363ea39,22927, ,Consumer,"[REDACTED, MAY CONTAIN CONFIDENTIAL BUSINESS INFORMATION]", ,Y,, , ,, , ,, , ,,, , ,,,No,ADAS,, , ,Y, , , , , ,,FEB-2022, ,FEB-2022,15:52, ,c5f5bd03bf07daf,[MAY CONTAIN PERSONALLY IDENTIFIABLE INFORMATION], ,[MAY CONTAIN PERSONALLY IDENTIFIABLE INFORMATION], ,[MAY CONTAIN PERSONALLY IDENTIFIABLE INFORMATION], ,Fairview Park, ,OH ,[MAY CONTAIN PERSONALLY IDENTIFIABLE INFORMATION], ,Highway / Freeway,Dry,No Unusual Conditions,60, ,Daylight,Y,Y, , , , , , ,,Unknown,Unknown,Yes,Unknown,Unknown,Unknown, , , , , , , , , , ,Y,Unknown,Yes,Unknown,Unknown,57, , , , , , , , , , , ,Y,Y, ,Y, ,Y, , , ,Unknown,,Y,Unknown,,Y,,Y,,Y,"[REDACTED, MAY CONTAIN CONFIDENTIAL BUSINESS INFORMATION]",Y,"[REDACTED, MAY CONTAIN CONFIDENTIAL BUSINESS INFORMATION]",Y
13781-2372,2,"Tesla, Inc.",10-Day Update,,,FEB-2022,5YJ3E1EA8MF, ,N/A,Tesla,Model 3, ,2021, ,d846268fcae9402,22011, ,Consumer,"[REDACTED, MAY CONTAIN CONFIDENTIAL BUSINESS INFORMATION]", ,Y,, , ,, , ,, , ,,, , ,,,No,ADAS,, , ,Y, , , , , ,,FEB-2022, ,FEB-2022,20:27, ,4422da7c2172907,[MAY CONTAIN PERSONALLY IDENTIFIABLE INFORMATION], ,[MAY CONTAIN PERSONALLY IDENTIFIABLE INFORMATION], ,[MAY CONTAIN PERSONALLY IDENTIFIABLE INFORMATION], ,Tampa, ,FL ,[MAY CONTAIN PERSONALLY IDENTIFIABLE INFORMATION], ,Intersection,Dry,No Unusual Conditions,40, ,Daylight,Y, , , , , , , ,,SUV,Unknown,Yes,Making Left Turn,Unknown,Unknown, , , , , , , , ,Y, , ,Proceeding Straight,Yes,Unknown,Unknown,33, , , ,Y, , , , , , , , ,Y, ,Y, ,Y, , , ,Unknown,,Y,Unknown,,Y,,Y,,Y,"[REDACTED, MAY CONTAIN CONFIDENTIAL BUSINESS INFORMATION]",Y,"[REDACTED, MAY CONTAIN CONFIDENTIAL BUSINESS INFORMATION]",Y
13781-2355,2,"Tesla, Inc.",10-Day Update,,,FEB-2022,5YJYGDEE2MF, ,N/A,Tesla,Model Y, ,2021, ,76203aa65db3d1d,53744, ,Consumer,"[REDACTED, MAY CONTAIN CONFIDENTIAL BUSINESS INFORMATION]", ,Y,, , ,, , ,, , ,,, , ,,,No,ADAS,, , ,Y, , , , , ,,FEB-2022, ,FEB-2022,08:39, ,0b95486b6cfaa05,[MAY CONTAIN PERSONALLY IDENTIFIABLE INFORMATION], ,[MAY CONTAIN PERSONALLY IDENTIFIABLE INFORMATION], ,[MAY CONTAIN PERSONALLY IDENTIFIABLE INFORMATION], ,Rochester, ,NY ,[MAY CONTAIN PERSONALLY IDENTIFIABLE INFORMATION], ,Highway / Freeway,Snow / Slush / Ice,No Unusual Conditions,55, ,Dark - Lighted, ,Y, , ,Y, , , ,,Other Fixed Object,Unknown,Yes,,,, , , , , , , , , , , ,Proceeding Straight,Yes,Unknown,Unknown,51, , , , , , ,Y, , ,Y, , ,Y, ,Y, ,Y, , , ,Unknown,,Y,Unknown,,Y,,Y,,Y,"[REDACTED, MAY CONTAIN CONFIDENTIAL BUSINESS INFORMATION]",Y,"[REDACTED, MAY CONTAIN CONFIDENTIAL BUSINESS INFORMATION]",Y
62-2030,2,Honda (American Honda Motor Co.),Update,,,FEB-2022,1HGCV2E38KA, ,n/a,Honda,Accord, ,2019, ,6d325c9a1dad55d,,Y,Consumer,,Y, ,, , ,, , ,, , ,,, , ,,,No,"Unknown, see Narrative",, ,Y, , , , , , ,,JAN-2022, ,JAN-2022,,Y,78f62f2ad52b176,,Y,,Y,,Y,Bedford, ,PA ,,Y,Highway / Freeway,Unknown,Unknown,,Y,Unknown, , , , , , ,Y, ,,Other Fixed Object,Unknown,Yes,,,, , , , , , , , , , , ,Proceeding Straight,Yes,Yes,Unknown,66, , , ,Y, , , , , , , , , , , ,Y, , , , ,No,, ,No,, ,, ,, ,"Unknown, see Narrative", ,"The customer was driving straight on a highway at approximately 66 miles per hour when the wheels allegedly locked up, causing the customer to lose control and hit the concrete barrier. The airbags deployed and no injuries occurred. The customer noted that the adaptive cruise control turned itself off and that there was no warning light before the crash. The customer also noted that the anti-lock braking system did not engage prior to the incident.
2/[XXX]/22 Update - Changed the 'AUTOMATION SYSTEM ENGAGED AT THE TIME OF THE INCIDENT' field from 'ADAS' to 'Unknown, See Narrative'.",
62-1944,2,Honda (American Honda Motor Co.),Update,,,FEB-2022,5FPYK3F70HB, ,n/a,Honda,Ridgeline, ,2017, ,e0841f71ed1f6c9,,Y,Consumer,,Y, ,, , ,, , ,, , ,,, , ,,,No,"Unknown, see Narrative",, , , , , , , ,Y,Customer praise,NOV-2021, ,DEC-2021,,Y,b94f3e870460e65,,Y,,Y,,Y,Burlington, ,NC ,,Y,Intersection,Unknown,Unknown,,Y,Unknown, , , , , , ,Y, ,,Unknown,Moderate,Unknown,Proceeding Straight,Unknown,Unknown, , , , , , , , , , ,Y,Proceeding Straight,Yes,Yes,Unknown,,Y, , , , , ,Y, , , , , , , , ,Y, , , , ,No,, ,No,, ,, ,, ,"Unknown, see Narrative", ,"Customer mistook a left turn signal as his own green light and proceeded through an intersection. He crashed into another vehicle head-on. The customer alleges that both the Lane Keep Assist System and Adaptive Cruise Control were engaged.
2/[XXX]/22 Update - Changed the 'AUTOMATION SYSTEM ENGAGED AT THE TIME OF THE INCIDENT' field from 'ADAS' to 'Unknown, See Narrative'.",
62-1823,2,Honda (American Honda Motor Co.),Update,,,FEB-2022,5FNYF6H35MB, ,n/a,Honda,Pilot, ,2021, ,7d1545d78d2b846,,Y,Consumer,,Y, ,, , ,, , ,, , ,,, , ,,,No,"Unknown, see Narrative",, ,Y, , , , , , ,,DEC-2021, ,DEC-2021,,Y,6a5dbe7198ba31d,,Y,,Y,,Y,Westbury, ,NY ,,Y,Street,Unknown,Unknown,,Y,Unknown, , , , , , ,Y, ,,Passenger Car,Moderate,Unknown,Proceeding Straight,Unknown,Unknown, , , , , , , , , , ,Y,Changing Lanes,Yes,Yes,Unknown,,Y, , , ,Y, , , , , , , , , , ,Y, , , , ,No,, ,No,, ,, ,, ,"Unknown, see Narrative", ,"The customer was driving in a lane and began to merge into the left turn lane. Another vehicle was driving fast and rear-ended the customer as he was merging into the left turn lane. The customer alleges that the Lane Keep Assist System and Adaptive Cruise Control were engaged.
2/[XXX]/22 Update - Changed the 'AUTOMATION SYSTEM ENGAGED AT THE TIME OF THE INCIDENT' field from 'ADAS' to 'Unknown, See Narrative'.",
62-1814,2,Honda (American Honda Motor Co.),Update,,,FEB-2022,1HGCV3F55KA, ,n/a,Honda,Accord Hybrid, ,2019, ,4a8d55f30f9136d,,Y,Consumer,,Y, ,, , ,, , ,, , ,,, , ,,,No,"Unknown, see Narrative",, ,Y, , , , , , ,,NOV-2021, ,DEC-2021,,Y,11ca65630051868,,Y,,Y,,Y,Scottsdale, ,AR ,,Y,Unknown,Unknown,Unknown,,Y,Unknown, , , , , , ,Y, ,,Passenger Car,No Injuries Reported,Unknown,Proceeding Straight,Unknown,Unknown, , , , , , , , , , ,Y,"Other, see Narrative",Yes,Yes,Unknown,,Y, , , , , ,Y, , , , , , , , ,Y, , , , ,No,, ,No,, ,, ,, ,"Unknown, see Narrative", ,"Customer was pulling out of an apartment complex and onto a street when another driver hit the customer's vehicle. The customer alleges that both the Lane Keep Assist System and Adaptive Cruise Control were engaged.
2/[XXX]/22 Update - Changed the 'AUTOMATION SYSTEM ENGAGED AT THE TIME OF THE INCIDENT' field from 'ADAS' to 'Unknown, See Narrative'.",
62-1804,2,Honda (American Honda Motor Co.),Update,,,FEB-2022,5J8YD4H38LL, ,n/a,Acura,MDX, ,2020, ,4977743e379da3e,,Y,Consumer,,Y, ,, , ,, , ,, , ,,, , ,,,No,"Unknown, see Narrative",, ,Y, , , , , , ,,SEP-2021, ,DEC-2021,,Y,e73fc98909dc9c9,,Y,,Y,,Y,Glen Cove, ,NY ,,Y,Unknown,Unknown,Unknown,,Y,Unknown, , , , , , ,Y, ,,Pickup Truck,No Injuries Reported,Unknown,Proceeding Straight,Unknown,Unknown, , , , , , , , , , ,Y,Stopped,No,Yes,Unknown,0, , , , , , , , , , , ,Y, , , ,Y, , , , ,No,, ,No,, ,, ,, ,"Unknown, see Narrative", ,"Customer was stopped at an intersection when a pickup truck tried to drive between the customer and another vehicle. The pickup truck swiped both vehicles as a result. The customer alleges that both the Lane Keep Assist System and Adaptive Cruise Control were engaged.
2/[XXX]/22 Update - Changed the 'AUTOMATION SYSTEM ENGAGED AT THE TIME OF THE INCIDENT' field from 'ADAS' to 'Unknown, See Narrative'.",
855-2377,1,"Mercedes-Benz USA, LLC",1-Day,,,FEB-2022,4JGED6EB3KA, ,N/A,Mercedes-Benz,AMG GLE43 4Matic Coupe, ,2019, ,4b2b6062efa809e,19702, ,Consumer,Distronic with Active Steering Assist, , ,, , ,, , ,, , ,,, , ,,,Yes,ADAS,, ,Y, , , , , , ,,JAN-2022, ,FEB-2022,16:26, ,3c07d2d05ae1aee,[MAY CONTAIN PERSONALLY IDENTIFIABLE INFORMATION], ,[MAY CONTAIN PERSONALLY IDENTIFIABLE INFORMATION], ,[MAY CONTAIN PERSONALLY IDENTIFIABLE INFORMATION], ,East Columbus, ,TX ,[MAY CONTAIN PERSONALLY IDENTIFIABLE INFORMATION], ,Highway / Freeway,Wet,Unknown,,Y,Unknown, , , , , , ,Y, ,,Other Fixed Object,No Injuries Reported,Yes,,,, , , , , , , , , , , ,"Other, see Narrative",Yes,Unknown,Yes,75, ,Y,Y, , , , , , , , , ,Y,Y,Y,Y, , , , ,Unknown,Texas Department of Public Safety, ,Yes,[MAY CONTAIN PERSONALLY IDENTIFIABLE INFORMATION], ,[MAY CONTAIN PERSONALLY IDENTIFIABLE INFORMATION], ,,Y,"Unknown, see Narrative", ,"[REDACTED, MAY CONTAIN CONFIDENTIAL BUSINESS INFORMATION]",Y
62-1770,2,Honda (American Honda Motor Co.),Update,,,FEB-2022,5FNRL6H78KB, ,n/a,Honda,Odyssey, ,2019, ,73c7fe8dc81f912,,Y,Consumer,,Y, ,, , ,, , ,, , ,,, , ,,,No,"Unknown, see Narrative",, ,Y, , , , , , ,,SEP-2021, ,NOV-2021,,Y,02553594f851c1b,,Y,,Y,,Y,Sant Tan VAlley, ,AZ ,,Y,Intersection,Unknown,Unknown,,Y,Unknown, , , , , , ,Y, ,,Unknown,Moderate,Unknown,Unknown,Unknown,Unknown, , , , , ,Y, , , , , ,Stopped,No,Yes,Unknown,0, , , , ,Y, , , , , , , , , , ,Y, , , , ,No,, ,No,, ,, ,, ,"Unknown, see Narrative", ,"Customer was stopped at a red light when the vehicle coming from behind rear-ended the customer. The customer alleges that both the Lane Keep Assist System and Adaptive Cruise Control were engaged.
2/[XXX]/22 Update - Changed the 'AUTOMATION SYSTEM ENGAGED AT THE TIME OF THE INCIDENT' field from 'ADAS' to 'Unknown, See Narrative'.",
62-1671,2,Honda (American Honda Motor Co.),Update,,,FEB-2022,5J6RW2H5XLL, ,n/a,Honda,CRV, ,2020, ,d1b9c1e9ec52906,,Y,Consumer,,Y, ,, , ,, , ,, , ,,, , ,,,No,"Unknown, see Narrative",, ,Y, , , , , , ,,SEP-2021, ,NOV-2021,,Y,26d2004fb38ce8a,,Y,,Y,,Y,Fairfax, ,VA ,,Y,Intersection,Unknown,Unknown,,Y,Unknown, , , , , , ,Y, ,,Heavy Truck,Unknown,Unknown,Proceeding Straight,Unknown,Unknown, , , ,Y, , , , , , , ,Proceeding Straight,Yes,Yes,Unknown,,Y, , , , , ,Y, , , , , , , , ,Y, , , , ,No,, ,No,, ,, ,, ,"Unknown, see Narrative", ,"The customer was stopped at an intersection behind a construction truck. When traffic began to move, the customer rear-ended the construction truck. The customer alleges that the Lane Keep Assist System and Adaptive Cruise Control were engaged.
2/[XXX]/22 Update - Changed the 'AUTOMATION SYSTEM ENGAGED AT THE TIME OF THE INCIDENT' field from 'ADAS' to 'Unknown, See Narrative'.",