Report ID,Report Version,Reporting Entity,Report Type,Report Month,Report Year,Report Submission Date,VIN,VIN - Unknown,Serial Number,Make,Model,Model - Unknown,Model Year,Model Year - Unknown,Same Vehicle ID,Mileage,Mileage - Unknown,Driver / Operator Type,ADAS/ADS System Version,ADAS/ADS System Version - Unk,ADAS/ADS System Version CBI,ADAS/ADS Hardware Version,ADAS/ADS Hardware Version - Unk,ADAS/ADS Hardware Version CBI,ADAS/ADS Software Version,ADAS/ADS Software Version - Unk,ADAS/ADS Software Version CBI,Other Reporting Entities?,Other Reporting Entities? - Unk,Other Reporting Entities? - NA,Federal Regulatory Exemption?,Other Federal Reg. Exemption,Federal Reg. Exemption - Unk,Federal Reg. Exemption - No,State or Local Permit?,State or Local Permit,ADS Equipped?,Automation System Engaged?,Operating Entity,Operating Entity - Unknown,Source - Complaint/Claim,Source - Telematics,Source - Law Enforcement,Source - Field Report,Source - Testing,Source - Media,Source - Other,Source - Other Text,Incident Date,Incident Date - Unknown,Notice Received Date,Incident Time (24:00),Incident Time - Unknown,Same Incident ID,Latitude,Latitude - Unknown,Longitude,Longitude - Unknown,Address,Address - Unknown,City,City - Unknown,State,Zip Code,Zip Code - Unknown,Roadway Type,Roadway Surface,Roadway Description,Posted Speed Limit (MPH),Posted Speed Limit - Unknown,Lighting,Weather - Clear,Weather - Snow,Weather - Cloudy,Weather - Fog/Smoke,Weather - Rain,Weather - Severe Wind,Weather - Unknown,Weather - Other,Weather - Other Text,Crash With,Highest Injury Severity Alleged,Property Damage?,CP Pre-Crash Movement,CP Any Air Bags Deployed?,CP Was Vehicle Towed?,CP Contact Area - Rear Left,CP Contact Area - Left,CP Contact Area - Front Left,CP Contact Area - Rear,CP Contact Area - Top,CP Contact Area - Front,CP Contact Area - Rear Right,CP Contact Area - Right,CP Contact Area - Front Right,CP Contact Area - Bottom,CP Contact Area - Unknown,SV Pre-Crash Movement,SV Any Air Bags Deployed?,SV Was Vehicle Towed?,SV Were All Passengers Belted?,SV Precrash Speed (MPH),SV Pre-crash Speed - Unknown,SV Contact Area - Rear Left,SV Contact Area - Left,SV Contact Area - Front Left,SV Contact Area - Rear,SV Contact Area - Top,SV Contact Area - Front,SV Contact Area - Rear Right,SV Contact Area - Right,SV Contact Area - Front Right,SV Contact Area - Bottom,SV Contact Area - Unknown,Data Availability - EDR,Data Availability - Police Rpt,Data Availability - Telematics,Data Availability - Complaints,Data Availability - Video,Data Availability - Other,Data Availability - No Data,Data Availability - Unknown,Law Enforcement Investigating?,Investigating Agency,Investigating Agency - Unknown,Rep Ent Or Mfr Investigating?,Investigating Officer Name,Inv. Officer Name - Unknown,Investigating Officer Phone,Inv. Officer Phone - Unknown,Investigating Officer Email,Inv. Officer Email - Unknown,Within ODD?,Within ODD? - CBI,Narrative,Narrative - CBI?
13781-2012,1,"Tesla, Inc.",1-Day,,,JAN-2022,5YJ3E1EB0LF, ,N/A,Tesla,Model 3, ,2020, ,ae4316b8d156cda,56691, ,Consumer,"[REDACTED, MAY CONTAIN CONFIDENTIAL BUSINESS INFORMATION]", ,Y,, , ,, , ,, , ,,, , ,,,No,ADAS,, , ,Y, , , , , ,,JAN-2022, ,JAN-2022,11:31, ,f5d8d03a92c3466,[MAY CONTAIN PERSONALLY IDENTIFIABLE INFORMATION], ,[MAY CONTAIN PERSONALLY IDENTIFIABLE INFORMATION], ,[MAY CONTAIN PERSONALLY IDENTIFIABLE INFORMATION], ,New Hill, ,NC ,[MAY CONTAIN PERSONALLY IDENTIFIABLE INFORMATION], ,Unknown,Unknown,Unknown,,Y,Unknown, , , , , , ,Y, ,,Unknown,Unknown,Unknown,Unknown,Unknown,Unknown, , , , , , , , , , ,Y,Unknown,Yes,Unknown,Unknown,,Y, , , , , , , , , , ,Y,Y, , , , , , , ,Unknown,,Y,Unknown,,Y,,Y,,Y,"[REDACTED, MAY CONTAIN CONFIDENTIAL BUSINESS INFORMATION]",Y,"[REDACTED, MAY CONTAIN CONFIDENTIAL BUSINESS INFORMATION]",Y
13781-2011,1,"Tesla, Inc.",1-Day,,,JAN-2022,5YJ3E1EA4MF, ,N/A,Tesla,Model 3, ,2021, ,0cbc77c399275ea,16052, ,Consumer,"[REDACTED, MAY CONTAIN CONFIDENTIAL BUSINESS INFORMATION]", ,Y,, , ,, , ,, , ,,, , ,,,No,ADAS,, , ,Y, , , , , ,,JAN-2022, ,JAN-2022,18:38, ,fe2041afd055599,[MAY CONTAIN PERSONALLY IDENTIFIABLE INFORMATION], ,[MAY CONTAIN PERSONALLY IDENTIFIABLE INFORMATION], ,[MAY CONTAIN PERSONALLY IDENTIFIABLE INFORMATION], ,Moorefield, ,WV ,[MAY CONTAIN PERSONALLY IDENTIFIABLE INFORMATION], ,Unknown,Unknown,Unknown,,Y,Unknown, , , , , , ,Y, ,,Unknown,Unknown,Unknown,Unknown,Unknown,Unknown, , , , , , , , , , ,Y,Unknown,Yes,Unknown,Unknown,,Y, , , , , , , , , , ,Y,Y, , , , , , , ,Unknown,,Y,Unknown,,Y,,Y,,Y,"[REDACTED, MAY CONTAIN CONFIDENTIAL BUSINESS INFORMATION]",Y,"[REDACTED, MAY CONTAIN CONFIDENTIAL BUSINESS INFORMATION]",Y
13781-2008,1,"Tesla, Inc.",1-Day,,,JAN-2022,5YJSA1E57NF, ,N/A,Tesla,Model S, ,2022, ,0398ead322e3ea7,1647, ,Consumer,"[REDACTED, MAY CONTAIN CONFIDENTIAL BUSINESS INFORMATION]", ,Y,, , ,, , ,, , ,,, , ,,,No,ADAS,, , ,Y, , , , , ,,DEC-2021, ,JAN-2022,20:17, ,4224b99efcacc50,[MAY CONTAIN PERSONALLY IDENTIFIABLE INFORMATION], ,[MAY CONTAIN PERSONALLY IDENTIFIABLE INFORMATION], ,[MAY CONTAIN PERSONALLY IDENTIFIABLE INFORMATION], ,New Braunfels, ,TX ,[MAY CONTAIN PERSONALLY IDENTIFIABLE INFORMATION], ,Unknown,Unknown,Unknown,,Y,Unknown, , , , , , ,Y, ,,Unknown,Unknown,Unknown,Unknown,Unknown,Unknown, , , , , , , , , , ,Y,Unknown,Yes,Unknown,Unknown,,Y, , , , , , , , , , ,Y,Y, , , , , , , ,Unknown,,Y,Unknown,,Y,,Y,,Y,"[REDACTED, MAY CONTAIN CONFIDENTIAL BUSINESS INFORMATION]",Y,"[REDACTED, MAY CONTAIN CONFIDENTIAL BUSINESS INFORMATION]",Y
1243-1955,2,"Subaru of America, Inc.",10-Day Update,,,JAN-2022,JF2SKAXC7LH, ,N/A,Subaru,Forester, ,2020, ,fa5ddda468b3301,23000, ,Consumer,,Y, ,, , ,, , ,, , ,,, , ,,,No,ADAS,, ,Y, ,Y, , , , ,,NOV-2021, ,DEC-2021,08:11, ,df0e18d70ba7e9e,[MAY CONTAIN PERSONALLY IDENTIFIABLE INFORMATION], ,[MAY CONTAIN PERSONALLY IDENTIFIABLE INFORMATION], ,[MAY CONTAIN PERSONALLY IDENTIFIABLE INFORMATION], ,Russell Springs, ,KY ,[MAY CONTAIN PERSONALLY IDENTIFIABLE INFORMATION], ,Highway / Freeway,Dry,No Unusual Conditions,70, ,Dark - Lighted,Y, , , , , , , ,,Animal,No Injuries Reported,Yes,Unknown,,, , , , , , , , , , , ,Proceeding Straight,Yes,Yes,Yes,70, , , ,Y, , ,Y, , ,Y, , , ,Y, ,Y, , , , ,Unknown,,Y,Unknown,,Y,,Y,,Y,"[REDACTED, MAY CONTAIN CONFIDENTIAL BUSINESS INFORMATION]",Y,"[REDACTED, MAY CONTAIN CONFIDENTIAL BUSINESS INFORMATION]",Y
13781-1981,2,"Tesla, Inc.",10-Day Update,,,DEC-2021,5YJ3E1EA2MF, ,N/A,Tesla,Model 3, ,2021, ,28b34c3ca28b58a,895, ,Consumer,"[REDACTED, MAY CONTAIN CONFIDENTIAL BUSINESS INFORMATION]", ,Y,, , ,, , ,, , ,,, , ,,,No,"Unknown, see Narrative",, ,Y, , , , , , ,,OCT-2021, ,DEC-2021,,Y,77d4d0eb8c1c5d6,,Y,,Y,,Y,Houston, ,TX ,,Y,Street,Unknown,Unknown,,Y,Unknown, , , , , , ,Y, ,,Unknown,Unknown,Unknown,Unknown,Unknown,Unknown, , , , , , , , , , ,Y,Proceeding Straight,No,Yes,Unknown,25, , , , , , , , , ,Y, , , , , ,Y, ,Y, , ,Unknown,,Y,Unknown,,Y,,Y,,Y,"[REDACTED, MAY CONTAIN CONFIDENTIAL BUSINESS INFORMATION]",Y,"[REDACTED, MAY CONTAIN CONFIDENTIAL BUSINESS INFORMATION]",Y
13781-1986,2,"Tesla, Inc.",10-Day Update,,,DEC-2021,5YJ3E1EA7JF, ,N/A,Tesla,Model 3, ,2018, ,62d71f53155a02a,35678, ,Consumer,"[REDACTED, MAY CONTAIN CONFIDENTIAL BUSINESS INFORMATION]", ,Y,, , ,, , ,, , ,,, , ,,,No,ADAS,, , ,Y, , , , , ,,DEC-2021, ,DEC-2021,09:05, ,9f3a9618a0472fd,[MAY CONTAIN PERSONALLY IDENTIFIABLE INFORMATION], ,[MAY CONTAIN PERSONALLY IDENTIFIABLE INFORMATION], ,[MAY CONTAIN PERSONALLY IDENTIFIABLE INFORMATION], ,Chandler, ,AZ ,[MAY CONTAIN PERSONALLY IDENTIFIABLE INFORMATION], ,Street,Dry,No Unusual Conditions,40, ,Dark - Lighted,Y, , , , , , , ,,Unknown,Unknown,Unknown,Unknown,Unknown,Unknown, , , , , , , , , , ,Y,Proceeding Straight,Yes,Unknown,Unknown,40, , , ,Y, , ,Y, , , , , ,Y, ,Y, ,Y, , , ,Unknown,,Y,Unknown,,Y,,Y,,Y,"[REDACTED, MAY CONTAIN CONFIDENTIAL BUSINESS INFORMATION]",Y,"[REDACTED, MAY CONTAIN CONFIDENTIAL BUSINESS INFORMATION]",Y
13781-1978,2,"Tesla, Inc.",10-Day Update,,,DEC-2021,5YJ3E1EB5KF, ,N/A,Tesla,Model 3, ,2019, ,76c1d1a3b5ac97c,45148, ,Consumer,"[REDACTED, MAY CONTAIN CONFIDENTIAL BUSINESS INFORMATION]", ,Y,, , ,, , ,, , ,,, , ,,,No,ADAS,, , ,Y, , , , , ,,DEC-2021, ,DEC-2021,03:08, ,ac951b6b7d0ec40,[MAY CONTAIN PERSONALLY IDENTIFIABLE INFORMATION], ,[MAY CONTAIN PERSONALLY IDENTIFIABLE INFORMATION], ,[MAY CONTAIN PERSONALLY IDENTIFIABLE INFORMATION], ,Denver, ,CO ,[MAY CONTAIN PERSONALLY IDENTIFIABLE INFORMATION], ,Highway / Freeway,Dry,Unknown,,Y,Dark - Lighted,Y, , , , , , , ,,Unknown,Unknown,Unknown,Unknown,Unknown,Unknown, , , , , , , , , , ,Y,Unknown,Yes,Unknown,Unknown,,Y, , , , , , , , , , ,Y,Y, , , ,Y, , , ,Unknown,,Y,Unknown,,Y,,Y,,Y,"[REDACTED, MAY CONTAIN CONFIDENTIAL BUSINESS INFORMATION]",Y,"[REDACTED, MAY CONTAIN CONFIDENTIAL BUSINESS INFORMATION]",Y
13781-1977,2,"Tesla, Inc.",10-Day Update,,,DEC-2021,5YJ3E1EA3HF, ,N/A,Tesla,Model 3, ,2017, ,92469850a624a83,55888, ,Consumer,"[REDACTED, MAY CONTAIN CONFIDENTIAL BUSINESS INFORMATION]", ,Y,, , ,, , ,, , ,,, , ,,,No,ADAS,, , ,Y, , , , , ,,DEC-2021, ,DEC-2021,19:27, ,0fe26bd928ba30d,[MAY CONTAIN PERSONALLY IDENTIFIABLE INFORMATION], ,[MAY CONTAIN PERSONALLY IDENTIFIABLE INFORMATION], ,[MAY CONTAIN PERSONALLY IDENTIFIABLE INFORMATION], ,Dayton, ,OH ,[MAY CONTAIN PERSONALLY IDENTIFIABLE INFORMATION], ,Highway / Freeway,Wet,No Unusual Conditions,55, ,Daylight, , , , ,Y, , , ,,Other Fixed Object,Unknown,Unknown,,,, , , , , , , , , , , ,Proceeding Straight,Yes,Unknown,Yes,56, , ,Y,Y, , , , , , , , ,Y, ,Y, ,Y, , , ,Unknown,,Y,Unknown,,Y,,Y,,Y,"[REDACTED, MAY CONTAIN CONFIDENTIAL BUSINESS INFORMATION]",Y,"[REDACTED, MAY CONTAIN CONFIDENTIAL BUSINESS INFORMATION]",Y
13781-1953,2,"Tesla, Inc.",10-Day Update,,,DEC-2021,5YJ3E1EA9LF, ,N/A,Tesla,Model 3, ,2020, ,92dde6a459d5cf8,20214, ,Consumer,"[REDACTED, MAY CONTAIN CONFIDENTIAL BUSINESS INFORMATION]", ,Y,, , ,, , ,, , ,,, , ,,,No,ADAS,, , ,Y, , , , , ,,DEC-2021, ,DEC-2021,05:46, ,668ec4f395ab14a,[MAY CONTAIN PERSONALLY IDENTIFIABLE INFORMATION], ,[MAY CONTAIN PERSONALLY IDENTIFIABLE INFORMATION], ,[MAY CONTAIN PERSONALLY IDENTIFIABLE INFORMATION], ,Ossining, ,NY ,[MAY CONTAIN PERSONALLY IDENTIFIABLE INFORMATION], ,Highway / Freeway,Wet,No Unusual Conditions,55, ,Dark - Not Lighted, , , , ,Y, , , ,,Other Fixed Object,Unknown,Unknown,,,, , , , , , , , , , , ,Lane / Road Departure,Yes,Unknown,Unknown,38, , , ,Y, , , , , , , , ,Y, , , ,Y,Y, , ,Unknown,,Y,Unknown,,Y,,Y,,Y,"[REDACTED, MAY CONTAIN CONFIDENTIAL BUSINESS INFORMATION]",Y,"[REDACTED, MAY CONTAIN CONFIDENTIAL BUSINESS INFORMATION]",Y
13781-1979,2,"Tesla, Inc.",10-Day Update,,,DEC-2021,5YJXCBE28KF, ,N/A,Tesla,Model X, ,2019, ,95acbac23972e7d,,Y,Consumer,"[REDACTED, MAY CONTAIN CONFIDENTIAL BUSINESS INFORMATION]", ,Y,, , ,, , ,, , ,,, , ,,,No,"Unknown, see Narrative",, ,Y, , , , , , ,,OCT-2019, ,DEC-2021,,Y,c8ed63832239a02,,Y,,Y,[MAY CONTAIN PERSONALLY IDENTIFIABLE INFORMATION], ,Milton, ,PA ,,Y,Unknown,Unknown,Unknown,,Y,Unknown, , , , , , ,Y, ,,Unknown,Fatality,Unknown,Unknown,Unknown,Unknown, , , , , , , , , , ,Y,Unknown,Unknown,Unknown,Unknown,,Y, , , , , , , , , , ,Y, , , ,Y, , , , ,Unknown,,Y,Unknown,,Y,,Y,,Y,"[REDACTED, MAY CONTAIN CONFIDENTIAL BUSINESS INFORMATION]",Y,"[REDACTED, MAY CONTAIN CONFIDENTIAL BUSINESS INFORMATION]",Y
13781-1991,1,"Tesla, Inc.",1-Day,,,DEC-2021,5YJYGDEE1LF, ,N/A,Tesla,Model Y, ,2020, ,3f943fe0dba0fd4,26346, ,Consumer,"[REDACTED, MAY CONTAIN CONFIDENTIAL BUSINESS INFORMATION]", ,Y,, , ,, , ,, , ,,, , ,,,No,ADAS,, , ,Y, , , , , ,,DEC-2021, ,DEC-2021,01:38, ,26e8efabd6ea499,[MAY CONTAIN PERSONALLY IDENTIFIABLE INFORMATION], ,[MAY CONTAIN PERSONALLY IDENTIFIABLE INFORMATION], ,[MAY CONTAIN PERSONALLY IDENTIFIABLE INFORMATION], ,Big Clifty, ,KY ,[MAY CONTAIN PERSONALLY IDENTIFIABLE INFORMATION], ,Unknown,Unknown,Unknown,,Y,Unknown, , , , , , ,Y, ,,Unknown,Unknown,Unknown,Unknown,Unknown,Unknown, , , , , , , , , , ,Y,Unknown,Yes,Unknown,Unknown,,Y, , , , , , , , , , ,Y,Y, , , , , , , ,Unknown,,Y,Unknown,,Y,,Y,,Y,"[REDACTED, MAY CONTAIN CONFIDENTIAL BUSINESS INFORMATION]",Y,"[REDACTED, MAY CONTAIN CONFIDENTIAL BUSINESS INFORMATION]",Y
540-1947,2,"General Motors, LLC",10-Day Update,,,DEC-2021,1G6DV5RW4M0, ,N/A,Cadillac,CT5 V, ,2021, ,f8c21be27c7e8b9,13069, ,Consumer,Level 2, , ,, , ,, , ,, , ,,, , ,,,No,ADAS,, , ,Y, , , , , ,,DEC-2021, ,DEC-2021,23:08, ,c79b9403b17b7ad,[MAY CONTAIN PERSONALLY IDENTIFIABLE INFORMATION], ,[MAY CONTAIN PERSONALLY IDENTIFIABLE INFORMATION], ,[MAY CONTAIN PERSONALLY IDENTIFIABLE INFORMATION], ,Lake Geneva, ,WI ,[MAY CONTAIN PERSONALLY IDENTIFIABLE INFORMATION], ,Highway / Freeway,Unknown,Unknown,70, ,Dark - Unknown Lighting, , ,Y, , , , , ,,Animal,No Injuries Reported,No,NM Crossing Roadway,,, , , , , , , , , , , ,Proceeding Straight,Yes,Unknown,Yes,,Y, , , , , ,Y, , , , , ,Y, ,Y, , , , , ,Unknown,,Y,Unknown,,Y,,Y,,Y,Yes, ,"This single-vehicle crash involved a 2021 model year Cadillac CT5 V vehicle hitting a deer. GM's current understanding of the crash is based on OnStar telematics data and the driver's statements after the crash to an OnStar representative. Before the crash, the vehicle was proceeding straight on a highway road with Super Cruise engaged at 85 mph at 11:06:40.  Supercruise was disabled at 11:08:20 when the driver applied the brakes as indicated by telematic data. The crash occured at 11:08:25. The driver reported to OnStar that the vehicle struck a deer.  Super Cruise was not active at the time of the crash. After the Crash, OnStar Emergency contacted the driver and found out the driver was alert and responsive.  The advisor called 911, however, there was no claim of injury reported. Telematics data indicates that the driver was belted at the time of the crash and the driver's airbag deployed. The driver reported to Onstar that he cut the steering wheel airbag to drive the vehicle to the shoulder of the highway.  There is no updated information for the 10-day report.",
13781-1986,1,"Tesla, Inc.",1-Day,,,DEC-2021,5YJ3E1EA7JF, ,N/A,Tesla,Model 3, ,2018, ,62d71f53155a02a,35678, ,Consumer,"[REDACTED, MAY CONTAIN CONFIDENTIAL BUSINESS INFORMATION]", ,Y,, , ,, , ,, , ,,, , ,,,No,ADAS,, , ,Y, , , , , ,,DEC-2021, ,DEC-2021,09:05, ,9f3a9618a0472fd,[MAY CONTAIN PERSONALLY IDENTIFIABLE INFORMATION], ,[MAY CONTAIN PERSONALLY IDENTIFIABLE INFORMATION], ,[MAY CONTAIN PERSONALLY IDENTIFIABLE INFORMATION], ,Chandler, ,AZ ,[MAY CONTAIN PERSONALLY IDENTIFIABLE INFORMATION], ,Unknown,Unknown,Unknown,,Y,Unknown, , , , , , ,Y, ,,Unknown,Unknown,Unknown,Unknown,Unknown,Unknown, , , , , , , , , , ,Y,Unknown,Yes,Unknown,Unknown,,Y, , , , , , , , , , ,Y,Y, , , , , , , ,Unknown,,Y,Unknown,,Y,,Y,,Y,"[REDACTED, MAY CONTAIN CONFIDENTIAL BUSINESS INFORMATION]",Y,"[REDACTED, MAY CONTAIN CONFIDENTIAL BUSINESS INFORMATION]",Y
1243-1945,2,"Subaru of America, Inc.",10-Day Update,,,DEC-2021,JF2SKALC0LH, ,N/A,Subaru,Forester, ,2020, ,096beaf83079872,70000, ,Consumer,,Y, ,, , ,, , ,, , ,,, , ,,,No,ADAS,, ,Y, , , , , , ,,DEC-2021, ,DEC-2021,14:00, ,931074479192043,,Y,,Y,[MAY CONTAIN PERSONALLY IDENTIFIABLE INFORMATION], ,Greenwood, ,MS ,,Y,Highway / Freeway,Dry,No Unusual Conditions,,Y,Daylight,Y, , , , , , , ,,Animal,No Injuries Reported,No,Unknown,,, , , , , , , , , , , ,Proceeding Straight,No,Yes,Yes,70, , , ,Y, , ,Y, , ,Y, , , , , ,Y, , , , ,Unknown,,Y,Yes,,Y,,Y,,Y,"[REDACTED, MAY CONTAIN CONFIDENTIAL BUSINESS INFORMATION]",Y,"[REDACTED, MAY CONTAIN CONFIDENTIAL BUSINESS INFORMATION]",Y
13781-1981,1,"Tesla, Inc.",1-Day,,,DEC-2021,5YJ3E1EA2MF, ,N/A,Tesla,Model 3, ,2021, ,28b34c3ca28b58a,895, ,Consumer,"[REDACTED, MAY CONTAIN CONFIDENTIAL BUSINESS INFORMATION]", ,Y,, , ,, , ,, , ,,, , ,,,No,"Unknown, see Narrative",, ,Y, , , , , , ,,OCT-2021, ,DEC-2021,,Y,77d4d0eb8c1c5d6,,Y,,Y,,Y,,Y,TX ,,Y,Unknown,Unknown,Unknown,,Y,Unknown, , , , , , ,Y, ,,Unknown,Unknown,Unknown,Unknown,Unknown,Unknown, , , , , , , , , , ,Y,Unknown,Unknown,Yes,Unknown,,Y, , , , , , , , , , ,Y, , , ,Y, , , , ,Unknown,,Y,Unknown,,Y,,Y,,Y,"[REDACTED, MAY CONTAIN CONFIDENTIAL BUSINESS INFORMATION]",Y,"[REDACTED, MAY CONTAIN CONFIDENTIAL BUSINESS INFORMATION]",Y
13781-1979,1,"Tesla, Inc.",1-Day,,,DEC-2021,5YJXCBE28KF, ,N/A,Tesla,Model X, ,2019, ,95acbac23972e7d,,Y,Consumer,"[REDACTED, MAY CONTAIN CONFIDENTIAL BUSINESS INFORMATION]", ,Y,, , ,, , ,, , ,,, , ,,,No,"Unknown, see Narrative",, ,Y, , , , , , ,,OCT-2019, ,DEC-2021,,Y,c8ed63832239a02,,Y,,Y,[MAY CONTAIN PERSONALLY IDENTIFIABLE INFORMATION], ,Milton, ,PA ,,Y,Unknown,Unknown,Unknown,,Y,Unknown, , , , , , ,Y, ,,Unknown,Fatality,Unknown,Unknown,Unknown,Unknown, , , , , , , , , , ,Y,Unknown,Unknown,Unknown,Unknown,,Y, , , , , , , , , , ,Y, , , ,Y, , , , ,Unknown,,Y,Unknown,,Y,,Y,,Y,"[REDACTED, MAY CONTAIN CONFIDENTIAL BUSINESS INFORMATION]",Y,"[REDACTED, MAY CONTAIN CONFIDENTIAL BUSINESS INFORMATION]",Y
13781-1978,1,"Tesla, Inc.",1-Day,,,DEC-2021,5YJ3E1EB5KF, ,N/A,Tesla,Model 3, ,2019, ,76c1d1a3b5ac97c,45148, ,Consumer,"[REDACTED, MAY CONTAIN CONFIDENTIAL BUSINESS INFORMATION]", ,Y,, , ,, , ,, , ,,, , ,,,No,ADAS,, , ,Y, , , , , ,,DEC-2021, ,DEC-2021,03:08, ,ac951b6b7d0ec40,[MAY CONTAIN PERSONALLY IDENTIFIABLE INFORMATION], ,[MAY CONTAIN PERSONALLY IDENTIFIABLE INFORMATION], ,[MAY CONTAIN PERSONALLY IDENTIFIABLE INFORMATION], ,Denver, ,CO ,[MAY CONTAIN PERSONALLY IDENTIFIABLE INFORMATION], ,Unknown,Unknown,Unknown,,Y,Unknown, , , , , , ,Y, ,,Unknown,Unknown,Unknown,Unknown,Unknown,Unknown, , , , , , , , , , ,Y,Unknown,Yes,Unknown,Unknown,,Y, , , , , , , , , , ,Y,Y, , , , , , , ,Unknown,,Y,Unknown,,Y,,Y,,Y,"[REDACTED, MAY CONTAIN CONFIDENTIAL BUSINESS INFORMATION]",Y,"[REDACTED, MAY CONTAIN CONFIDENTIAL BUSINESS INFORMATION]",Y
13781-1977,1,"Tesla, Inc.",1-Day,,,DEC-2021,5YJ3E1EA3HF, ,N/A,Tesla,Model 3, ,2017, ,92469850a624a83,55888, ,Consumer,"[REDACTED, MAY CONTAIN CONFIDENTIAL BUSINESS INFORMATION]", ,Y,, , ,, , ,, , ,,, , ,,,No,ADAS,, , ,Y, , , , , ,,DEC-2021, ,DEC-2021,19:27, ,0fe26bd928ba30d,[MAY CONTAIN PERSONALLY IDENTIFIABLE INFORMATION], ,[MAY CONTAIN PERSONALLY IDENTIFIABLE INFORMATION], ,[MAY CONTAIN PERSONALLY IDENTIFIABLE INFORMATION], ,Dayton, ,OH ,[MAY CONTAIN PERSONALLY IDENTIFIABLE INFORMATION], ,Unknown,Unknown,Unknown,,Y,Unknown, , , , , , ,Y, ,,Unknown,Unknown,Unknown,Unknown,Unknown,Unknown, , , , , , , , , , ,Y,Unknown,Yes,Unknown,Unknown,,Y, , , , , , , , , , ,Y,Y, , , , , , , ,Unknown,,Y,Unknown,,Y,,Y,,Y,"[REDACTED, MAY CONTAIN CONFIDENTIAL BUSINESS INFORMATION]",Y,"[REDACTED, MAY CONTAIN CONFIDENTIAL BUSINESS INFORMATION]",Y
13781-1951,2,"Tesla, Inc.",10-Day Update,,,DEC-2021,5YJ3E1EA9KF, ,N/A,Tesla,Model 3, ,2019, ,af4aec019fb01fd,28944, ,Consumer,"[REDACTED, MAY CONTAIN CONFIDENTIAL BUSINESS INFORMATION]", ,Y,, , ,, , ,, , ,,, , ,,,No,ADAS,, , ,Y, , , , , ,,DEC-2021, ,DEC-2021,09:13, ,7a048fa464821ba,[MAY CONTAIN PERSONALLY IDENTIFIABLE INFORMATION], ,[MAY CONTAIN PERSONALLY IDENTIFIABLE INFORMATION], ,[MAY CONTAIN PERSONALLY IDENTIFIABLE INFORMATION], ,New York, ,NY ,[MAY CONTAIN PERSONALLY IDENTIFIABLE INFORMATION], ,Street,Dry,No Unusual Conditions,25, ,Dark - Lighted,Y, , , , , , , ,,Other Fixed Object,Unknown,Unknown,,,, , , , , , , , , , , ,Proceeding Straight,Yes,Unknown,Unknown,25, , , ,Y, , ,Y, , ,Y, , ,Y, ,Y, ,Y, , , ,Unknown,,Y,Unknown,,Y,,Y,,Y,"[REDACTED, MAY CONTAIN CONFIDENTIAL BUSINESS INFORMATION]",Y,"[REDACTED, MAY CONTAIN CONFIDENTIAL BUSINESS INFORMATION]",Y
13781-1939,2,"Tesla, Inc.",10-Day Update,,,DEC-2021,5YJSA1E69MF, ,N/A,Tesla,Model S, ,2021, ,891be45aac5f2dd,1565, ,Consumer,"[REDACTED, MAY CONTAIN CONFIDENTIAL BUSINESS INFORMATION]", ,Y,, , ,, , ,, , ,,, , ,,,No,ADAS,, , ,Y, , , , , ,,DEC-2021, ,DEC-2021,18:29, ,7019be9c3fa5320,[MAY CONTAIN PERSONALLY IDENTIFIABLE INFORMATION], ,[MAY CONTAIN PERSONALLY IDENTIFIABLE INFORMATION], ,[MAY CONTAIN PERSONALLY IDENTIFIABLE INFORMATION], ,Atlanta, ,GA ,[MAY CONTAIN PERSONALLY IDENTIFIABLE INFORMATION], ,Unknown,Unknown,Unknown,,Y,Unknown, , , , , , ,Y, ,,Unknown,Unknown,Unknown,Unknown,Unknown,Unknown, , , , , , , , , , ,Y,Unknown,Yes,Yes,Unknown,,Y, , , , , , , , , , ,Y,Y, , , , , , , ,Unknown,,Y,Unknown,,Y,,Y,,Y,"[REDACTED, MAY CONTAIN CONFIDENTIAL BUSINESS INFORMATION]",Y,"[REDACTED, MAY CONTAIN CONFIDENTIAL BUSINESS INFORMATION]",Y
13781-1936,2,"Tesla, Inc.",10-Day Update,,,DEC-2021,5YJSA1E27MF, ,N/A,Tesla,Model S, ,2021, ,741620d5dc6e9bd,11601, ,Consumer,"[REDACTED, MAY CONTAIN CONFIDENTIAL BUSINESS INFORMATION]", ,Y,, , ,, , ,, , ,,, , ,,,No,"Unknown, see Narrative",, ,Y, , , , , , ,,NOV-2021, ,DEC-2021,14:30, ,2372215b380c831,,Y,,Y,,Y,,Y,UNK,,Y,Unknown,Unknown,Unknown,,Y,Unknown, , , , , , ,Y, ,,Unknown,Unknown,Unknown,Unknown,Unknown,Unknown, , , , , , , , , , ,Y,Unknown,Yes,Unknown,Unknown,,Y, , , , , , , , , , ,Y, , , ,Y, , , , ,Unknown,,Y,Unknown,,Y,,Y,,Y,"[REDACTED, MAY CONTAIN CONFIDENTIAL BUSINESS INFORMATION]",Y,"[REDACTED, MAY CONTAIN CONFIDENTIAL BUSINESS INFORMATION]",Y
13781-1933,2,"Tesla, Inc.",10-Day Update,,,DEC-2021,5YJYGDEEXMF, ,N/A,Tesla,Model Y, ,2021, ,b281a341a9200f3,24122, ,Consumer,"[REDACTED, MAY CONTAIN CONFIDENTIAL BUSINESS INFORMATION]", ,Y,, , ,, , ,, , ,,, , ,,,No,ADAS,, , ,Y, , , , , ,,DEC-2021, ,DEC-2021,21:34, ,a8c826e4f1c99d0,[MAY CONTAIN PERSONALLY IDENTIFIABLE INFORMATION], ,[MAY CONTAIN PERSONALLY IDENTIFIABLE INFORMATION], ,[MAY CONTAIN PERSONALLY IDENTIFIABLE INFORMATION], ,Nashua, ,NH ,[MAY CONTAIN PERSONALLY IDENTIFIABLE INFORMATION], ,Highway / Freeway,Dry,No Unusual Conditions,65, ,Dawn / Dusk,Y, , , , , , , ,,Other Fixed Object,Unknown,Unknown,,,, , , , , , , , , , , ,Proceeding Straight,Yes,Unknown,Unknown,75, , ,Y,Y, , , , , , , , ,Y, ,Y, ,Y, , , ,Unknown,,Y,Unknown,,Y,,Y,,Y,"[REDACTED, MAY CONTAIN CONFIDENTIAL BUSINESS INFORMATION]",Y,"[REDACTED, MAY CONTAIN CONFIDENTIAL BUSINESS INFORMATION]",Y