Report ID,Report Version,Reporting Entity,Report Type,Report Month,Report Year,Report Submission Date,VIN,VIN - Unknown,Serial Number,Make,Model,Model - Unknown,Model Year,Model Year - Unknown,Same Vehicle ID,Mileage,Mileage - Unknown,Driver / Operator Type,ADAS/ADS System Version,ADAS/ADS System Version - Unk,ADAS/ADS System Version CBI,ADAS/ADS Hardware Version,ADAS/ADS Hardware Version - Unk,ADAS/ADS Hardware Version CBI,ADAS/ADS Software Version,ADAS/ADS Software Version - Unk,ADAS/ADS Software Version CBI,Other Reporting Entities?,Other Reporting Entities? - Unk,Other Reporting Entities? - NA,Federal Regulatory Exemption?,Other Federal Reg. Exemption,Federal Reg. Exemption - Unk,Federal Reg. Exemption - No,State or Local Permit?,State or Local Permit,ADS Equipped?,Automation System Engaged?,Operating Entity,Operating Entity - Unknown,Source - Complaint/Claim,Source - Telematics,Source - Law Enforcement,Source - Field Report,Source - Testing,Source - Media,Source - Other,Source - Other Text,Incident Date,Incident Date - Unknown,Notice Received Date,Incident Time (24:00),Incident Time - Unknown,Same Incident ID,Latitude,Latitude - Unknown,Longitude,Longitude - Unknown,Address,Address - Unknown,City,City - Unknown,State,Zip Code,Zip Code - Unknown,Roadway Type,Roadway Surface,Roadway Description,Posted Speed Limit (MPH),Posted Speed Limit - Unknown,Lighting,Weather - Clear,Weather - Snow,Weather - Cloudy,Weather - Fog/Smoke,Weather - Rain,Weather - Severe Wind,Weather - Unknown,Weather - Other,Weather - Other Text,Crash With,Highest Injury Severity Alleged,Property Damage?,CP Pre-Crash Movement,CP Any Air Bags Deployed?,CP Was Vehicle Towed?,CP Contact Area - Rear Left,CP Contact Area - Left,CP Contact Area - Front Left,CP Contact Area - Rear,CP Contact Area - Top,CP Contact Area - Front,CP Contact Area - Rear Right,CP Contact Area - Right,CP Contact Area - Front Right,CP Contact Area - Bottom,CP Contact Area - Unknown,SV Pre-Crash Movement,SV Any Air Bags Deployed?,SV Was Vehicle Towed?,SV Were All Passengers Belted?,SV Precrash Speed (MPH),SV Pre-crash Speed - Unknown,SV Contact Area - Rear Left,SV Contact Area - Left,SV Contact Area - Front Left,SV Contact Area - Rear,SV Contact Area - Top,SV Contact Area - Front,SV Contact Area - Rear Right,SV Contact Area - Right,SV Contact Area - Front Right,SV Contact Area - Bottom,SV Contact Area - Unknown,Data Availability - EDR,Data Availability - Police Rpt,Data Availability - Telematics,Data Availability - Complaints,Data Availability - Video,Data Availability - Other,Data Availability - No Data,Data Availability - Unknown,Law Enforcement Investigating?,Investigating Agency,Investigating Agency - Unknown,Rep Ent Or Mfr Investigating?,Investigating Officer Name,Inv. Officer Name - Unknown,Investigating Officer Phone,Inv. Officer Phone - Unknown,Investigating Officer Email,Inv. Officer Email - Unknown,Within ODD?,Within ODD? - CBI,Narrative,Narrative - CBI?
28349-4648,5,"Lucid USA, Inc.",Update,,,MAY-2024,50EA1GBA8NA, ,N/A,Lucid,Air, ,2022, ,e04e259ef9c6ab4,1589, ,Consumer,Level 2, , ,, , ,, , ,,Y, ,,,Y, ,No,,No,ADAS,, , ,Y, , , , ,Y,Lucid Service Center tow-in.,JAN-2023, ,JAN-2023,06:52, ,f31d8764389d7db,[MAY CONTAIN PERSONALLY IDENTIFIABLE INFORMATION], ,[MAY CONTAIN PERSONALLY IDENTIFIABLE INFORMATION], ,[MAY CONTAIN PERSONALLY IDENTIFIABLE INFORMATION], ,Los Alamitos, ,CA ,[MAY CONTAIN PERSONALLY IDENTIFIABLE INFORMATION], ,Highway / Freeway,Dry,No Unusual Conditions,70, ,Dawn / Dusk,Y, , , , , , , ,,Heavy Truck,Unknown,Yes,Proceeding Straight,Unknown,Unknown, , , , , , , , , , ,Y,Proceeding Straight,No,Yes,Yes,61, , , ,Y, , ,Y, , ,Y, , , , ,Y, ,Y, , , ,Unknown,,Y,Yes,,Y,,Y,,Y,"[REDACTED, MAY CONTAIN CONFIDENTIAL BUSINESS INFORMATION]",Y,"Lucid has received telematics and notification from a Lucid Service Center that a 2022 Lucid Air was traveling southbound on [XXX] in Los Alamitos, California on 1/[XXX]/2023 with Level 2 ADAS engaged when it struck another vehicle which from the front camera shows a collision with a semi-truck bumper, just before sunrise at 6:53 am PST.  The Lucid Air was towed from the scene, and no air curtains were deployed. The Lucid Air was traveling at approximately 61 mph pre-crash, and the driver was belted.  The severity of the Lucid Air is minor to moderate as the front end of the vehicle was impacted upon collision.  The severity of the other vehicle damage is unknown and there is no known police report.  Telematics indicate that that ADAS (Highway Assist) deactivated approximately 0.35 seconds prior to the incident when the customer accelerated and torqued the steering wheel overriding the ADAS System.",
28349-4582,3,"Lucid USA, Inc.",Update,,,MAY-2024,50EA1TEA3PA, ,[MAY CONTAIN PERSONALLY IDENTIFIABLE INFORMATION],Lucid,Air (All grades), ,2023, ,695f4237a71bfdc,406, ,Consumer,"[REDACTED, MAY CONTAIN CONFIDENTIAL BUSINESS INFORMATION]", ,Y,, , ,, , ,,Y, ,,,Y, ,No,,No,ADAS,, , ,Y, , , , ,Y,Customer Call,DEC-2022, ,DEC-2022,17:04, ,d45c46c9116c522,[MAY CONTAIN PERSONALLY IDENTIFIABLE INFORMATION], ,[MAY CONTAIN PERSONALLY IDENTIFIABLE INFORMATION], ,[MAY CONTAIN PERSONALLY IDENTIFIABLE INFORMATION], ,Ventura, ,CA ,[MAY CONTAIN PERSONALLY IDENTIFIABLE INFORMATION], ,Highway / Freeway,Wet,Unknown,55, ,Dawn / Dusk, , , , ,Y, , , ,,Other Fixed Object,Unknown,Unknown,,,, , , , , , , , , , , ,Proceeding Straight,Yes,Yes,Unknown,43, , ,Y, , , , , , , , , , , ,Y, , ,Y, , ,Unknown,,Y,Yes,,Y,,Y,,Y,"[REDACTED, MAY CONTAIN CONFIDENTIAL BUSINESS INFORMATION]",Y,"Information indicates a 2023 Lucid Air, traveling Southeast bound on [XXX] between Santa Barbara, CA, and Ventura, CA, was involved in a crash at 5:04 pm Pacific Time on December [XXX], 2022. Due to road construction the vehicle followed the lane markings, which switch southbound traffic to a designated lane on the northbound side of the road. Online weather information for the area indicates sunset was at approximately 5pm and it was cloudy and rainy. Telematics indicate the vehicle was traveling at 70 mph a few seconds prior to the crash and the pre-crash speed was 43 mph. The customer called Lucid Customer Care and reported that he hit a pothole and the vehicle veered into the concrete barrier dividing the southbound traffic from the northbound traffic, resulting in the left driver side curtain air bag being deployed on impact. The vehicle was towed following the crash.  The customer reported that no one was injured. Telematics indicate Lucid's Highway Assist feature (SAE Level 2) was active until approximately 3 seconds prior to the accident, when HWA deactivated due to inability to detect the lane markings, most likely due to environmental conditions. The driver distraction warning feature had been turned off. At the time of HWA deactivation, and through the crash time, telematics indicates the customer had hands on the steering wheel and was actively steering. Vehicle acceleration data approximately 1 second prior to the crash is consistent with the driver's report of hitting a pothole. Vehicle acceleration data and the side curtain airbag deployment are consistent with the driver's report of hitting the concrete barrier separating southbound from northbound traffic.
The approximate location of the crash and lane configuration are viewable here:
[XXX]
Information on the construction [XXX] Pavement Rehabilitation Project is here:
[XXX]",
28349-4648,4,"Lucid USA, Inc.",Update,,,MAY-2024,50EA1GBA8NA, ,N/A,Lucid,Air, ,2022, ,e04e259ef9c6ab4,1589, ,Consumer,Level 2, , ,, , ,, , ,,Y, ,,,Y, ,Unknown,,No,ADAS,, , ,Y, , , , ,Y,Lucid Service Center tow-in.,JAN-2023, ,JAN-2023,06:52, ,f31d8764389d7db,[MAY CONTAIN PERSONALLY IDENTIFIABLE INFORMATION], ,[MAY CONTAIN PERSONALLY IDENTIFIABLE INFORMATION], ,[MAY CONTAIN PERSONALLY IDENTIFIABLE INFORMATION], ,Los Alamitos, ,CA ,[MAY CONTAIN PERSONALLY IDENTIFIABLE INFORMATION], ,Highway / Freeway,Dry,No Unusual Conditions,70, ,Dawn / Dusk,Y, , , , , , , ,,Heavy Truck,Unknown,Yes,Proceeding Straight,Unknown,Unknown, , , , , , , , , , ,Y,Proceeding Straight,No,Yes,Yes,61, , , ,Y, , ,Y, , ,Y, , , , ,Y, ,Y, , , ,Unknown,,Y,Yes,,Y,,Y,,Y,"[REDACTED, MAY CONTAIN CONFIDENTIAL BUSINESS INFORMATION]",Y,"Lucid has received telematics and notification from a Lucid Service Center that a 2022 Lucid Air was traveling southbound on [XXX] in Los Alamitos, California on 1/[XXX]/2023 with Level 2 ADAS engaged when it struck another vehicle which from the front camera shows a collision with a semi-truck bumper, just before sunrise at 6:53 am PST.  The Lucid Air was towed from the scene, and no air curtains were deployed. The Lucid Air was traveling at approximately 61 mph pre-crash, and the driver was belted.  The severity of the Lucid Air is minor to moderate as the front end of the vehicle was impacted upon collision.  The severity of the other vehicle damage is unknown and there is no known police report.  Telematics indicate that that ADAS (Highway Assist) deactivated approximately 0.35 seconds prior to the incident when the customer accelerated and torqued the steering wheel overriding the ADAS System.",
28349-7362,3,"Lucid USA, Inc.",Update,,,MAY-2024,50EA1GBA8PA, ,N/A,Lucid,Air, ,2023, ,577019e97a91e70,6328, ,"Other, see Narrative",Level 2, , ,,Y, ,2.1.60, , ,, ,Y,,, ,Y,No,,No,ADAS,Carl Hewitt, ,Y,Y, , , , ,Y,Lucid Management Vehicle,MAR-2024, ,MAR-2024,20:02, ,6b67a2912adcb2e,[MAY CONTAIN PERSONALLY IDENTIFIABLE INFORMATION], ,[MAY CONTAIN PERSONALLY IDENTIFIABLE INFORMATION], ,[MAY CONTAIN PERSONALLY IDENTIFIABLE INFORMATION], ,Fremont, ,CA ,[MAY CONTAIN PERSONALLY IDENTIFIABLE INFORMATION], ,Highway / Freeway,Unknown,No Unusual Conditions,65, ,Dark - Lighted,Y, , , , , , , ,,Other Fixed Object,No Injuries Reported,No,,,, , , , , , , , , , , ,Proceeding Straight,Yes,Yes,Yes,80, ,Y,Y,Y, , , , , , , , , , ,Y, , ,Y, , ,Yes,: California Highway Patrol - Report number NCIC 9345, ,No,[MAY CONTAIN PERSONALLY IDENTIFIABLE INFORMATION], ,[MAY CONTAIN PERSONALLY IDENTIFIABLE INFORMATION], ,,Y,Yes, ,"Driver is a Lucid employee that stated: I was in the left lane on [XXX] with highway assist engaged. My Fastrak transponder fell from the dash onto the passenger seat. My left hand was on the bottom of the steering wheel and I apparently pulled it to the right enough to cause the car to move 2-3 feet to the left to contact the center divider, which was close to the lane. The air bags deployed and fortunately the car slowed and stopped in the left lane with no one hurt. I called the CHP who arrived and arranged for a tow. This was at approximately 8:00 pm pacific time on March [XXX], 2024",
13781-7591,1,"Tesla, Inc.",1-Day,,,APR-2024,5YJ3E1EB2JF, ,N/A,Tesla,Model 3, ,2018, ,8e4a4e82f880ff5,,Y,Consumer,"[REDACTED, MAY CONTAIN CONFIDENTIAL BUSINESS INFORMATION]",Y,Y,"[REDACTED, MAY CONTAIN CONFIDENTIAL BUSINESS INFORMATION]", ,Y,"[REDACTED, MAY CONTAIN CONFIDENTIAL BUSINESS INFORMATION]", ,Y,,Y, ,,, ,Y,No,,No,"Unknown, see Narrative",, ,Y, , , , , , ,,JAN-2022, ,APR-2024,22:21, ,d9e2a5e4e144ca6,[MAY CONTAIN PERSONALLY IDENTIFIABLE INFORMATION], ,[MAY CONTAIN PERSONALLY IDENTIFIABLE INFORMATION], ,[MAY CONTAIN PERSONALLY IDENTIFIABLE INFORMATION], ,Pinole, ,CA ,[MAY CONTAIN PERSONALLY IDENTIFIABLE INFORMATION], ,Highway / Freeway,Unknown,Traffic Incident,,Y,Dark - Not Lighted,Y, , , , , , , ,,Pickup Truck,Fatality,Yes,Unknown,Unknown,Unknown, , , , , , , , , , ,Y,Unknown,Unknown,Unknown,Unknown,,Y, , , , , , , , , , ,Y, ,Y, ,Y, , , , ,Yes,CHP, ,Unknown,[MAY CONTAIN PERSONALLY IDENTIFIABLE INFORMATION], ,,Y,,Y,"[REDACTED, MAY CONTAIN CONFIDENTIAL BUSINESS INFORMATION]",Y,"[REDACTED, MAY CONTAIN CONFIDENTIAL BUSINESS INFORMATION]",Y
13781-7584,1,"Tesla, Inc.",5-Day,,,APR-2024,7SAYGDEF9NF, ,N/A,Tesla,Model Y, ,2022, ,614ab96d225dc95,29233, ,Consumer,"[REDACTED, MAY CONTAIN CONFIDENTIAL BUSINESS INFORMATION]", ,Y,"[REDACTED, MAY CONTAIN CONFIDENTIAL BUSINESS INFORMATION]", ,Y,"[REDACTED, MAY CONTAIN CONFIDENTIAL BUSINESS INFORMATION]", ,Y,,Y, ,,, ,Y,No,,No,ADAS,, , ,Y, , , , , ,,APR-2024, ,APR-2024,23:22, ,368576bd6ff4345,[MAY CONTAIN PERSONALLY IDENTIFIABLE INFORMATION], ,[MAY CONTAIN PERSONALLY IDENTIFIABLE INFORMATION], ,[MAY CONTAIN PERSONALLY IDENTIFIABLE INFORMATION], ,Bakersfield, ,CA ,[MAY CONTAIN PERSONALLY IDENTIFIABLE INFORMATION], ,Unknown,Unknown,Unknown,50, ,Unknown, , , , , , ,Y, ,,Unknown,Unknown,Yes,Unknown,Unknown,Unknown, , , , , , , , , , ,Y,Proceeding Straight,Yes,Unknown,Unknown,54, , , , , , , , , , , ,Y,Y, ,Y, , ,Y, , ,Unknown,,Y,Unknown,,Y,,Y,,Y,"[REDACTED, MAY CONTAIN CONFIDENTIAL BUSINESS INFORMATION]",Y,"[REDACTED, MAY CONTAIN CONFIDENTIAL BUSINESS INFORMATION]",Y
29990-7563,2,"Rivian Automotive, LLC",Update,,,APR-2024,7FCTGBAA1PN, ,N/A,Rivian,R1T, ,2023, ,ff15eafe5d5a8b3,4834, ,Consumer,,Y, ,,Y, ,,Y, ,,Y, ,,, ,Y,No,,No,"Unknown, see Narrative",, , ,Y, , , , , ,,APR-2024, ,APR-2024,15:41, ,4e08d2188ef1675,,Y,,Y,,Y,Del Mar, ,CA ,[MAY CONTAIN PERSONALLY IDENTIFIABLE INFORMATION], ,Highway / Freeway,Dry,Unknown,65, ,Daylight,Y, , , , , , , ,,Unknown,Unknown,Yes,Merging,Unknown,Unknown, , , , , , , , , , ,Y,Proceeding Straight,Yes,Unknown,Yes,57, , , , , , , , , , , ,Y, , ,Y, , , , , ,Unknown,,Y,Unknown,,Y,,Y,,Y,Yes, ,"04/26/24 Update: This report was mistakenly filed as a 1-day report but actually fits the criteria of a 5-day report. Any updates will be reported to the agency by May 15, 2024.
While the Rivian was in Highway Assist, a slower moving vehicle moved into the Rivians lane. The Rivian system detected the vehicle in front of it and activated Automatic Emergency Braking.  The Rivian driver also made an evasive maneuver, but an impact occurred.",
28509-7581,1,"Polestar Automotive USA, Inc.",5-Day,,,APR-2024,LPSED3KA8NL, ,N/A,Polestar,2, ,2022, ,08dcc4b7a6914b0,21000, ,Consumer,Pilot Assist, , ,,Y, ,,Y, ,, ,Y,,, ,Y,No,,No,ADAS,, ,Y, , , , , , ,,JAN-2024, ,JAN-2024,02:00, ,2940c5740fea644,,Y,,Y,[MAY CONTAIN PERSONALLY IDENTIFIABLE INFORMATION], ,Long Beach, ,CA ,,Y,Highway / Freeway,Unknown,Unknown,,Y,Dark - Unknown Lighting, , , , , , ,Y, ,,Other Fixed Object,Minor,Yes,,,, , , , , , , , , , , ,Proceeding Straight,Yes,Unknown,Unknown,71, ,Y,Y,Y, , , , , , , , ,Y, , ,Y, , , , ,Unknown,,Y,No,,Y,,Y,,Y,"Unknown, see Narrative", ,The driver of the Polestar 2 was on Northbound left lane of [XXX] near [XXX] traveling at about 71 mph. EDR data shows Pilot Assist was on. EDR data shows driver steering input to the left toward the barrier. Because of the driver steering input Pilot Assist did not intervene as the driver is in control. The driver and vehicle strike the barrier and there is brake request after the impact.,
1422-7580,1,"Volvo Car USA, LLC",5-Day,,,APR-2024,YV1H60EP1R1, ,N/A,Volvo,V60, ,2024, ,8352dc940c75478,2650, ,Consumer,Pilot Assist, , ,,Y, ,,Y, ,, ,Y,,, ,Y,No,,No,"Unknown, see Narrative",, ,Y, , , , , , ,,FEB-2024, ,MAR-2024,17:10, ,22bf46fcda641a6,,Y,,Y,[MAY CONTAIN PERSONALLY IDENTIFIABLE INFORMATION], ,Menlo Park, ,CA ,,Y,Intersection,Dry,No Unusual Conditions,35, ,Daylight,Y, , , , , , , ,,Passenger Car,Minor,Yes,Proceeding Straight,Yes,Yes, , ,Y, , , , , , , , ,Proceeding Straight,Yes,Yes,Yes,35, , , ,Y, , , , , , , , ,Y, , ,Y, , , , ,No,, ,No,, ,, ,, ,"Unknown, see Narrative", ,"Customer Statement: ""I crossed [XXX], there is a median that ends halfway into the intersection. The entire time I was doing one under the speed limit or the speed limit. I was in the left-hand lane going east. The Volvo was in pilot assist mode or at least I was under the impression that it was in pilot mode and I was briefly, looking at the central infotainment screen with one eye, while the other eye was on the road when the car passed that median on the left side of the vehicle instead of following the road to the right, the car veered to the left or kept going straight depending on your perspective by the time that I realized which was pretty much instantly that the car was not acting properly, I wrestled the steering wheel to the right, but it was not in time to prevent the vehicle from striking a oncoming car. This oncoming car was the Mazda, which I struck with the front left corner of the Volvo hit the Mazda front left corner which bounced the Volvo into the other opposing traffic vehicle, a Honda, which was in the right lane, causing minor damage to the Honda. At this point the vehicle came to arrest in front of the sidewalk . Note that the road was clear it was sunny, and the road markings were highly visible. The driver of the Mazda was injured mildly from his airbag. The driver of the Honda was injured, and myself was also uninjured.""
Volvo Car Review:  We are unable to determine if Pilot Assist was engaged. ACC was on and engaged. Volvo Car review of the incident: The lane markings disappeared due to the intersection at the same time the road bends. The driver failed to monitor the Pilot Assist through the intersection and provide the correct directional input to the vehicle. The driver failed to maintain the correct lane and crossed into oncoming traffic and stuck the vehicle driving westbound. Pilot Assist might deactivate automatically and resumes without prior notice. This is not a collision avoidance system. The driver is always responsible and must intervene if the system fails to interpret how the lanes go due to lack of road line markings. Pilot Assist is not to be used in intersections. Statement from the Customer: I was briefly, looking at the central infotainment screen The driver was distracted just before the accident and wasnt actively monitoring the road conditions or the Pilot Assist system that always requires driver attention and hands on steering wheel.",
13781-7571,1,"Tesla, Inc.",5-Day,,,APR-2024,5YJ3E1ECXPF, ,N/A,Tesla,Model 3, ,2023, ,6cc3562de413c6a,22647, ,Consumer,"[REDACTED, MAY CONTAIN CONFIDENTIAL BUSINESS INFORMATION]", ,Y,"[REDACTED, MAY CONTAIN CONFIDENTIAL BUSINESS INFORMATION]", ,Y,"[REDACTED, MAY CONTAIN CONFIDENTIAL BUSINESS INFORMATION]", ,Y,,Y, ,,, ,Y,No,,No,ADAS,, , ,Y, , , , , ,,APR-2024, ,APR-2024,07:01, ,e5a2ddfac7db0c2,[MAY CONTAIN PERSONALLY IDENTIFIABLE INFORMATION], ,[MAY CONTAIN PERSONALLY IDENTIFIABLE INFORMATION], ,[MAY CONTAIN PERSONALLY IDENTIFIABLE INFORMATION], ,Los Angeles, ,CA ,[MAY CONTAIN PERSONALLY IDENTIFIABLE INFORMATION], ,Street,Dry,Unknown,35, ,Dark - Lighted,Y, , , , , , , ,,"Other, see Narrative",Unknown,Yes,Unknown,Unknown,Unknown, , , , , , , , , , ,Y,Proceeding Straight,Yes,Unknown,Unknown,16, , , ,Y, , ,Y, , ,Y,Y, ,Y, ,Y, ,Y,Y, , ,Unknown,,Y,Unknown,,Y,,Y,,Y,"[REDACTED, MAY CONTAIN CONFIDENTIAL BUSINESS INFORMATION]",Y,"[REDACTED, MAY CONTAIN CONFIDENTIAL BUSINESS INFORMATION]",Y
13781-7569,1,"Tesla, Inc.",5-Day,,,APR-2024,5YJYGDEF3MF, ,N/A,Tesla,Model Y, ,2021, ,c2d7ccebec4f39d,53462, ,Consumer,"[REDACTED, MAY CONTAIN CONFIDENTIAL BUSINESS INFORMATION]", ,Y,"[REDACTED, MAY CONTAIN CONFIDENTIAL BUSINESS INFORMATION]", ,Y,"[REDACTED, MAY CONTAIN CONFIDENTIAL BUSINESS INFORMATION]", ,Y,,Y, ,,, ,Y,No,,No,ADAS,, , ,Y, , , , , ,,APR-2024, ,APR-2024,21:13, ,a70c2e817fef563,[MAY CONTAIN PERSONALLY IDENTIFIABLE INFORMATION], ,[MAY CONTAIN PERSONALLY IDENTIFIABLE INFORMATION], ,[MAY CONTAIN PERSONALLY IDENTIFIABLE INFORMATION], ,Pasadena, ,CA ,[MAY CONTAIN PERSONALLY IDENTIFIABLE INFORMATION], ,Street,Dry,No Unusual Conditions,30, ,Daylight,Y, , , , , , , ,,Passenger Car,Unknown,Yes,Proceeding Straight,Yes,Unknown, , ,Y, , ,Y, , ,Y, , ,"Other, see Narrative",Unknown,Yes,Unknown,5, ,Y, , ,Y, , ,Y, , , , , , ,Y, ,Y,Y, , ,Unknown,,Y,Unknown,,Y,,Y,,Y,"[REDACTED, MAY CONTAIN CONFIDENTIAL BUSINESS INFORMATION]",Y,"[REDACTED, MAY CONTAIN CONFIDENTIAL BUSINESS INFORMATION]",Y
13781-7568,1,"Tesla, Inc.",5-Day,,,APR-2024,5YJ3E1EB6MF, ,N/A,Tesla,Model 3, ,2021, ,3ac41b1f37472b8,50847, ,Consumer,"[REDACTED, MAY CONTAIN CONFIDENTIAL BUSINESS INFORMATION]", ,Y,"[REDACTED, MAY CONTAIN CONFIDENTIAL BUSINESS INFORMATION]", ,Y,"[REDACTED, MAY CONTAIN CONFIDENTIAL BUSINESS INFORMATION]", ,Y,,Y, ,,, ,Y,No,,No,ADAS,, , ,Y, , , , , ,,APR-2024, ,APR-2024,12:04, ,a74041371c428c8,[MAY CONTAIN PERSONALLY IDENTIFIABLE INFORMATION], ,[MAY CONTAIN PERSONALLY IDENTIFIABLE INFORMATION], ,[MAY CONTAIN PERSONALLY IDENTIFIABLE INFORMATION], ,San Diego, ,CA ,[MAY CONTAIN PERSONALLY IDENTIFIABLE INFORMATION], ,Highway / Freeway,Dry,No Unusual Conditions,65, ,Dark - Lighted, , ,Y, , , , , ,,Passenger Car,Unknown,Yes,"Other, see Narrative",Unknown,Unknown, , ,Y, , ,Y, , ,Y, , ,Proceeding Straight,Yes,Unknown,Unknown,69, ,Y, , ,Y, , , , , , , ,Y, ,Y, ,Y,Y, , ,Unknown,,Y,Unknown,,Y,,Y,,Y,"[REDACTED, MAY CONTAIN CONFIDENTIAL BUSINESS INFORMATION]",Y,"[REDACTED, MAY CONTAIN CONFIDENTIAL BUSINESS INFORMATION]",Y
13781-7565,1,"Tesla, Inc.",5-Day,,,APR-2024,7SAYGAEE2RF, ,N/A,Tesla,Model Y, ,2024, ,365177cc3ed828c,485, ,Consumer,"[REDACTED, MAY CONTAIN CONFIDENTIAL BUSINESS INFORMATION]", ,Y,"[REDACTED, MAY CONTAIN CONFIDENTIAL BUSINESS INFORMATION]", ,Y,"[REDACTED, MAY CONTAIN CONFIDENTIAL BUSINESS INFORMATION]", ,Y,,Y, ,,, ,Y,No,,No,ADAS,, , ,Y, , , , , ,,APR-2024, ,APR-2024,05:41, ,d2f7b36421fccad,[MAY CONTAIN PERSONALLY IDENTIFIABLE INFORMATION], ,[MAY CONTAIN PERSONALLY IDENTIFIABLE INFORMATION], ,[MAY CONTAIN PERSONALLY IDENTIFIABLE INFORMATION], ,San Jose, ,CA ,[MAY CONTAIN PERSONALLY IDENTIFIABLE INFORMATION], ,Highway / Freeway,Dry,No Unusual Conditions,65, ,Dark - Not Lighted,Y, , , , , , , ,,Pickup Truck,Unknown,Yes,"Other, see Narrative",Unknown,Unknown,Y,Y, ,Y, , , , , , , ,"Other, see Narrative",Yes,Unknown,Unknown,58, , , ,Y, , ,Y, , ,Y, , ,Y, ,Y, ,Y,Y, , ,Unknown,,Y,Unknown,,Y,,Y,,Y,"[REDACTED, MAY CONTAIN CONFIDENTIAL BUSINESS INFORMATION]",Y,"[REDACTED, MAY CONTAIN CONFIDENTIAL BUSINESS INFORMATION]",Y
29990-7563,1,"Rivian Automotive, LLC",1-Day,,,APR-2024,7FCTGBAA1PN, ,N/A,Rivian,R1T, ,2023, ,ff15eafe5d5a8b3,4834, ,Consumer,,Y, ,,Y, ,,Y, ,,Y, ,,, ,Y,No,,No,"Unknown, see Narrative",, , ,Y, , , , , ,,APR-2024, ,APR-2024,15:41, ,4e08d2188ef1675,,Y,,Y,,Y,Del Mar, ,CA ,[MAY CONTAIN PERSONALLY IDENTIFIABLE INFORMATION], ,Highway / Freeway,Dry,Unknown,65, ,Daylight,Y, , , , , , , ,,Unknown,Unknown,Yes,Merging,Unknown,Unknown, , , , , , , , , , ,Y,Proceeding Straight,Yes,Unknown,Yes,57, , , , , , , , , , , ,Y, , ,Y, , , , , ,Unknown,,Y,Unknown,,Y,,Y,,Y,Yes, ,"While the Rivian was in Highway Assist, a slower moving vehicle moved into the Rivians lane. The Rivian system detected the vehicle in front of it and activated Automatic Emergency Braking.  The Rivian driver also made an evasive maneuver, but an impact occurred.",