Report ID,Report Version,Reporting Entity,Report Type,Report Month,Report Year,Report Submission Date,VIN,VIN - Unknown,Serial Number,Make,Model,Model - Unknown,Model Year,Model Year - Unknown,Same Vehicle ID,Mileage,Mileage - Unknown,Driver / Operator Type,ADAS/ADS System Version,ADAS/ADS System Version - Unk,ADAS/ADS System Version CBI,ADAS/ADS Hardware Version,ADAS/ADS Hardware Version - Unk,ADAS/ADS Hardware Version CBI,ADAS/ADS Software Version,ADAS/ADS Software Version - Unk,ADAS/ADS Software Version CBI,Other Reporting Entities?,Other Reporting Entities? - Unk,Other Reporting Entities? - NA,Federal Regulatory Exemption?,Other Federal Reg. Exemption,Federal Reg. Exemption - Unk,Federal Reg. Exemption - No,State or Local Permit?,State or Local Permit,ADS Equipped?,Automation System Engaged?,Operating Entity,Operating Entity - Unknown,Source - Complaint/Claim,Source - Telematics,Source - Law Enforcement,Source - Field Report,Source - Testing,Source - Media,Source - Other,Source - Other Text,Incident Date,Incident Date - Unknown,Notice Received Date,Incident Time (24:00),Incident Time - Unknown,Same Incident ID,Latitude,Latitude - Unknown,Longitude,Longitude - Unknown,Address,Address - Unknown,City,City - Unknown,State,Zip Code,Zip Code - Unknown,Roadway Type,Roadway Surface,Roadway Description,Posted Speed Limit (MPH),Posted Speed Limit - Unknown,Lighting,Weather - Clear,Weather - Snow,Weather - Cloudy,Weather - Fog/Smoke,Weather - Rain,Weather - Severe Wind,Weather - Unknown,Weather - Other,Weather - Other Text,Crash With,Highest Injury Severity Alleged,Property Damage?,CP Pre-Crash Movement,CP Any Air Bags Deployed?,CP Was Vehicle Towed?,CP Contact Area - Rear Left,CP Contact Area - Left,CP Contact Area - Front Left,CP Contact Area - Rear,CP Contact Area - Top,CP Contact Area - Front,CP Contact Area - Rear Right,CP Contact Area - Right,CP Contact Area - Front Right,CP Contact Area - Bottom,CP Contact Area - Unknown,SV Pre-Crash Movement,SV Any Air Bags Deployed?,SV Was Vehicle Towed?,SV Were All Passengers Belted?,SV Precrash Speed (MPH),SV Pre-crash Speed - Unknown,SV Contact Area - Rear Left,SV Contact Area - Left,SV Contact Area - Front Left,SV Contact Area - Rear,SV Contact Area - Top,SV Contact Area - Front,SV Contact Area - Rear Right,SV Contact Area - Right,SV Contact Area - Front Right,SV Contact Area - Bottom,SV Contact Area - Unknown,Data Availability - EDR,Data Availability - Police Rpt,Data Availability - Telematics,Data Availability - Complaints,Data Availability - Video,Data Availability - Other,Data Availability - No Data,Data Availability - Unknown,Law Enforcement Investigating?,Investigating Agency,Investigating Agency - Unknown,Rep Ent Or Mfr Investigating?,Investigating Officer Name,Inv. Officer Name - Unknown,Investigating Officer Phone,Inv. Officer Phone - Unknown,Investigating Officer Email,Inv. Officer Email - Unknown,Within ODD?,Within ODD? - CBI,Narrative,Narrative - CBI?
13781-4754,1,"Tesla, Inc.",1-Day,,,JAN-2023,5YJ3E1EB4JF, ,N/A,Tesla,Model 3, ,2018, ,5cabde0f01c9fd6,40458, ,Consumer,"[REDACTED, MAY CONTAIN CONFIDENTIAL BUSINESS INFORMATION]", ,Y,, , ,, , ,, , ,,, , ,,,No,ADAS,, , ,Y, , , , , ,,JAN-2023, ,JAN-2023,18:40, ,8d6fd2977df2366,[MAY CONTAIN PERSONALLY IDENTIFIABLE INFORMATION], ,[MAY CONTAIN PERSONALLY IDENTIFIABLE INFORMATION], ,[MAY CONTAIN PERSONALLY IDENTIFIABLE INFORMATION], ,Carlsbad, ,CA ,[MAY CONTAIN PERSONALLY IDENTIFIABLE INFORMATION], ,Unknown,Unknown,Unknown,,Y,Unknown, , , , , , ,Y, ,,Unknown,Unknown,Yes,Unknown,Unknown,Unknown, , , , , , , , , , ,Y,Unknown,Yes,Unknown,Unknown,,Y, , , , , , , , , , ,Y,Y, , , , , , , ,Unknown,,Y,Unknown,,Y,,Y,,Y,"[REDACTED, MAY CONTAIN CONFIDENTIAL BUSINESS INFORMATION]",Y,"[REDACTED, MAY CONTAIN CONFIDENTIAL BUSINESS INFORMATION]",Y
13781-4649,2,"Tesla, Inc.",10-Day Update,,,JAN-2023,5YJSA1E15HF, ,N/A,Tesla,Model S, ,2017, ,63703b3f0004140,,Y,Consumer,"[REDACTED, MAY CONTAIN CONFIDENTIAL BUSINESS INFORMATION]",Y,Y,, , ,, , ,, , ,,, , ,,,No,ADAS,, ,Y, , , , ,Y, ,,JUL-2020, ,JAN-2023,10:00, ,cff615a5412e888,,Y,,Y,[MAY CONTAIN PERSONALLY IDENTIFIABLE INFORMATION], ,Benson, ,CA ,[MAY CONTAIN PERSONALLY IDENTIFIABLE INFORMATION], ,Highway / Freeway,Unknown,Traffic Incident,75, ,Unknown, , , , , , ,Y, ,,First Responder Vehicle,Serious,Yes,Parked,Unknown,Unknown,Y, , ,Y, , ,Y, , , , ,Unknown,Yes,Unknown,Unknown,76, , , ,Y, , ,Y, , ,Y, , ,Y, , ,Y, ,Y, , ,Unknown,,Y,Unknown,,Y,,Y,,Y,"[REDACTED, MAY CONTAIN CONFIDENTIAL BUSINESS INFORMATION]",Y,"[REDACTED, MAY CONTAIN CONFIDENTIAL BUSINESS INFORMATION]",Y
13781-4639,2,"Tesla, Inc.",10-Day Update,,,JAN-2023,5YJYGAEE5MF, ,N/A,Tesla,Model Y, ,2021, ,61c70bb83d40c83,18377, ,Consumer,"[REDACTED, MAY CONTAIN CONFIDENTIAL BUSINESS INFORMATION]", ,Y,, , ,, , ,, , ,,, , ,,,No,ADAS,, , ,Y, , , , , ,,JAN-2023, ,JAN-2023,21:13, ,4cd19c30a221574,[MAY CONTAIN PERSONALLY IDENTIFIABLE INFORMATION], ,[MAY CONTAIN PERSONALLY IDENTIFIABLE INFORMATION], ,[MAY CONTAIN PERSONALLY IDENTIFIABLE INFORMATION], ,Woodside, ,CA ,[MAY CONTAIN PERSONALLY IDENTIFIABLE INFORMATION], ,Highway / Freeway,Wet,No Unusual Conditions,65, ,Daylight, , ,Y, ,Y, , , ,,Other Fixed Object,Unknown,Yes,,,, , , , , , , , , , , ,Proceeding Straight,Yes,Unknown,Unknown,72, ,Y,Y,Y, , , , , , , , ,Y, ,Y, ,Y,Y, , ,Unknown,,Y,Unknown,,Y,,Y,,Y,"[REDACTED, MAY CONTAIN CONFIDENTIAL BUSINESS INFORMATION]",Y,"[REDACTED, MAY CONTAIN CONFIDENTIAL BUSINESS INFORMATION]",Y
13781-4627,2,"Tesla, Inc.",10-Day Update,,,JAN-2023,5YJYGDEE5LF, ,N/A,Tesla,Model Y, ,2020, ,af76f606906c69e,34420, ,Consumer,"[REDACTED, MAY CONTAIN CONFIDENTIAL BUSINESS INFORMATION]", ,Y,, , ,, , ,, , ,,, , ,,,No,ADAS,, , ,Y, , , , , ,,JAN-2023, ,JAN-2023,16:40, ,357feabee218747,[MAY CONTAIN PERSONALLY IDENTIFIABLE INFORMATION], ,[MAY CONTAIN PERSONALLY IDENTIFIABLE INFORMATION], ,[MAY CONTAIN PERSONALLY IDENTIFIABLE INFORMATION], ,Solana Beach, ,CA ,[MAY CONTAIN PERSONALLY IDENTIFIABLE INFORMATION], ,Highway / Freeway,Dry,"Other, see Narrative",55, ,Daylight, , ,Y, , , , , ,,Passenger Car,Unknown,Yes,Lane / Road Departure,Unknown,Unknown, , , , , , , ,Y,Y, , ,Proceeding Straight,Yes,Unknown,Unknown,43, ,Y,Y, , , , , , , , , ,Y, ,Y, ,Y,Y, , ,Unknown,,Y,Unknown,,Y,,Y,,Y,"[REDACTED, MAY CONTAIN CONFIDENTIAL BUSINESS INFORMATION]",Y,"[REDACTED, MAY CONTAIN CONFIDENTIAL BUSINESS INFORMATION]",Y
13781-4626,2,"Tesla, Inc.",10-Day Update,,,JAN-2023,5YJYGDEF4MF, ,N/A,Tesla,Model Y, ,2021, ,5e6192258748164,23400, ,Consumer,"[REDACTED, MAY CONTAIN CONFIDENTIAL BUSINESS INFORMATION]", ,Y,, , ,, , ,, , ,,, , ,,,No,ADAS,, , ,Y, , , , , ,,JAN-2023, ,JAN-2023,17:23, ,32fc5f4fe5584c0,[MAY CONTAIN PERSONALLY IDENTIFIABLE INFORMATION], ,[MAY CONTAIN PERSONALLY IDENTIFIABLE INFORMATION], ,[MAY CONTAIN PERSONALLY IDENTIFIABLE INFORMATION], ,Los Altos, ,CA ,[MAY CONTAIN PERSONALLY IDENTIFIABLE INFORMATION], ,Highway / Freeway,Wet,No Unusual Conditions,65, ,Daylight, , ,Y, ,Y, , , ,,Other Fixed Object,Unknown,Yes,,,, , , , , , , , , , , ,Unknown,Yes,Unknown,Unknown,61, ,Y,Y,Y, , , , , , , , ,Y, ,Y, ,Y,Y, , ,Unknown,,Y,Unknown,,Y,,Y,,Y,"[REDACTED, MAY CONTAIN CONFIDENTIAL BUSINESS INFORMATION]",Y,"[REDACTED, MAY CONTAIN CONFIDENTIAL BUSINESS INFORMATION]",Y
13781-4606,2,"Tesla, Inc.",10-Day Update,,,JAN-2023,5YJ3E1EB6NF, ,N/A,Tesla,Model 3, ,2022, ,ed8e3d356763452,4490, ,Consumer,"[REDACTED, MAY CONTAIN CONFIDENTIAL BUSINESS INFORMATION]", ,Y,, , ,, , ,, , ,,, , ,,,No,ADAS,, ,Y, , , , , , ,,OCT-2022, ,JAN-2023,23:35, ,2f59fa79b6146a2,,Y,,Y,[MAY CONTAIN PERSONALLY IDENTIFIABLE INFORMATION], ,,Y,CA ,,Y,Highway / Freeway,Unknown,Unknown,,Y,Unknown, , , , , , ,Y, ,,Unknown,Serious,Yes,Unknown,Unknown,Unknown, , , , , , , , , , ,Y,Proceeding Straight,Yes,Yes,Unknown,,Y, , , , , , , , , , ,Y, , , ,Y, ,Y, , ,Unknown,,Y,Unknown,,Y,,Y,,Y,"[REDACTED, MAY CONTAIN CONFIDENTIAL BUSINESS INFORMATION]",Y,"[REDACTED, MAY CONTAIN CONFIDENTIAL BUSINESS INFORMATION]",Y
13781-4733,1,"Tesla, Inc.",1-Day,,,JAN-2023,5YJ3E1EB7NF, ,N/A,Tesla,Model 3, ,2022, ,d821db94a00c2fc,,Y,Consumer,"[REDACTED, MAY CONTAIN CONFIDENTIAL BUSINESS INFORMATION]",Y,Y,, , ,, , ,, , ,,, , ,,,No,ADAS,, , , ,Y, , , , ,,JAN-2023, ,JAN-2023,08:17, ,0b7f1cdc21d7b11,,Y,,Y,[MAY CONTAIN PERSONALLY IDENTIFIABLE INFORMATION], ,,Y,CA ,,Y,Highway / Freeway,Unknown,Unknown,,Y,Unknown, , , , , , ,Y, ,,Unknown,Unknown,Yes,Unknown,Unknown,Unknown, , , , , , , , , , ,Y,Unknown,Yes,Yes,Unknown,,Y, , , , , , , , , , ,Y,Y,Y, , , , , , ,Yes,California Highway Patrol, ,Unknown,,Y,,Y,,Y,"[REDACTED, MAY CONTAIN CONFIDENTIAL BUSINESS INFORMATION]",Y,"[REDACTED, MAY CONTAIN CONFIDENTIAL BUSINESS INFORMATION]",Y
13781-4727,1,"Tesla, Inc.",1-Day,,,JAN-2023,5YJ3E1EA7JF, ,N/A,Tesla,Model 3, ,2018, ,f4217ca515a3b60,49010, ,Consumer,"[REDACTED, MAY CONTAIN CONFIDENTIAL BUSINESS INFORMATION]", ,Y,, , ,, , ,, , ,,, , ,,,No,ADAS,, , ,Y, , , , , ,,JAN-2023, ,JAN-2023,07:40, ,2ff160cc8809008,[MAY CONTAIN PERSONALLY IDENTIFIABLE INFORMATION], ,[MAY CONTAIN PERSONALLY IDENTIFIABLE INFORMATION], ,[MAY CONTAIN PERSONALLY IDENTIFIABLE INFORMATION], ,Woodside, ,CA ,[MAY CONTAIN PERSONALLY IDENTIFIABLE INFORMATION], ,Unknown,Unknown,Unknown,,Y,Unknown, , , , , , ,Y, ,,Unknown,Unknown,Yes,Unknown,Unknown,Unknown, , , , , , , , , , ,Y,Unknown,Yes,Unknown,Unknown,,Y, , , , , , , , , , ,Y,Y, , , , , , , ,Unknown,,Y,Unknown,,Y,,Y,,Y,"[REDACTED, MAY CONTAIN CONFIDENTIAL BUSINESS INFORMATION]",Y,"[REDACTED, MAY CONTAIN CONFIDENTIAL BUSINESS INFORMATION]",Y
13781-4709,1,"Tesla, Inc.",1-Day,,,JAN-2023,5YJ3E1EA1JF, ,N/A,Tesla,Model 3, ,2018, ,4692347d1657913,76210, ,Consumer,"[REDACTED, MAY CONTAIN CONFIDENTIAL BUSINESS INFORMATION]", ,Y,, , ,, , ,, , ,,, , ,,,No,ADAS,, , ,Y, , , , , ,,JAN-2023, ,JAN-2023,14:27, ,638bb6c3ec3aeb6,[MAY CONTAIN PERSONALLY IDENTIFIABLE INFORMATION], ,[MAY CONTAIN PERSONALLY IDENTIFIABLE INFORMATION], ,[MAY CONTAIN PERSONALLY IDENTIFIABLE INFORMATION], ,San Jose, ,CA ,[MAY CONTAIN PERSONALLY IDENTIFIABLE INFORMATION], ,Highway / Freeway,Unknown,Unknown,,Y,Unknown, , , , , , ,Y, ,,Unknown,Unknown,Yes,Unknown,Unknown,Unknown, , , , , , , , , , ,Y,Unknown,Yes,Unknown,Unknown,,Y, , , , , , , , , , ,Y,Y, , , , , , , ,Unknown,,Y,Unknown,,Y,,Y,,Y,"[REDACTED, MAY CONTAIN CONFIDENTIAL BUSINESS INFORMATION]",Y,"[REDACTED, MAY CONTAIN CONFIDENTIAL BUSINESS INFORMATION]",Y
753-4134,4,"Kia America, Inc.",Update,1,2023,JAN-2023,KNDC44LA9N5, ,[MAY CONTAIN PERSONALLY IDENTIFIABLE INFORMATION],Kia,EV6, ,2022, ,9747604087dd97e,10193, ,Consumer,,Y, ,, , ,, , ,, , ,,, , ,,,No,ADAS,, , , , , , , ,Y,NHTSA VOQ# 11491182,OCT-2022, ,OCT-2022,,Y,bad343affabf224,,Y,,Y,,Y,San Jose, ,CA ,,Y,Highway / Freeway,Unknown,Unknown,,Y,Unknown, , , , , , ,Y, ,,Other Fixed Object,Unknown,Unknown,,,, , , , , , , , , , , ,Proceeding Straight,Yes,Unknown,Unknown,66, , ,Y,Y, , , , , , , , ,Y, , , , , , , ,Unknown,,Y,Yes,,Y,,Y,,Y,"Unknown, see Narrative", ,"Following receipt of 10/27/2022 VOQ#5 (ODI 11491182), involving a 2022MY EV6, Kia attempted to identify the VIN which was completed on 10/31/22.  The VOQ alleges that the vehicle was being driven on the freeway with lane keep assist and adaptive cruise control when the customer took his eyes off the road to grab something from the backseat and claims the system either disengaged without warning or decided to steer to the left.  Customer further alleged the vehicle drifted 2 lanes to the left and made an impact with the center road barrier resulting in the deployment of the airbag and non-specified injuries.  Customer further alleges that the HDA (Highway Driving Assist) may not have been functioning properly.  Customer did not contact Kia regarding the incident.  The vehicle was instead located by Kia at a Copart facility.  Kia Customer Care is in the process of reaching out to the insurance company to obtain permission to inspect the vehicle.  Kia has no further information at this time.
***11/9/2022 10-Day Update Report***
Kia is tentatively scheduled to inspect the subject vehicle located at the Copart facility in San Martin, CA. on November 17, 2022.  At that time, Kia will also download/read available EDR data.  As a result, Kia has no additional information at this time.  In addition, Kia has not received any contact from the customer.
***12/15/2022 Monthly Update Report***
Kia North America Safety Engineers inspected the subject EV6 vehicle (VOQ 11491182) on 11/17/2022 at Copart, San Jose in San Martin, CA. Based on the inspection and the EDR report, no faults were found with any of the vehicle's systems and appears to be lack of driver control as mentioned by the driver in the VOQ. And per Matthew Yandrick of ODI's request, a copy of the EDR report was provided to NHTSA via the secure link-SLFTS under confidentially on 11/30/2022.
***1/17/2023 Monthly Update Report***
On 1/4/2023, Kia received an email from ODI Electronics Engineer, Matthew Yandrick, requesting additional information regarding this incident.  Below are the 3 questions from Matthew and Kia's responses which were provided to Matthew on 1/11/2023:
1)Was the steering angle parameter recorded? The EDR shows a steering input parameter.
Kia response: Yes, steering angle parameter is recorded and is identified on the report as being 0 degrees which represents a steering wheel pointed approximately straight ahead and is not a null value. Note that the steering angle is reported in increments of 5 degrees in the EDR of this vehicle.
2)The consumer alleges Lane Keep Assist was engaged. Has Kia been able to confirm this?
Kia response: No. There is no data in the EDR of this vehicle regarding any Lane Safety function status, and we have not been able to confirm if it was engaged at the time of the crash. Also, due to front end damage causing system errors, engineers were unable to access the driver-selectable settings for LKA to determine the function status (Off, Warning Only, or Active Assist).
3)The consumer alleges the incident occurred on a multi-lane road with a center barrier. Can Kia confirm the location of the incident? 
Kia response: This was an incident initiated from a VOQ and not by a communication from the consumer to Kia and thus Kia did not receive the location information.  However, in light of your request, Kia has attempted to reach out to the consumer to see if such information is available and awaiting response.",
1243-4002,4,"Subaru of America, Inc.",Update,1,2023,JAN-2023,JF2SKARC5MH, ,N/A,Subaru,Forester, ,2021, ,601dce1b92b80d9,22974, ,Consumer,,Y, ,, , ,, , ,, , ,,, , ,,,No,ADAS,, ,Y, , , , , , ,,OCT-2022, ,OCT-2022,12:50, ,7a34be589143ad8,[MAY CONTAIN PERSONALLY IDENTIFIABLE INFORMATION], ,[MAY CONTAIN PERSONALLY IDENTIFIABLE INFORMATION], ,[MAY CONTAIN PERSONALLY IDENTIFIABLE INFORMATION], ,San Luis Obispo, ,CA ,[MAY CONTAIN PERSONALLY IDENTIFIABLE INFORMATION], ,Highway / Freeway,Dry,No Unusual Conditions,65, ,Daylight,Y, , , , , , ,Y,Windy,Van,Unknown,Yes,Proceeding Straight,No,No,Y, , , , , , , , , , ,Changing Lanes,Yes,Yes,Yes,73, , , , , ,Y, , , ,Y, , ,Y,Y,Y, , , , , ,Unknown,,Y,No,,Y,,Y,,Y,"[REDACTED, MAY CONTAIN CONFIDENTIAL BUSINESS INFORMATION]",Y,"The California Highway Patrol Traffic Crash Report (TCR) indicates that the driver of the subject vehicle was travelling on [XXX] at a stated speed of 70 MPH in the LH lane approaching the second vehicle (van) which was traveling south in the RH lane. According to the customer's statement to Subaru, the customer had just changed lanes from the RH lane into the LH lane to pass the slower moving traffic. The TCR states the driver of the van indicated he was travelling at a stated speed of 40-45 MPH in the RH lane in heavy traffic with approximately 10 slow moving vehicles directly in front. The TCR concludes, for unknown reasons, as the driver of the subject vehicle approached the rear of the van, the driver allowed the subject vehicle to unsafely veer to the right. This caused the front right of the subject vehicle to collide with the left rear of the van.  The driver of the subject vehicle caused the collision by driving the subject vehicle in violation of California Vehicle Code Section 22107, (unsafe turning movement). Due to the driver's failure to maintain a straight path of travel within the left-hand lane of [XXX], the driver allowed the subject vehicle to travel to the right into the right-hand lane and caused the collision with the van. As a precautionary measure, the driver of the subject vehicle was transported to a local hospital due to possible injury with complaint of pain to the neck and back. There was no reported injury noted regarding the front passenger of the subject vehicle.
Subaru inspected the subject vehicle on 11/09/2022. [REDACTED, MAY CONTAIN CONFIDENTIAL BUSINESS INFORMATION] Based upon the results of the investigation and data acquired, Subaru found no abnormalities with any system that could have caused this crash.",Y
13781-4699,1,"Tesla, Inc.",1-Day,,,JAN-2023,5YJ3E1EA4MF, ,N/A,Tesla,Model 3, ,2021, ,e9e327dfb6daa7e,23213, ,Consumer,"[REDACTED, MAY CONTAIN CONFIDENTIAL BUSINESS INFORMATION]", ,Y,, , ,, , ,, , ,,, , ,,,No,ADAS,, , ,Y, , , , , ,,JAN-2023, ,JAN-2023,10:35, ,491d81081f70696,[MAY CONTAIN PERSONALLY IDENTIFIABLE INFORMATION], ,[MAY CONTAIN PERSONALLY IDENTIFIABLE INFORMATION], ,[MAY CONTAIN PERSONALLY IDENTIFIABLE INFORMATION], ,Los Angeles, ,CA ,[MAY CONTAIN PERSONALLY IDENTIFIABLE INFORMATION], ,Unknown,Unknown,Unknown,,Y,Unknown, , , , , , ,Y, ,,Unknown,Unknown,Yes,Unknown,Unknown,Unknown, , , , , , , , , , ,Y,Unknown,Yes,Unknown,Unknown,,Y, , , , , , , , , , ,Y,Y, , , , , , , ,Unknown,,Y,Unknown,,Y,,Y,,Y,"[REDACTED, MAY CONTAIN CONFIDENTIAL BUSINESS INFORMATION]",Y,"[REDACTED, MAY CONTAIN CONFIDENTIAL BUSINESS INFORMATION]",Y
13781-4698,1,"Tesla, Inc.",1-Day,,,JAN-2023,5YJYGAEE8MF, ,N/A,Tesla,Model Y, ,2021, ,19c72ac9ed9d0ca,27031, ,Consumer,"[REDACTED, MAY CONTAIN CONFIDENTIAL BUSINESS INFORMATION]", ,Y,, , ,, , ,, , ,,, , ,,,No,ADAS,, , ,Y, , , , , ,,JAN-2023, ,JAN-2023,19:52, ,dcdca0e10263757,[MAY CONTAIN PERSONALLY IDENTIFIABLE INFORMATION], ,[MAY CONTAIN PERSONALLY IDENTIFIABLE INFORMATION], ,[MAY CONTAIN PERSONALLY IDENTIFIABLE INFORMATION], ,Belmont, ,CA ,[MAY CONTAIN PERSONALLY IDENTIFIABLE INFORMATION], ,Unknown,Unknown,Unknown,,Y,Unknown, , , , , , ,Y, ,,Unknown,Unknown,Yes,Unknown,Unknown,Unknown, , , , , , , , , , ,Y,Unknown,Yes,Unknown,Unknown,,Y, , , , , , , , , , ,Y,Y, , , , , , , ,Unknown,,Y,Unknown,,Y,,Y,,Y,"[REDACTED, MAY CONTAIN CONFIDENTIAL BUSINESS INFORMATION]",Y,"[REDACTED, MAY CONTAIN CONFIDENTIAL BUSINESS INFORMATION]",Y
13781-4696,1,"Tesla, Inc.",1-Day,,,JAN-2023,5YJ3E1EB3JF, ,N/A,Tesla,Model 3, ,2018, ,aa47a1d980bee15,34266, ,Consumer,"[REDACTED, MAY CONTAIN CONFIDENTIAL BUSINESS INFORMATION]", ,Y,, , ,, , ,, , ,,, , ,,,No,ADAS,, , ,Y, , , , , ,,JAN-2023, ,JAN-2023,15:41, ,bd267c7684dae67,[MAY CONTAIN PERSONALLY IDENTIFIABLE INFORMATION], ,[MAY CONTAIN PERSONALLY IDENTIFIABLE INFORMATION], ,[MAY CONTAIN PERSONALLY IDENTIFIABLE INFORMATION], ,Sunol, ,CA ,[MAY CONTAIN PERSONALLY IDENTIFIABLE INFORMATION], ,Highway / Freeway,Unknown,Unknown,,Y,Unknown, , , , , , ,Y, ,,Unknown,Unknown,Yes,Unknown,Unknown,Unknown, , , , , , , , , , ,Y,Unknown,Yes,Unknown,Unknown,,Y, , , , , , , , , , ,Y,Y, , , , , , , ,Unknown,,Y,Unknown,,Y,,Y,,Y,"[REDACTED, MAY CONTAIN CONFIDENTIAL BUSINESS INFORMATION]",Y,"[REDACTED, MAY CONTAIN CONFIDENTIAL BUSINESS INFORMATION]",Y
13781-4693,1,"Tesla, Inc.",1-Day,,,JAN-2023,5YJYGDEE0MF, ,N/A,Tesla,Model Y, ,2021, ,ff6e7a17124e6c4,52529, ,Consumer,"[REDACTED, MAY CONTAIN CONFIDENTIAL BUSINESS INFORMATION]", ,Y,, , ,, , ,, , ,,, , ,,,No,ADAS,, , ,Y, , , , , ,,JAN-2023, ,JAN-2023,15:40, ,ce7c3a577443cbf,[MAY CONTAIN PERSONALLY IDENTIFIABLE INFORMATION], ,[MAY CONTAIN PERSONALLY IDENTIFIABLE INFORMATION], ,[MAY CONTAIN PERSONALLY IDENTIFIABLE INFORMATION], ,Sausalito, ,CA ,[MAY CONTAIN PERSONALLY IDENTIFIABLE INFORMATION], ,Unknown,Unknown,Unknown,,Y,Unknown, , , , , , ,Y, ,,Unknown,Unknown,Yes,Unknown,Unknown,Unknown, , , , , , , , , , ,Y,Unknown,Yes,Unknown,Unknown,,Y, , , , , , , , , , ,Y,Y, , , , , , , ,Unknown,,Y,Unknown,,Y,,Y,,Y,"[REDACTED, MAY CONTAIN CONFIDENTIAL BUSINESS INFORMATION]",Y,"[REDACTED, MAY CONTAIN CONFIDENTIAL BUSINESS INFORMATION]",Y
13781-4598,2,"Tesla, Inc.",10-Day Update,,,JAN-2023,5YJYGDEF6MF, ,N/A,Tesla,Model Y, ,2021, ,fabb6eb91aaf30a,31454, ,Consumer,"[REDACTED, MAY CONTAIN CONFIDENTIAL BUSINESS INFORMATION]", ,Y,, , ,, , ,, , ,,, , ,,,No,ADAS,, , ,Y, , , , , ,,JAN-2023, ,JAN-2023,07:07, ,149d0b37c04df22,[MAY CONTAIN PERSONALLY IDENTIFIABLE INFORMATION], ,[MAY CONTAIN PERSONALLY IDENTIFIABLE INFORMATION], ,[MAY CONTAIN PERSONALLY IDENTIFIABLE INFORMATION], ,Harbor City, ,CA ,[MAY CONTAIN PERSONALLY IDENTIFIABLE INFORMATION], ,Highway / Freeway,Dry,No Unusual Conditions,65, ,Dark - Lighted,Y, , , , , , , ,,Other Fixed Object,Unknown,Yes,,,, , , , , , , , , , , ,Proceeding Straight,Yes,Unknown,Unknown,56, ,Y,Y,Y, , , , , , , , ,Y, ,Y, ,Y,Y, , ,Unknown,,Y,Unknown,,Y,,Y,,Y,"[REDACTED, MAY CONTAIN CONFIDENTIAL BUSINESS INFORMATION]",Y,"[REDACTED, MAY CONTAIN CONFIDENTIAL BUSINESS INFORMATION]",Y